_id,Agency,City,Collision Date,Collision Time,Vehicles Involved,Trailers Involved,Number Injured,Number Dead,Number Deer,House Number,Roadway Interchange,Roadway Ramp,Roadway Id,Intersecting Road,Interchange,Feet From,Direction,Latitude,Longitude,Roadway Class,Hit and Run?,Locality,School Zone?,Rumble Strips?,Construction?,Construction Type,Light Condition,Weather Conditions,Surface Condition,Type of Median,Roadway Junction Type,Road Character,Roadway Surface,Primary Factor,Manner of Collision,Unique Location Id,Traffic Control
125,INDIANA UNIV BLOOMINGTON PD,BLOOMINGTON,2021-12-13T00:00:00,2:44 AM,2,0,0,0,0,1225,"","",BRISCOE CIRCLE,"","",,"",39.178191,-86.51999,UNKNOWN,Y,URBAN,N,N,N,"",DARK (LIGHTED),CLEAR,DRY,"",NO JUNCTION INVOLVED,CURVE/LEVEL,ASPHALT,OTHER (DRIVER) - EXPLAIN IN NARRATIVE,OTHER - EXPLAIN IN NARRATIVE,FEELN,NONE
126,ELLETTSVILLE PD,ELLETTSVILLE,2021-12-13T00:00:00,7:22 AM,3,0,0,0,0,"","","",SR 46,W JUDY ST,"",,"",39.24424,-86.6344,STATE ROAD,N,URBAN,N,N,N,"",DARK (NOT LIGHTED),CLEAR,DRY,"",NO JUNCTION INVOLVED,CURVE/GRADE,ASPHALT,FOLLOWING TOO CLOSELY,REAR END,JUDYSTSR46W,LANE CONTROL
127,MONROE SD,BLOOMINGTON,2021-12-13T00:00:00,8:38 AM,2,0,0,0,0,"","","",N SMITH PIKE,W WOODYARD RD,"",,"",0,0,LOCAL/CITY ROAD,N,RURAL,N,N,Y,INTERMITTENT OR MOVING WORK,DAYLIGHT,CLEAR,DRY,"",T-INTERSECTION,STRAIGHT/LEVEL,ASPHALT,FOLLOWING TOO CLOSELY,REAR END,NSMITHPIKEWWOODYARDRD,STOP SIGN
128,BLOOMINGTON PD,BLOOMINGTON,2021-12-13T00:00:00,12:50 PM,2,,1,0,0,"","","",SR 46,S PETE ELLIS DR,"",0,"",39.16416758,-86.49452395,LOCAL/CITY ROAD,"",URBAN,N,N,N,"",DAYLIGHT,CLEAR,DRY,"",NO JUNCTION INVOLVED,"",ASPHALT,FOLLOWING TOO CLOSELY,REAR END,SPETEELLISDRE3RDST,""
129,BLOOMINGTON PD,BLOOMINGTON,2021-12-13T00:00:00,1:42 PM,2,,0,0,0,"","","",W 3RD ST,I-69,"",0,"",39.164522,-86.573015,LOCAL/CITY ROAD,"",URBAN,N,N,N,"",DAYLIGHT,CLEAR,DRY,"",NO JUNCTION INVOLVED,"",ASPHALT,FOLLOWING TOO CLOSELY,REAR END,W3RDSTI69,""
130,INDIANA UNIV BLOOMINGTON PD,BLOOMINGTON,2021-12-13T00:00:00,2:20 PM,2,0,0,0,0,"","","",N JORDAN AVE,E LAW LN,"",,"",39.173403,-86.515448,LOCAL/CITY ROAD,N,URBAN,N,N,N,"",DAYLIGHT,CLEAR,DRY,"",NO JUNCTION INVOLVED,STRAIGHT/LEVEL,ASPHALT,FOLLOWING TOO CLOSELY,REAR END,ELAWLNJORDANAVE,LANE CONTROL
131,BLOOMINGTON PD,BLOOMINGTON,2021-12-13T00:00:00,4:58 PM,3,,2,0,0,"","","",W 11TH ST,W FOUNTAIN DR,"",0,"",39.17324966,-86.55506436,LOCAL/CITY ROAD,"",URBAN,N,N,N,"",DAWN/DUSK,CLEAR,DRY,"",T-INTERSECTION,"",ASPHALT,UNSAFE SPEED,RIGHT ANGLE,WFOUNTAINDRW11THST,""
132,MONROE SD,ELLETTSVILLE,2021-12-13T00:00:00,6:15 PM,2,0,1,0,0,"","","",N SMITH PIKE,W CARMOLA DR,"",200,S,39.204448,-86.583168,LOCAL/CITY ROAD,N,URBAN,N,N,N,"",DARK (NOT LIGHTED),CLEAR,DRY,"",T-INTERSECTION,STRAIGHT/HILLCREST,ASPHALT,FOLLOWING TOO CLOSELY,REAR END,NSMITHPIKEWCARMOLADR,LANE CONTROL
133,BLOOMINGTON PD,BLOOMINGTON,2021-12-13T00:00:00,8:25 PM,2,0,0,0,0,"","","",E CATHCART ST,S IRA ST,"",,"",,,LOCAL/CITY ROAD,Y,URBAN,N,N,N,"",DARK (LIGHTED),CLEAR,DRY,"",TRAFFIC CIRCLE/ROUNDABOUT,STRAIGHT/GRADE,ASPHALT,UNSAFE BACKING,BACKING CRASH,ECATHCARTSTSIRAST,ROUNDABOUT INTERSECTION
134,INDIANA UNIV BLOOMINGTON PD,BLOOMINGTON,2021-12-13T00:00:00,8:33 PM,2,0,0,0,0,"","","",N UNION ST,E 10TH ST,"",,"",39.17275109,-86.50961181,LOCAL/CITY ROAD,N,URBAN,N,N,N,"",DARK (LIGHTED),CLEAR,DRY,"",FOUR-WAY INTERSECTION,STRAIGHT/LEVEL,ASPHALT,FAILURE TO YIELD RIGHT OF WAY,RIGHT ANGLE,NUNIONSTUNIONST,TRAFFIC CONTROL SIGNAL
135,BLOOMINGTON PD,BLOOMINGTON,2021-12-13T00:00:00,9:11 PM,1,0,0,0,0,2017,"","",W ALLEN ST,S BEECH TREE LN,"",,"",39.155743,-86.559044,LOCAL/CITY ROAD,Y,URBAN,N,N,N,"",DARK (NOT LIGHTED),CLEAR,DRY,"",NO JUNCTION INVOLVED,STRAIGHT/LEVEL,ASPHALT,RAN OFF ROAD RIGHT,RAN OFF ROAD,WALLENST,NONE
136,BLOOMINGTON PD,BLOOMINGTON,2021-12-13T00:00:00,9:15 PM,2,0,0,0,0,"","","",S LINCOLN ST,E ALLEN ST,"",30,N,0,0,LOCAL/CITY ROAD,Y,URBAN,N,N,N,"",DARK (LIGHTED),CLEAR,DRY,"",FOUR-WAY INTERSECTION,STRAIGHT/LEVEL,ASPHALT,UNSAFE SPEED,RIGHT TURN,SLINCOLNSTWALLENST,NONE
137,BLOOMINGTON PD,BLOOMINGTON,2021-12-13T00:00:00,9:18 PM,1,,0,0,0,"","","",E HUNTER AVE,S FACULTY AVE,"",0,"",39.16224113,-86.52100272,LOCAL/CITY ROAD,"",URBAN,N,N,N,"",DARK (NOT LIGHTED),CLEAR,DRY,"",T-INTERSECTION,"",ASPHALT,UNSAFE SPEED,RAN OFF ROAD,SFACULTYAVEEHUNTERAVE,""
138,BLOOMINGTON PD,BLOOMINGTON,2021-12-12T00:00:00,10:55 AM,2,0,4,0,0,"","","",S COLLEGE MALL RD,E COVENANTER DR,"",,"",39.155152,-86.497888,LOCAL/CITY ROAD,N,URBAN,N,N,N,"",DAYLIGHT,CLEAR,DRY,"",FOUR-WAY INTERSECTION,STRAIGHT/LEVEL,ASPHALT,FAILURE TO YIELD RIGHT OF WAY,HEAD ON BETWEEN TWO MOTOR VEHICLES,COLLEGEMALLRDCOVENANTERDR,TRAFFIC CONTROL SIGNAL
139,BLOOMINGTON PD,BLOOMINGTON,2021-12-12T00:00:00,2:42 PM,2,,1,0,0,"","","",SR 46,E 7TH ST,"",0,"",39.1643172,-86.4982863,STATE ROAD,"",URBAN,N,N,N,"",DAYLIGHT,CLEAR,DRY,"",NO JUNCTION INVOLVED,"",ASPHALT,FOLLOWING TOO CLOSELY,REAR END,SR46E3RD,""
140,ELLETTSVILLE PD,ELLETTSVILLE,2021-12-12T00:00:00,3:13 PM,2,0,0,0,0,"","","",SR 46,N MATTHEWS DR (S),"",,"",39.234768,-86.626384,LOCAL/CITY ROAD,N,URBAN,N,N,N,"",DAYLIGHT,CLEAR,DRY,"",T-INTERSECTION,STRAIGHT/GRADE,ASPHALT,FAILURE TO YIELD RIGHT OF WAY,SAME DIRECTION SIDESWIPE,MATTHEWSDRTEMPERANCEST,LANE CONTROL
141,BLOOMINGTON PD,BLOOMINGTON,2021-12-12T00:00:00,7:00 PM,1,,0,0,0,"","","",E GRIMES LN,S WASHINGTON ST,"",0,"",39.15330776,-86.53260671,LOCAL/CITY ROAD,"",URBAN,N,N,N,"",DARK (LIGHTED),CLEAR,DRY,"",FOUR-WAY INTERSECTION,"",ASPHALT,OTHER (DRIVER) - EXPLAIN IN NARRATIVE,RAN OFF ROAD,SWASHINGTONSTEGRIMESLN,""
142,BLOOMINGTON PD,BLOOMINGTON,2021-12-11T00:00:00,2:10 AM,1,,0,0,0,"","","",N WALNUT ST,E 12TH ST,"",0,"",39.17432441,-86.53357691,LOCAL/CITY ROAD,"",URBAN,N,N,N,"",DARK (NOT LIGHTED),RAIN,WET,"",T-INTERSECTION,"",ASPHALT,FAILURE TO MAINTAIN LANE,RAN OFF ROAD,NWALNUTSTE12THST,""
143,INDIANA UNIV BLOOMINGTON PD,BLOOMINGTON,2021-12-11T00:00:00,12:55 PM,2,0,0,0,0,"","","",SR 45/46,E 17TH ST,"",,"",0,0,STATE ROAD,N,URBAN,N,N,N,"",DAYLIGHT,CLOUDY,DRY,"",T-INTERSECTION,STRAIGHT/LEVEL,ASPHALT,FAILURE TO YIELD RIGHT OF WAY,RIGHT ANGLE,EAST17THSTSR46,TRAFFIC CONTROL SIGNAL
144,INDIANA UNIV BLOOMINGTON PD,BLOOMINGTON,2021-12-11T00:00:00,1:44 PM,2,0,0,0,0,"","","",SR 45/46,E 17TH ST,"",,"",0,0,STATE ROAD,N,URBAN,N,N,N,"",DAYLIGHT,CLOUDY,DRY,"",T-INTERSECTION,STRAIGHT/LEVEL,ASPHALT,UNSAFE LANE MOVEMENT,SAME DIRECTION SIDESWIPE,EAST17THSTSR46,TRAFFIC CONTROL SIGNAL
145,BLOOMINGTON PD,BLOOMINGTON,2021-12-11T00:00:00,2:48 PM,1,,2,0,0,"","","",W RALSTON DR,S ROGERS ST,"",0,"",39.1418933,-86.540032,LOCAL/CITY ROAD,"",URBAN,N,N,N,"",DAYLIGHT,CLEAR,DRY,"",NO JUNCTION INVOLVED,"",ASPHALT,FAILURE TO MAINTAIN LANE,OTHER - EXPLAIN IN NARRATIVE,WRALSTONDRSROGERSST,""
146,INDIANA UNIV BLOOMINGTON PD,BLOOMINGTON,2021-12-11T00:00:00,3:10 PM,2,0,0,0,0,"","","",SR 45/46,E DISCOVERY PKWY,"",200,S,39.15410496,-86.504121,STATE ROAD,N,URBAN,N,N,N,"",DAYLIGHT,CLEAR,DRY,"",NO JUNCTION INVOLVED,STRAIGHT/GRADE,ASPHALT,OTHER (VEHICLE) - EXPLAIN IN NARRATIVE,OTHER - EXPLAIN IN NARRATIVE,DISCOVERYPKWYSR45S,NONE
147,BLOOMINGTON PD,BLOOMINGTON,2021-12-11T00:00:00,4:19 PM,2,0,0,0,0,"","","",N WALNUT ST,E 14TH ST,"",,"",39.175952,-86.53344,LOCAL/CITY ROAD,N,URBAN,N,N,N,"",DAYLIGHT,CLEAR,DRY,"",FOUR-WAY INTERSECTION,STRAIGHT/GRADE,CONCRETE,FAILURE TO YIELD RIGHT OF WAY,RIGHT ANGLE,E14THSTNWALNUTST,NONE
148,BLOOMINGTON PD,BLOOMINGTON,2021-12-10T00:00:00,2:04 AM,1,,0,0,0,"","","",N ADAMS ST,W FOUNTAIN DR,"",50,"",39.169759,-86.549643,LOCAL/CITY ROAD,"",URBAN,N,N,N,"",DAYLIGHT,CLOUDY,WET,"",NO JUNCTION INVOLVED,"",ASPHALT,OTHER (DRIVER) - EXPLAIN IN NARRATIVE,OTHER - EXPLAIN IN NARRATIVE,NORTHADAMSSTREETFOUNTAINDRIVE,""
149,INDIANA UNIV BLOOMINGTON PD,BLOOMINGTON,2021-12-10T00:00:00,2:10 AM,1,,0,0,0,"","","",E 10TH ST,N JEFFERSON ST,"",146,"",39.17148678,-86.50672264,LOCAL/CITY ROAD,"",URBAN,N,N,N,"",DARK (LIGHTED),CLEAR,WET,"",NO JUNCTION INVOLVED,"",ASPHALT,SPEED TOO FAST FOR WEATHER CONDITIONS,RAN OFF ROAD,NJEFFERSONSTE10THST,""
150,BLOOMINGTON PD,BLOOMINGTON,2021-12-10T00:00:00,5:42 AM,3,,1,0,0,"","","",N COLLEGE AVE,W 10TH ST,"",0,"",39.17170997,-86.53485722,LOCAL/CITY ROAD,"",URBAN,N,N,N,"",DARK (LIGHTED),CLOUDY,WET,"",NO JUNCTION INVOLVED,"",ASPHALT,FOLLOWING TOO CLOSELY,REAR END,W10THSTNCOLLEGEAVE,""
151,BLOOMINGTON PD,BLOOMINGTON,2021-12-10T00:00:00,6:39 AM,2,,1,0,0,"","",Y,SR 45,I-69 S,"",0,"",39.14683178,-86.57465763,LOCAL/CITY ROAD,"",URBAN,N,N,N,"",DARK (LIGHTED),CLOUDY,WET,"",FOUR-WAY INTERSECTION,"",ASPHALT,FAILURE TO YIELD RIGHT OF WAY,RIGHT ANGLE,WESTSTATEROAD45I69SBOFFRAMP,""
152,MONROE SD,BLOOMINGTON,2021-12-10T00:00:00,8:07 AM,1,0,0,0,0,"","","",S FAIRFAX RD,E SCHACHT RD,"",,"",39.106882,-86.523763,COUNTY ROAD,N,RURAL,N,N,N,"",DAYLIGHT,RAIN,WET,"",NO JUNCTION INVOLVED,CURVE/GRADE,ASPHALT,RAN OFF ROAD RIGHT,RAN OFF ROAD,ESCHACHTRDSFAIRFAXRD,LANE CONTROL
153,BLOOMINGTON PD,BLOOMINGTON,2021-12-10T00:00:00,11:06 AM,2,,0,0,0,"","","",W 2ND ST,S COLLEGE AVE,"",0,"",39.161366,-86.534943,LOCAL/CITY ROAD,"",URBAN,N,N,N,"",DAYLIGHT,RAIN,WET,"",FOUR-WAY INTERSECTION,"",ASPHALT,FAILURE TO MAINTAIN LANE,SAME DIRECTION SIDESWIPE,W2NDSTSCOLLEGEAVE,""
154,BLOOMINGTON PD,BLOOMINGTON,2021-12-10T00:00:00,11:09 AM,2,,0,0,0,"","","",W COUNTRY CLUB DR,S MADISON ST,"",0,"",39.135986,-86.537158,LOCAL/CITY ROAD,"",URBAN,N,N,N,"",DAYLIGHT,CLOUDY,WET,"",T-INTERSECTION,"",ASPHALT,FOLLOWING TOO CLOSELY,REAR END,WCOUNTRYCLUBDRSMADISONST,""
155,ISP BLOOMINGTON 33,BLOOMINGTON,2021-12-10T00:00:00,11:17 AM,2,,0,0,0,"","","",S OLD SR 37,SR 37,"",0,"",39.08456079,-86.54296385,STATE ROAD,"",RURAL,N,N,N,"",DAYLIGHT,CLOUDY,WET,"",FOUR-WAY INTERSECTION,"",ASPHALT,SPEED TOO FAST FOR WEATHER CONDITIONS,OPPOSITE DIRECTION SIDESWIPE,STATERD37SOLDSTATEROAD37,""
156,MONROE SD,BLOOMINGTON,2021-12-10T00:00:00,12:16 PM,2,0,0,0,0,"","","",W TAPP RD,S RAYLE PL,"",,"",39.13704,-86.577504,COUNTY ROAD,N,URBAN,N,N,N,"",DAYLIGHT,CLOUDY,WET,"",T-INTERSECTION,STRAIGHT/LEVEL,ASPHALT,FOLLOWING TOO CLOSELY,REAR END,RAYLESTTAPPRD,NONE
157,BLOOMINGTON PD,BLOOMINGTON,2021-12-10T00:00:00,1:15 PM,1,,0,0,0,"","","",W 11TH ST,N MORTON ST,"",0,"",39.17328278,-86.53630922,LOCAL/CITY ROAD,"",URBAN,N,N,N,"",DAYLIGHT,CLOUDY,WET,"",FOUR-WAY INTERSECTION,"",ASPHALT,OTHER (DRIVER) - EXPLAIN IN NARRATIVE,OTHER - EXPLAIN IN NARRATIVE,W11THSTNMORTONST,""
158,ISP GHQ 99,BLOOMINGTON,2021-12-10T00:00:00,2:40 PM,2,,0,0,0,"","","",W BAYLES RD,N SR 37 BUSINESS,"",0,"",39.2154833,-86.53701575,STATE ROAD,"",RURAL,N,N,N,"",DAYLIGHT,CLOUDY,DRY,"",T-INTERSECTION,"",ASPHALT,FAILURE TO YIELD RIGHT OF WAY,LEFT TURN,WBAYLESRDNWALNUTST,""
159,ELLETTSVILLE PD,ELLETTSVILLE,2021-12-10T00:00:00,4:39 PM,1,0,0,0,0,"","","",SR 46,W DEPOT ST,"",,"",39.232048,-86.619696,LOCAL/CITY ROAD,N,URBAN,N,N,N,"",DAYLIGHT,RAIN,WET,"",T-INTERSECTION,CURVE/LEVEL,ASPHALT,OTHER (ENVIRONMENTAL) - EXPLAIN IN NARR,RAN OFF ROAD,DEPOTRDMAINST,NONE
160,INDIANA UNIV BLOOMINGTON PD,BLOOMINGTON,2021-12-10T00:00:00,4:50 PM,2,0,0,0,0,"","","",SR 45/46,E 10TH ST,"",400,N,0,0,STATE ROAD,N,URBAN,N,N,N,"",DAYLIGHT,RAIN,WET,"",NO JUNCTION INVOLVED,STRAIGHT/LEVEL,ASPHALT,FOLLOWING TOO CLOSELY,REAR END,SR46NDRIVETOHILLTOPGARDENS,NONE
161,BLOOMINGTON PD,BLOOMINGTON,2021-12-10T00:00:00,5:45 PM,2,0,0,0,0,"","","",E GRIMES LN,S GRANT ST,"",,"",39.153323,-86.530278,LOCAL/CITY ROAD,Y,URBAN,N,N,N,"",DARK (NOT LIGHTED),RAIN,WET,"",FOUR-WAY INTERSECTION,STRAIGHT/LEVEL,CONCRETE,FAILURE TO YIELD RIGHT OF WAY,LEFT/RIGHT TURN,EGRIMESLNSGRANTST,NONE
162,BLOOMINGTON PD,BLOOMINGTON,2021-12-10T00:00:00,7:02 PM,2,,0,0,0,"","","",S SMITH RD,E MOORES PIKE,"",0,"",39.150206,-86.480449,LOCAL/CITY ROAD,"",URBAN,N,N,N,"",DARK (LIGHTED),RAIN,WET,"",FOUR-WAY INTERSECTION,"",ASPHALT,FAILURE TO YIELD RIGHT OF WAY,HEAD ON BETWEEN TWO MOTOR VEHICLES,SSMITHRDEMOORESPIKE,""
163,BLOOMINGTON PD,BLOOMINGTON,2021-12-10T00:00:00,8:56 PM,1,,1,0,0,"","","",S WALNUT ST,E RIDGEVIEW DR,"",0,"",39.131951,-86.531435,LOCAL/CITY ROAD,"",URBAN,N,N,N,"",DARK (NOT LIGHTED),RAIN,WET,"",NO JUNCTION INVOLVED,"",ASPHALT,PEDESTRIAN ACTION,OPPOSITE DIRECTION SIDESWIPE,SWALNUTSTERIDGEVIEWDR,""
164,INDIANA UNIV BLOOMINGTON PD,BLOOMINGTON,2021-12-09T00:00:00,6:34 AM,2,0,0,0,0,"","","",N FORREST AVE (E),E 7TH ST,"",,"",39.168475,-86.522317,LOCAL/CITY ROAD,N,URBAN,N,N,N,"",DARK (LIGHTED),CLEAR,DRY,"",T-INTERSECTION,STRAIGHT/LEVEL,ASPHALT,FAILURE TO YIELD RIGHT OF WAY,RIGHT ANGLE,E7THSTNFORRESTAVE,STOP SIGN
165,MONROE SD,BLOOMINGTON,2021-12-09T00:00:00,8:45 AM,2,0,2,0,0,"","","",S GARRISON CHAPEL RD,W GARDNER RD,"",,"",39.134144,-86.642864,LOCAL/CITY ROAD,N,RURAL,N,N,N,"",DAYLIGHT,CLEAR,DRY,"",T-INTERSECTION,STRAIGHT/HILLCREST,ASPHALT,DISREGARD SIGNAL/REG SIGN,LEFT/RIGHT TURN,SOUTHGARRISONCHAPELRDWESTGARDNERRD,STOP SIGN
166,BLOOMINGTON PD,BLOOMINGTON,2021-12-09T00:00:00,11:16 AM,2,,0,0,0,"","","",SR 46,KINGSTON DR S,"",250,"",39.164238,-86.493068,LOCAL/CITY ROAD,"",URBAN,N,N,N,"",DAYLIGHT,CLEAR,DRY,"",NO JUNCTION INVOLVED,"",ASPHALT,FAILURE TO YIELD RIGHT OF WAY,RIGHT ANGLE,KINGSTONDRE3RDST,""
167,BLOOMINGTON PD,BLOOMINGTON,2021-12-09T00:00:00,3:05 PM,2,,0,0,0,"","","",SR 45,S LIBERTY DR,"",0,"",39.1450008,-86.5777444,LOCAL/CITY ROAD,"",URBAN,N,N,N,"",DAYLIGHT,CLEAR,DRY,"",FOUR-WAY INTERSECTION,"",ASPHALT,FAILURE TO YIELD RIGHT OF WAY,SAME DIRECTION SIDESWIPE,WSTATERD45SLIBERTYDR,""
168,BLOOMINGTON PD,BLOOMINGTON,2021-12-09T00:00:00,4:45 PM,2,,0,0,0,"","","",SR 45,W INDUSTRIAL BLVD,"",200,"",39.14345171,-86.580518,LOCAL/CITY ROAD,"",URBAN,N,N,N,"",DAWN/DUSK,CLOUDY,DRY,"",NO JUNCTION INVOLVED,"",ASPHALT,IMPROPER LANE USAGE,LEFT/RIGHT TURN,WSTATERD45INDUSTRIALBLVD,""
169,MONROE SD,BLOOMINGTON,2021-12-09T00:00:00,5:46 PM,1,0,0,0,0,"","","",E BENDER RD,"","",1493,S,39.163648,-86.438,UNKNOWN,N,RURAL,N,N,N,"",DARK (NOT LIGHTED),CLEAR,DRY,"",NO JUNCTION INVOLVED,CURVE/LEVEL,ASPHALT,RAN OFF ROAD RIGHT,RAN OFF ROAD,EBENDERRDESTATE46RD,NONE
170,BLOOMINGTON PD,BLOOMINGTON,2021-12-09T00:00:00,5:57 PM,1,0,1,0,0,"","","",S LEONARD SPRINGS RD,ENTRANCE TO WOODLAND SPRINGS APARTMENTS (NORTH),"",150,S,39.11913733,-86.582605,LOCAL/CITY ROAD,N,URBAN,N,N,N,"",DARK (LIGHTED),CLEAR,DRY,"",FOUR-WAY INTERSECTION,STRAIGHT/LEVEL,ASPHALT,OVERCORRECTING/OVERSTEERING,NON-COLLISION,SOUTHLEONARDSPRINGSRDWESTBARGELN,NONE
171,ELLETTSVILLE PD,ELLETTSVILLE,2021-12-09T00:00:00,6:19 PM,2,0,0,0,0,"","","",SR 46,ENTRANCE TO CIRCLE S,"",200,W,39.21225894,-86.58785197,STATE ROAD,N,URBAN,N,N,N,"",DARK (LIGHTED),CLEAR,DRY,"",NO JUNCTION INVOLVED,STRAIGHT/LEVEL,ASPHALT,FOLLOWING TOO CLOSELY,REAR END,DEERPARKDRSR46W,NONE
172,MONROE SD,BLOOMINGTON,2021-12-09T00:00:00,7:08 PM,1,0,0,0,0,"","","",S WALNUT ST PIKE,E HOLLAND DR,"",,"",39.117938,-86.526609,COUNTY ROAD,N,URBAN,N,N,N,"",DARK (NOT LIGHTED),CLEAR,DRY,"",NO JUNCTION INVOLVED,STRAIGHT/GRADE,ASPHALT,OTHER (DRIVER) - EXPLAIN IN NARRATIVE,RAN OFF ROAD,EHOLLANDDRWALNUTSTPIKE,NONE
173,DNR LAW ENFORCEMENT,BLOOMINGTON,2021-12-08T00:00:00,1:30 AM,1,0,0,0,1,"","","",W OLD SR 37,E ANDERSON RD,"",200,S,,,STATE ROAD,N,URBAN,N,N,N,"",DARK (NOT LIGHTED),CLEAR,DRY,"",NO JUNCTION INVOLVED,STRAIGHT/LEVEL,ASPHALT,ANIMAL/OBJECT IN ROADWAY,COLLISION WITH DEER,ANDERSONRDRDSR37N,NONE
174,BLOOMINGTON PD,BLOOMINGTON,2021-12-08T00:00:00,3:00 AM,2,,1,0,0,"","","",E 3RD ST,S GRANT ST,"",0,"",39.164579,-86.52984,LOCAL/CITY ROAD,"",URBAN,N,N,Y,X-OVER/LANE SHIFT,DAYLIGHT,CLEAR,DRY,"",FOUR-WAY INTERSECTION,"",ASPHALT,FAILURE TO YIELD RIGHT OF WAY,RIGHT ANGLE,SOUTHGRANTSTREETEAST3RDSTREET,""
175,ELLETTSVILLE PD,ELLETTSVILLE,2021-12-08T00:00:00,3:39 AM,2,0,1,0,0,"","","",SR 46,N LAKEVIEW DR,"",1000,W,39.22281255,-86.60841255,STATE ROAD,N,URBAN,N,N,N,"",DAYLIGHT,CLEAR,DRY,"",T-INTERSECTION,STRAIGHT/GRADE,ASPHALT,FAILURE TO YIELD RIGHT OF WAY,HEAD ON BETWEEN TWO MOTOR VEHICLES,LAKEVIEWDRSR46W,LANE CONTROL
176,BLOOMINGTON PD,BLOOMINGTON,2021-12-08T00:00:00,10:03 AM,2,,0,0,0,"","","",W ISAACS DR,S PATTERSON DR,"",0,"",39.16342,-86.551249,LOCAL/CITY ROAD,"",URBAN,N,N,N,"",DAYLIGHT,CLEAR,DRY,"",FOUR-WAY INTERSECTION,"",ASPHALT,FOLLOWING TOO CLOSELY,REAR END,W3RDSTSPATTERSONDR,""
177,INDIANA UNIV BLOOMINGTON PD,BLOOMINGTON,2021-12-08T00:00:00,10:15 AM,2,0,0,0,0,"","","",N INDIANA AVE,E 10TH ST,"",,"",39.1716283,-86.5021667,LOCAL/CITY ROAD,Y,URBAN,N,N,N,"",DAYLIGHT,CLEAR,DRY,"",FOUR-WAY INTERSECTION,STRAIGHT/GRADE,ASPHALT,UNSAFE BACKING,BACKING CRASH,INDIANAAVETENTHST,TRAFFIC CONTROL SIGNAL
178,MONROE SD,BLOOMINGTON,2021-12-08T00:00:00,10:34 AM,1,0,0,0,0,"","","",N STONE MILL RD,"","",1500,S,39.0566588,-86.536839,COUNTY ROAD,N,RURAL,N,N,N,"",DAYLIGHT,CLEAR,DRY,"",NO JUNCTION INVOLVED,CURVE/LEVEL,GRAVEL,ANIMAL/OBJECT IN ROADWAY,OTHER - EXPLAIN IN NARRATIVE,NSTONEMILLRDWBAYLESRD,NONE
179,INDIANA UNIV BLOOMINGTON PD,BLOOMINGTON,2021-12-08T00:00:00,10:45 AM,2,0,0,0,0,"","","",E 10TH ST,MID-BLOCK CROSSWALK,"",300,E,39.171606,-86.51902795,"",Y,URBAN,N,N,N,"",DAYLIGHT,CLEAR,DRY,"",NO JUNCTION INVOLVED,STRAIGHT/LEVEL,ASPHALT,FOLLOWING TOO CLOSELY,REAR END,FEELNTENTHST,NONE
180,BLOOMINGTON PD,BLOOMINGTON,2021-12-08T00:00:00,11:26 AM,2,,0,0,0,"","","",E 3RD ST,S GRANT ST,"",0,"",39.16457865,-86.52985401,LOCAL/CITY ROAD,"",URBAN,N,N,N,"",DARK (LIGHTED),CLEAR,DRY,"",FOUR-WAY INTERSECTION,"",ASPHALT,FAILURE TO YIELD RIGHT OF WAY,RIGHT ANGLE,SGRANTSTE3RDST,""
181,MONROE SD,BLOOMINGTON,2021-12-08T00:00:00,11:44 AM,2,1,1,0,0,"","","",SR 45,S DARRELL DR,"",1000,E,39.11500139,-86.62746724,STATE ROAD,N,RURAL,N,Y,N,"",DAYLIGHT,CLEAR,DRY,"",T-INTERSECTION,STRAIGHT/GRADE,ASPHALT,FOLLOWING TOO CLOSELY,REAR END,DINSMORERDSR45W,NONE
182,MONROE SD,BLOOMINGTON,2021-12-08T00:00:00,12:24 PM,1,0,0,0,0,708,"","",S CORY LN,"","",,"",39.16075886,-86.58281371,COUNTY ROAD,N,URBAN,N,N,N,"",DAYLIGHT,CLEAR,DRY,"",NO JUNCTION INVOLVED,STRAIGHT/GRADE,ASPHALT,OTHER (VEHICLE) - EXPLAIN IN NARRATIVE,RAN OFF ROAD,SCORYLN,NONE
183,BLOOMINGTON PD,BLOOMINGTON,2021-12-08T00:00:00,12:39 PM,2,,1,0,0,"","","",S LIBERTY DR,ENTRANCE TO STEAK 'N SHAKE,"",3000,"",39.1450914,-86.5778283,LOCAL/CITY ROAD,"",URBAN,N,N,N,"",DAYLIGHT,CLEAR,DRY,"",FOUR-WAY INTERSECTION,"",ASPHALT,FAILURE TO YIELD RIGHT OF WAY,HEAD ON BETWEEN TWO MOTOR VEHICLES,WSTRD45SLIBERTYDR,""