_id,Agency,City,Collision Date,Collision Time,Vehicles Involved,Trailers Involved,Number Injured,Number Dead,Number Deer,House Number,Roadway Interchange,Roadway Ramp,Roadway Id,Intersecting Road,Interchange,Feet From,Direction,Latitude,Longitude,Roadway Class,Hit and Run?,Locality,School Zone?,Rumble Strips?,Construction?,Construction Type,Light Condition,Weather Conditions,Surface Condition,Type of Median,Roadway Junction Type,Road Character,Roadway Surface,Primary Factor,Manner of Collision,Unique Location Id,Traffic Control
184,MONROE SD,BLOOMINGTON,2021-12-08T00:00:00,4:52 PM,1,0,0,0,0,"","","",S SPRINGVILLE RD,"","",1200,S,38.99626853,-86.59223069,COUNTY ROAD,N,RURAL,N,N,N,"",DAYLIGHT,CLOUDY,DRY,"",NO JUNCTION INVOLVED,STRAIGHT/LEVEL,ASPHALT,UNSAFE SPEED,RAN OFF ROAD,POPCORNRDSPRINGVILLERD,NONE
185,BLOOMINGTON PD,BLOOMINGTON,2021-12-08T00:00:00,5:02 PM,2,,0,0,0,BLD E,"","",S MARKET PL,"","",0,"",0,0,LOCAL/CITY ROAD,"",URBAN,N,N,N,"",DAYLIGHT,CLEAR,DRY,"",NO JUNCTION INVOLVED,"",ASPHALT,FAILURE TO YIELD RIGHT OF WAY,RIGHT ANGLE,SMARKETPL,""
186,BLOOMINGTON PD,BLOOMINGTON,2021-12-08T00:00:00,7:12 PM,1,,0,0,1,"","","",S HIGHLAND AVE,E WINSLOW RD,"",0,"",39.13598,-86.51746,LOCAL/CITY ROAD,"",URBAN,N,N,N,"",DARK (LIGHTED),CLEAR,DRY,"",FOUR-WAY INTERSECTION,"",ASPHALT,ANIMAL/OBJECT IN ROADWAY,COLLISION WITH DEER,SHIGHLANDAVEEWINSLOWRD,""
187,BLOOMINGTON PD,BLOOMINGTON,2021-12-07T00:00:00,2:30 AM,2,,0,0,0,"","","",N PARK AVE,E COTTAGE GROVE AVE,"",0,"",39.172531,-86.52467,LOCAL/CITY ROAD,"",URBAN,N,N,N,"",DAYLIGHT,CLOUDY,DRY,"",FOUR-WAY INTERSECTION,"",ASPHALT,VIEW OBSTRUCTED,RIGHT ANGLE,NORTHPARKAVENUEEASTCOTTAGEGROVEAVENUE,""
188,BLOOMINGTON PD,BLOOMINGTON,2021-12-07T00:00:00,5:18 AM,2,,1,0,0,"","","",W PATTERSON DR,S ROGERS ST,"",0,"",39.153791,-86.538749,LOCAL/CITY ROAD,"",URBAN,N,N,N,"",DARK (LIGHTED),CLOUDY,DRY,"",FOUR-WAY INTERSECTION,"",ASPHALT,FAILURE TO YIELD RIGHT OF WAY,RIGHT ANGLE,WESTPATTERSONDRIVESOUTHROGERSSTREET,""
189,INDIANA UNIV BLOOMINGTON PD,BLOOMINGTON,2021-12-07T00:00:00,7:20 AM,2,0,0,0,0,"","","",SR 45/46,E DISCOVERY PKWY,"",,"",39.1733022,-86.4955237,STATE ROAD,N,URBAN,N,N,N,"",DARK (NOT LIGHTED),CLOUDY,DRY,"",T-INTERSECTION,STRAIGHT/LEVEL,ASPHALT,FOLLOWING TOO CLOSELY,REAR END,EDISCOVERYPKWYSR4546N,TRAFFIC CONTROL SIGNAL
190,BLOOMINGTON PD,BLOOMINGTON,2021-12-07T00:00:00,7:46 AM,2,,1,0,0,"","","",S WOODLAWN AVE,E HUNTER AVE,"",0,"",39.162217,-86.522622,"","",URBAN,N,N,N,"",DAWN/DUSK,CLOUDY,DRY,"",FOUR-WAY INTERSECTION,"",ASPHALT,FAILURE TO YIELD RIGHT OF WAY,RIGHT ANGLE,S.WOODLAWNE.HUNTERAVE,""
191,BLOOMINGTON PD,BLOOMINGTON,2021-12-07T00:00:00,10:30 AM,2,0,0,0,0,"","","",S ROGERS ST,W KIRKWOOD AVE,"",,"",39.166672,-86.538608,LOCAL/CITY ROAD,Y,URBAN,N,N,N,"",DAYLIGHT,CLOUDY,DRY,"",FOUR-WAY INTERSECTION,STRAIGHT/LEVEL,ASPHALT,FOLLOWING TOO CLOSELY,REAR END,SROGERSSTWKIRKWOODAVE,TRAFFIC CONTROL SIGNAL
192,BLOOMINGTON PD,BLOOMINGTON,2021-12-07T00:00:00,10:56 AM,2,,0,0,0,1307,"","",W 3RD ST,ENTRANCE TO MARATHON GAS STATION,"",250,E,39.16342,-86.551249,LOCAL/CITY ROAD,"",URBAN,N,N,N,"",DAYLIGHT,CLOUDY,DRY,"",NO JUNCTION INVOLVED,"",ASPHALT,FAILURE TO YIELD RIGHT OF WAY,RIGHT ANGLE,W.3rdStS.PattersonDr,""
193,BLOOMINGTON PD,BLOOMINGTON,2021-12-07T00:00:00,11:27 AM,2,,0,0,0,1332,"","",W ARCH HAVEN AVE,"","",0,"",0,0,LOCAL/CITY ROAD,"",URBAN,N,N,N,"",DAYLIGHT,CLEAR,DRY,"",NO JUNCTION INVOLVED,"",ASPHALT,FAILURE TO YIELD RIGHT OF WAY,BACKING CRASH,1332WARCHHAVENAVE,""
194,BLOOMINGTON PD,BLOOMINGTON,2021-12-07T00:00:00,12:40 PM,1,0,0,0,1,"","","",SR 46,E 7TH ST,"",,"",39.167648,-86.500096,STATE ROAD,N,URBAN,N,N,N,"",DAYLIGHT,CLEAR,DRY,"",T-INTERSECTION,STRAIGHT/LEVEL,ASPHALT,ANIMAL/OBJECT IN ROADWAY,COLLISION WITH DEER,E7THSTSR46N,NONE
195,BLOOMINGTON PD,BLOOMINGTON,2021-12-07T00:00:00,5:05 PM,2,,0,0,0,"","","",S LIBERTY DR,SR 48,"",0,"",39.16461399,-86.57914271,LOCAL/CITY ROAD,"",URBAN,N,N,N,"",DAWN/DUSK,CLOUDY,DRY,"",FOUR-WAY INTERSECTION,"",ASPHALT,FOLLOWING TOO CLOSELY,REAR END,WEST3RDSTREETSOUTHLIBERTYDRIVE,""
196,BLOOMINGTON PD,BLOOMINGTON,2021-12-07T00:00:00,5:25 PM,2,0,0,0,0,"","","",E HILLSIDE DR,S DUNN ST,"",50,E,39.1505226,-86.52814712,LOCAL/CITY ROAD,Y,URBAN,N,N,N,"",DAYLIGHT,CLOUDY,DRY,"",T-INTERSECTION,STRAIGHT/LEVEL,ASPHALT,LEFT OF CENTER,OPPOSITE DIRECTION SIDESWIPE,EHILLSIDEDRSDUNNST,NONE
197,ELLETTSVILLE PD,ELLETTSVILLE,2021-12-07T00:00:00,5:40 PM,1,0,0,0,1,"","","",W MCNEELY ST,N SHELLY DR,"",,"",39.237613,-86.603171,LOCAL/CITY ROAD,N,URBAN,N,N,N,"",DARK (NOT LIGHTED),CLEAR,DRY,"",T-INTERSECTION,STRAIGHT/LEVEL,ASPHALT,ANIMAL/OBJECT IN ROADWAY,COLLISION WITH DEER,MCNEELYSTSHELLYDR,LANE CONTROL
198,INDIANA UNIV BLOOMINGTON PD,BLOOMINGTON,2021-12-07T00:00:00,5:58 PM,1,0,1,0,0,"","","",N FEE LN,FOSTER CIRCLE,"",167,N,38.88206602,-86.4845865,LOCAL/CITY ROAD,N,URBAN,N,N,N,"",DARK (LIGHTED),CLOUDY,DRY,"",NO JUNCTION INVOLVED,STRAIGHT/LEVEL,ASPHALT,PEDESTRIAN ACTION,RIGHT ANGLE,FEELNTHIRTEENTHST,NONE
199,BLOOMINGTON PD,BLOOMINGTON,2021-12-07T00:00:00,7:47 PM,2,0,0,0,0,"","","",E 3RD ST,S COLLEGE MALL RD,"",,"",39.16424,-86.4984,LOCAL/CITY ROAD,Y,URBAN,N,N,N,"",DARK (LIGHTED),CLEAR,DRY,"",FOUR-WAY INTERSECTION,STRAIGHT/LEVEL,ASPHALT,UNSAFE LANE MOVEMENT,SAME DIRECTION SIDESWIPE,E3RDSTSCOLLEGEMALLRD,TRAFFIC CONTROL SIGNAL
200,BLOOMINGTON PD,BLOOMINGTON,2021-12-06T00:00:00,12:10 AM,1,,0,0,0,"","","",S WALNUT ST,W 3RD ST,"",53,"",39.16472006,-86.5336842,LOCAL/CITY ROAD,"",URBAN,N,N,N,"",DARK (LIGHTED),BLOWING SAND/SOIL/SNOW,DRY,"",FIVE POINT OR MORE,"",ASPHALT,ACCELERATOR FAILURE OR DEFECTIVE,BACKING CRASH,W3rdStSWalnutSt,""
201,ELLETTSVILLE PD,ELLETTSVILLE,2021-12-06T00:00:00,7:25 AM,2,0,0,0,0,"","","",SR 46,N HARTSTRAIT RD,"",,"",39.227624,-86.615919,STATE ROAD,N,URBAN,N,N,N,"",DARK (LIGHTED),CLEAR,DRY,"",NO JUNCTION INVOLVED,STRAIGHT/LEVEL,ASPHALT,FAILURE TO YIELD RIGHT OF WAY,HEAD ON BETWEEN TWO MOTOR VEHICLES,HARTSTRAITRDSR46W,TRAFFIC CONTROL SIGNAL
202,MONROE SD,BLOOMINGTON,2021-12-06T00:00:00,7:46 AM,2,0,0,0,0,"","","",S HARRELL RD,"","",1000,S,39.115488,-86.498688,LOCAL/CITY ROAD,N,RURAL,N,N,N,"",DAWN/DUSK,CLOUDY,WET,"",NO JUNCTION INVOLVED,STRAIGHT/HILLCREST,ASPHALT,ROADWAY SURFACE CONDITION,REAR END,EPLATEAUPLSHARRELLRD,NONE
203,ELLETTSVILLE PD,ELLETTSVILLE,2021-12-06T00:00:00,7:47 AM,2,0,0,0,0,"","","",SR 46,N RED HILL RD,"",50,E,39.245757,-86.63672033,STATE ROAD,N,URBAN,N,N,N,"",DAYLIGHT,CLEAR,DRY,"",NO JUNCTION INVOLVED,CURVE/LEVEL,ASPHALT,FOLLOWING TOO CLOSELY,REAR END,REDHILLRDSR46W,LANE CONTROL
204,INDIANA UNIV BLOOMINGTON PD,BLOOMINGTON,2021-12-06T00:00:00,12:10 PM,2,0,1,0,0,"","","",N INDIANA AVE,E 10TH ST,"",,"",39.171653,-86.526979,LOCAL/CITY ROAD,N,URBAN,N,N,N,"",DAYLIGHT,CLEAR,DRY,"",FOUR-WAY INTERSECTION,STRAIGHT/GRADE,ASPHALT,DISREGARD SIGNAL/REG SIGN,RIGHT ANGLE,ETENTHSTNINDIANAAVE,TRAFFIC CONTROL SIGNAL
205,INDIANA UNIV BLOOMINGTON PD,BLOOMINGTON,2021-12-06T00:00:00,2:38 PM,2,0,0,0,0,"","","",E 17TH ST,N FEE LN,"",,"",39.179061,-86.51897,LOCAL/CITY ROAD,N,URBAN,N,N,N,"",DAYLIGHT,CLEAR,DRY,"",NO JUNCTION INVOLVED,STRAIGHT/LEVEL,ASPHALT,FOLLOWING TOO CLOSELY,REAR END,EAST17THSTFEELN,NONE
206,MONROE SD,BLOOMINGTON,2021-12-06T00:00:00,3:51 PM,2,0,0,0,0,"","","",E RHORER RD,S WALNUT ST PIKE,"",,"",39.12144,-86.526496,COUNTY ROAD,N,RURAL,N,N,N,"",DAYLIGHT,CLEAR,DRY,"",FOUR-WAY INTERSECTION,STRAIGHT/GRADE,ASPHALT,IMPROPER TURNING,RIGHT ANGLE,RHORERRDWALNUTSTREETPIKE,TRAFFIC CONTROL SIGNAL
207,INDIANA UNIV BLOOMINGTON PD,BLOOMINGTON,2021-12-06T00:00:00,7:26 PM,2,0,0,0,0,"","","",E 8TH ST,N FORREST AVE,"",,"",39.169461,-86.52234,LOCAL/CITY ROAD,N,URBAN,N,N,N,"",DARK (LIGHTED),CLEAR,DRY,"",NO JUNCTION INVOLVED,CURVE/LEVEL,ASPHALT,UNSAFE BACKING,BACKING CRASH,E8THSTNFORRESTAVE,NONE
208,INDIANA UNIV BLOOMINGTON PD,BLOOMINGTON,2021-12-06T00:00:00,7:35 PM,2,0,0,0,0,"","","",SR 45/46,E 17TH ST,"",,"",0,0,STATE ROAD,N,URBAN,N,N,N,"",DARK (LIGHTED),CLEAR,DRY,"",T-INTERSECTION,STRAIGHT/LEVEL,ASPHALT,DISREGARD SIGNAL/REG SIGN,LEFT TURN,EAST17THSTSR46,TRAFFIC CONTROL SIGNAL
209,MONROE SD,ELLETTSVILLE,2021-12-06T00:00:00,8:38 PM,1,0,0,0,0,"","","",N UNION VALLEY RD,W MCNEELY ST,"",,"",39.237494,-86.592763,LOCAL/CITY ROAD,N,RURAL,N,N,N,"",DARK (NOT LIGHTED),CLOUDY,WET,"",T-INTERSECTION,STRAIGHT/HILLCREST,ASPHALT,UNSAFE SPEED,RAN OFF ROAD,NUNIONVALLEYRDWMCNEELYST,STOP SIGN
210,BLOOMINGTON PD,BLOOMINGTON,2021-12-06T00:00:00,9:48 PM,2,0,0,0,0,1101,"","",S ROLLING RIDGE WAY,"","",,"",39.15255946,-86.56222887,LOCAL/CITY ROAD,Y,RURAL,N,N,N,"",DARK (LIGHTED),CLEAR,DRY,"",NO JUNCTION INVOLVED,STRAIGHT/LEVEL,ASPHALT,FOLLOWING TOO CLOSELY,REAR END,SROLLINGRIDGEWAY,NONE
211,BLOOMINGTON PD,BLOOMINGTON,2021-12-05T00:00:00,12:00 AM,2,,0,0,0,"","","",W KIRKWOOD AVE,N WALNUT ST,"",0,"",39.1666,-86.53377003,LOCAL/CITY ROAD,"",URBAN,N,N,N,"",DARK (LIGHTED),CLEAR,DRY,"",NO JUNCTION INVOLVED,"",ASPHALT,UNSAFE BACKING,BACKING CRASH,WKIRKWOODAVENWALNUTST,""
212,INDIANA UNIV BLOOMINGTON PD,BLOOMINGTON,2021-12-05T00:00:00,6:00 AM,1,0,0,0,0,"","","",E 10TH ST,N JEFFERSON ST,"",,"",0,0,LOCAL/CITY ROAD,Y,URBAN,N,N,N,"",DARK (NOT LIGHTED),CLEAR,DRY,"",NO JUNCTION INVOLVED,CURVE/LEVEL,ASPHALT,UNSAFE SPEED,RAN OFF ROAD,JEFFERSONSTUNIONVILLERD,NONE
213,ISP BLOOMINGTON 33,BLOOMINGTON,2021-12-05T00:00:00,9:47 AM,2,,0,0,0,"",30,B,W BLOOMFIELD RD,I-69 N,"",0,"",39.14942913,-86.57091326,INTERSTATE,"",URBAN,N,N,N,"",DAYLIGHT,CLOUDY,WET,"",RAMP,"",ASPHALT,UNSAFE LANE MOVEMENT,SAME DIRECTION SIDESWIPE,SR45030B,""
214,BLOOMINGTON PD,BLOOMINGTON,2021-12-05T00:00:00,3:10 PM,2,,0,0,0,"","","",W KIRKWOOD AVE,N FAIRVIEW ST,"",0,"",39.16664159,-86.54090471,LOCAL/CITY ROAD,"",URBAN,N,N,N,"",DAYLIGHT,RAIN,WET,"",FOUR-WAY INTERSECTION,"",ASPHALT,FAILURE TO YIELD RIGHT OF WAY,LEFT TURN,WKirkwoodAveSFairviewSt,""
215,BLOOMINGTON PD,BLOOMINGTON,2021-12-05T00:00:00,4:00 PM,2,,0,0,0,"","","",SR 46,SR 446,"",0,"",39.164333,-86.472159,STATE ROAD,"",URBAN,N,N,N,"",DAYLIGHT,RAIN,WET,"",T-INTERSECTION,"",ASPHALT,IMPROPER LANE USAGE,OTHER - EXPLAIN IN NARRATIVE,SSR446ESR46,""
216,ELLETTSVILLE PD,ELLETTSVILLE,2021-12-05T00:00:00,4:36 PM,2,0,0,0,0,"","","",SR 46,N SALE ST (S),"",,"",39.23384,-86.624704,STATE ROAD,N,URBAN,N,N,N,"",DAYLIGHT,RAIN,WET,"",FOUR-WAY INTERSECTION,STRAIGHT/LEVEL,ASPHALT,FAILURE TO YIELD RIGHT OF WAY,RIGHT ANGLE,SALESTSR46W,TRAFFIC CONTROL SIGNAL
217,MONROE SD,BLOOMINGTON,2021-12-05T00:00:00,5:06 PM,1,0,0,0,1,"","","",E RHORER RD,"","",300,E,39.121454,-86.51698295,LOCAL/CITY ROAD,N,URBAN,N,N,N,"",DAWN/DUSK,CLEAR,WET,"",T-INTERSECTION,STRAIGHT/HILLCREST,ASPHALT,ANIMAL/OBJECT IN ROADWAY,COLLISION WITH DEER,ERHORERRDSTWOCREEKSLN,LANE CONTROL
218,MONROE SD,BLOOMINGTON,2021-12-05T00:00:00,5:58 PM,2,0,0,0,0,1400,"","",E RHORER RD,S JAMIE LN,"",500,W,39.12152,-86.51792,LOCAL/CITY ROAD,N,URBAN,N,N,N,"",DARK (NOT LIGHTED),CLEAR,WET,"",NO JUNCTION INVOLVED,STRAIGHT/HILLCREST,ASPHALT,FOLLOWING TOO CLOSELY,REAR END,1400ERHORERRDSJAMIELN,LANE CONTROL
219,INDIANA UNIV BLOOMINGTON PD,BLOOMINGTON,2021-12-05T00:00:00,6:10 PM,2,0,0,0,0,"","","",SR 45,E DISCOVERY PKWY,"",,"",39.1755644,-86.50140874,STATE ROAD,N,URBAN,N,N,N,"",DARK (NOT LIGHTED),RAIN,WET,"",T-INTERSECTION,STRAIGHT/LEVEL,ASPHALT,FOLLOWING TOO CLOSELY,REAR END,EASTDISCOVERYPKWYSR45N,TRAFFIC CONTROL SIGNAL
220,BLOOMINGTON PD,BLOOMINGTON,2021-12-05T00:00:00,7:03 PM,2,0,1,0,0,"","","",SR 48,S GATES DR,"",,"",39.1645631,-86.5761678,LOCAL/CITY ROAD,Y,URBAN,N,N,N,"",DARK (LIGHTED),RAIN,WET,"",FOUR-WAY INTERSECTION,STRAIGHT/LEVEL,ASPHALT,OTHER (DRIVER) - EXPLAIN IN NARRATIVE,OTHER - EXPLAIN IN NARRATIVE,3RDSTGATESDR,TRAFFIC CONTROL SIGNAL
221,INDIANA UNIV BLOOMINGTON PD,BLOOMINGTON,2021-12-05T00:00:00,8:05 PM,2,0,0,0,0,"","","",E LINGELBACH LN,"","",255,W,39.176528,-86.50988893,LOCAL/CITY ROAD,Y,URBAN,N,N,N,"",DARK (LIGHTED),CLEAR,DRY,"",NO JUNCTION INVOLVED,STRAIGHT/LEVEL,ASPHALT,UNSAFE LANE MOVEMENT,REAR END,ELINGELBACHLNNUNIONST,NONE
222,BLOOMINGTON PD,BLOOMINGTON,2021-12-05T00:00:00,10:20 PM,1,,1,0,0,"",99,B,W BLOOMFIELD RD,I-69 N,"",0,"",39.14960386,-86.57111711,STATE ROAD,"",URBAN,N,N,N,"",DARK (LIGHTED),RAIN,WET,"",RAMP,"",ASPHALT,ROADWAY SURFACE CONDITION,RIGHT ANGLE,WBloomfieldRd099B,""
223,INDIANA UNIV BLOOMINGTON PD,BLOOMINGTON,2021-12-05T00:00:00,10:35 PM,2,0,1,0,0,"","","",S INDIANA AVE,E 3RD ST,"",,"",39.164287,-86.526904,LOCAL/CITY ROAD,N,URBAN,N,N,N,"",DARK (LIGHTED),RAIN,WET,"",FOUR-WAY INTERSECTION,STRAIGHT/LEVEL,ASPHALT,DISREGARD SIGNAL/REG SIGN,RIGHT ANGLE,HENDERSONSTTHIRDST,TRAFFIC CONTROL SIGNAL
224,ISP BLOOMINGTON 33,ELLETTSVILLE,2021-12-04T00:00:00,9:30 AM,2,,0,0,0,"","","",SR 46,W ARLINGTON RD,"",0,"",39.20551074,-86.5785861,STATE ROAD,"",RURAL,N,N,N,"",DARK (NOT LIGHTED),CLEAR,DRY,"",NO JUNCTION INVOLVED,"",ASPHALT,FAILURE TO YIELD RIGHT OF WAY,SAME DIRECTION SIDESWIPE,STATERD46ARLINGTON,""
225,INDIANA UNIV BLOOMINGTON PD,BLOOMINGTON,2021-12-04T00:00:00,12:00 PM,2,0,1,0,0,"","","",SR 45/46,E DISCOVERY PKWY,"",500,N,39.22845141,-86.50140874,STATE ROAD,N,URBAN,N,N,N,"",DAYLIGHT,CLEAR,DRY,"",NO JUNCTION INVOLVED,STRAIGHT/LEVEL,ASPHALT,DRIVER DISTRACTED - EXPLAIN IN NARRATIVE,REAR END,EASTDISCOVERYPKWYSR45S,NONE
226,BLOOMINGTON PD,BLOOMINGTON,2021-12-04T00:00:00,12:32 PM,1,,0,0,0,804,"","",W DODDS ST,"","",0,"",39.1575477,-86.5428768,LOCAL/CITY ROAD,"",URBAN,N,N,N,"",DARK (NOT LIGHTED),CLEAR,DRY,"",NO JUNCTION INVOLVED,"",GRAVEL,ANIMAL/OBJECT IN ROADWAY,RAN OFF ROAD,WDoddsSt,""
227,MONROE SD,BLOOMINGTON,2021-12-04T00:00:00,1:50 PM,2,0,0,0,0,"","","",I-69 S,N SR 37 BUSINESS,"",200,N,0,0,INTERSTATE,N,URBAN,N,Y,N,"",DAYLIGHT,CLOUDY,DRY,"",NO JUNCTION INVOLVED,STRAIGHT/GRADE,CONCRETE,UNSAFE LANE MOVEMENT,SAME DIRECTION SIDESWIPE,I69S123.0,NONE
228,BLOOMINGTON PD,BLOOMINGTON,2021-12-04T00:00:00,2:29 PM,2,,1,0,0,"","","",S COLLEGE AVE,W 2ND ST,"",0,"",39.161366,-86.534943,LOCAL/CITY ROAD,"",URBAN,N,N,N,"",DAYLIGHT,CLEAR,DRY,"",FOUR-WAY INTERSECTION,"",ASPHALT,FOLLOWING TOO CLOSELY,REAR END,W.2NDSTS.COLLEGEAVE,""
229,BLOOMINGTON PD,BLOOMINGTON,2021-12-04T00:00:00,3:25 PM,3,,0,0,0,"","","",W 3RD ST,I-69,"",0,"",0,0,LOCAL/CITY ROAD,"",URBAN,N,N,N,"",DAYLIGHT,CLEAR,DRY,"",INTERCHANGE,"",ASPHALT,FOLLOWING TOO CLOSELY,REAR END,W3rdStI69Overpass,""
230,INDIANA UNIV BLOOMINGTON PD,BLOOMINGTON,2021-12-04T00:00:00,3:50 PM,2,0,1,0,0,"","","",SR 45/46,E DISCOVERY PKWY,"",30,S,39.17205676,-86.5042064,STATE ROAD,N,URBAN,N,N,N,"",DAYLIGHT,CLEAR,DRY,"",NO JUNCTION INVOLVED,STRAIGHT/LEVEL,ASPHALT,FOLLOWING TOO CLOSELY,REAR END,EDISCOVERYPKWYSR30S,NONE
231,BLOOMINGTON PD,BLOOMINGTON,2021-12-04T00:00:00,3:55 PM,2,,0,0,0,"","","",SR 46,S PETE ELLIS DR,"",0,"",39.164236,-86.494902,LOCAL/CITY ROAD,"",URBAN,N,N,N,"",DAYLIGHT,CLEAR,DRY,"",FOUR-WAY INTERSECTION,"",ASPHALT,FOLLOWING TOO CLOSELY,REAR END,E3rdStSPeteEllisDr,""
232,BLOOMINGTON PD,BLOOMINGTON,2021-12-04T00:00:00,4:55 PM,2,,0,0,0,"","","",SR 46,SR 46,"",0,"",39.164333,-86.472159,LOCAL/CITY ROAD,"",URBAN,N,N,N,"",DAYLIGHT,CLEAR,DRY,"",FOUR-WAY INTERSECTION,"",ASPHALT,IMPROPER LANE USAGE,SAME DIRECTION SIDESWIPE,SR46E3rdSt,""
233,BLOOMINGTON PD,BLOOMINGTON,2021-12-03T00:00:00,3:22 AM,2,,0,0,0,"","","",N COLLEGE AVE,W KIRKWOOD AVE,"",0,"",39.166587,-86.534893,LOCAL/CITY ROAD,"",URBAN,N,N,N,"",DAYLIGHT,CLEAR,DRY,"",FOUR-WAY INTERSECTION,"",ASPHALT,DISREGARD SIGNAL/REG SIGN,RIGHT ANGLE,WestKirkwoodAvenueNorthCollegeAvenue,""
234,MONROE SD,BLOOMINGTON,2021-12-03T00:00:00,3:47 AM,1,0,0,0,0,"",114,1,I-69 N,SR 37,"",,"",0,0,INTERSTATE,N,RURAL,N,N,N,"",DARK (NOT LIGHTED),CLEAR,WET,"",INTERCHANGE,CURVE/LEVEL,ASPHALT,RAN OFF ROAD RIGHT,RAN OFF ROAD,I69N,NONE
235,BLOOMINGTON PD,BLOOMINGTON,2021-12-03T00:00:00,4:10 AM,2,,0,0,0,"","","",W ISAACS DR,S DOLIMAH AVE,"",0,"",39.16342,-86.551249,LOCAL/CITY ROAD,"",URBAN,N,N,N,"",DAYLIGHT,CLEAR,DRY,"",NO JUNCTION INVOLVED,"",ASPHALT,VIEW OBSTRUCTED,SAME DIRECTION SIDESWIPE,WestIsaacDriveSouthPattersonDrive,""
236,BLOOMINGTON PD,BLOOMINGTON,2021-12-03T00:00:00,6:02 AM,1,,1,0,0,2510,"","",EASTLAND PLAZA,"","",0,"",39.164272,-86.50232131,UNKNOWN,"",URBAN,N,N,N,"",DARK (LIGHTED),CLEAR,DRY,"",NO JUNCTION INVOLVED,"",ASPHALT,OTHER (DRIVER) - EXPLAIN IN NARRATIVE,OTHER - EXPLAIN IN NARRATIVE,E3RDST,""
237,BLOOMINGTON PD,"",2021-12-03T00:00:00,8:50 AM,2,,1,0,0,"","","",S ROGERS ST,W 2ND ST,"",0,"",39.16138,-86.53867,LOCAL/CITY ROAD,"",URBAN,N,N,N,"",DAYLIGHT,CLEAR,DRY,"",NO JUNCTION INVOLVED,"",ASPHALT,DRIVER DISTRACTED - EXPLAIN IN NARRATIVE,REAR END,W.2ndStreetS.Rogers,""
238,BLOOMINGTON PD,BLOOMINGTON,2021-12-03T00:00:00,11:23 AM,2,,0,0,0,"","","",W 3RD ST,I-69,"",0,"",0,0,LOCAL/CITY ROAD,"",URBAN,N,N,N,"",DAYLIGHT,CLEAR,DRY,"",FOUR-WAY INTERSECTION,"",CONCRETE,FOLLOWING TOO CLOSELY,REAR END,W3RDSTI69/SR37,""
239,BLOOMINGTON PD,BLOOMINGTON,2021-12-03T00:00:00,11:25 AM,2,,2,0,0,"","","",S JORDAN AVE,E ATWATER AVE,"",0,"",39.16309795,-86.5164215,LOCAL/CITY ROAD,"",URBAN,N,N,N,"",DAYLIGHT,CLEAR,DRY,"",FOUR-WAY INTERSECTION,"",ASPHALT,FAILURE TO YIELD RIGHT OF WAY,RIGHT ANGLE,SJORDANAVEEATWATERAVE,""
240,INDIANA UNIV BLOOMINGTON PD,BLOOMINGTON,2021-12-03T00:00:00,11:40 AM,2,0,0,0,0,"","","",S HIGHLAND AVE,E ATWATER AVE,"",,"",39.16307,-86.517712,LOCAL/CITY ROAD,N,URBAN,N,N,N,"",DAYLIGHT,CLEAR,DRY,"",NO JUNCTION INVOLVED,STRAIGHT/GRADE,ASPHALT,DRIVER DISTRACTED - EXPLAIN IN NARRATIVE,REAR END,ATWATERAVEHIGHLANDAVE,NONE
241,ELLETTSVILLE PD,ELLETTSVILLE,2021-12-03T00:00:00,1:53 PM,2,0,1,0,0,"","","",W MAPLE GROVE RD,N MATTHEWS DR,"",,"",39.245408,-86.6204,COUNTY ROAD,N,URBAN,N,N,B,"",DAYLIGHT,CLEAR,DRY,"",FOUR-WAY INTERSECTION,STRAIGHT/LEVEL,ASPHALT,DISREGARD SIGNAL/REG SIGN,RIGHT ANGLE,MAPLEGROVERDMATTHEWSDR,STOP SIGN
242,BLOOMINGTON PD,BLOOMINGTON,2021-12-03T00:00:00,2:10 PM,2,,0,0,0,"","","",W 17TH ST,W ARLINGTON RD,"",0,"",39.17928755,-86.547442,LOCAL/CITY ROAD,"",URBAN,N,N,N,"",DAYLIGHT,CLEAR,DRY,"",TRAFFIC CIRCLE/ROUNDABOUT,"",ASPHALT,FAILURE TO YIELD RIGHT OF WAY,SAME DIRECTION SIDESWIPE,WArlingtonRdW17thSt,""
243,INDIANA UNIV BLOOMINGTON PD,BLOOMINGTON,2021-12-03T00:00:00,4:50 PM,2,0,0,0,0,801,"","",E ATWATER AVE,"","",420,N,39.20756859,-86.52313903,UNKNOWN,N,URBAN,N,N,N,"",DAYLIGHT,CLEAR,DRY,"",NO JUNCTION INVOLVED,STRAIGHT/LEVEL,ASPHALT,UNSAFE BACKING,BACKING CRASH,ATWATERAVE,NONE
244,MONROE SD,BLOOMINGTON,2021-12-03T00:00:00,6:42 PM,1,0,0,0,1,"","","",W OLD SR 37,"","",2500,N,39.50513578,-86.499266,STATE ROAD,N,RURAL,N,N,N,"",DARK (NOT LIGHTED),CLEAR,DRY,"",NO JUNCTION INVOLVED,CURVE/HILLCREST,ASPHALT,ANIMAL/OBJECT IN ROADWAY,COLLISION WITH DEER,EROBINSONRDSR37N,NONE