_id,Agency,City,Collision Date,Collision Time,Vehicles Involved,Trailers Involved,Number Injured,Number Dead,Number Deer,House Number,Roadway Interchange,Roadway Ramp,Roadway Id,Intersecting Road,Interchange,Feet From,Direction,Latitude,Longitude,Roadway Class,Hit and Run?,Locality,School Zone?,Rumble Strips?,Construction?,Construction Type,Light Condition,Weather Conditions,Surface Condition,Type of Median,Roadway Junction Type,Road Character,Roadway Surface,Primary Factor,Manner of Collision,Unique Location Id,Traffic Control
245,INDIANA UNIV BLOOMINGTON PD,BLOOMINGTON,2021-12-03T00:00:00,8:25 PM,2,0,0,0,0,"","","",E ATWATER AVE,S JORDAN AVE,"",,"",39.163051,-86.516389,LOCAL/CITY ROAD,N,URBAN,N,N,N,"",DARK (NOT LIGHTED),CLEAR,DRY,"",FOUR-WAY INTERSECTION,STRAIGHT/GRADE,ASPHALT,DISREGARD SIGNAL/REG SIGN,RIGHT ANGLE,ATWATERAVEJORDANAVE,STOP SIGN
246,BLOOMINGTON PD,BLOOMINGTON,2021-12-03T00:00:00,8:42 PM,2,,1,0,0,"","","",N WALNUT ST,W 9TH ST,"",211,"",39.17012659,-86.53356456,LOCAL/CITY ROAD,"",URBAN,N,N,N,"",DARK (LIGHTED),CLEAR,DRY,"",NO JUNCTION INVOLVED,"",ASPHALT,FAILURE TO MAINTAIN LANE,REAR END,NWALNUTSTE9THST,""
247,ISP BLOOMINGTON 33,BLOOMINGTON,2021-12-02T00:00:00,11:30 AM,1,,0,0,0,"","","",I-69 N,"","",0,"",39.14188323,-86.57295206,INTERSTATE,"",RURAL,N,N,N,"",DAYLIGHT,CLEAR,DRY,"",NO JUNCTION INVOLVED,"",ASPHALT,DRIVER ILLNESS,OTHER - EXPLAIN IN NARRATIVE,I-69,""
248,BLOOMINGTON PD,BLOOMINGTON,2021-12-02T00:00:00,2:18 PM,2,,0,0,0,"","","",SR 48,S CURRY PIKE,"",0,"",39.16465,-86.582939,LOCAL/CITY ROAD,"",URBAN,N,N,N,"",DAYLIGHT,CLEAR,DRY,"",FOUR-WAY INTERSECTION,"",ASPHALT,FAILURE TO YIELD RIGHT OF WAY,RIGHT ANGLE,W3rdStSCurryPike,""
249,BLOOMINGTON PD,BLOOMINGTON,2021-12-02T00:00:00,2:41 PM,2,,0,0,0,505,"","",W 17TH ST,ENTRANCE TO SMOKIN' JACK'S RIB SHACK,"",300,W,39.178997,-86.53773,LOCAL/CITY ROAD,"",URBAN,N,N,N,"",DAYLIGHT,CLEAR,DRY,"",NO JUNCTION INVOLVED,"",ASPHALT,FAILURE TO YIELD RIGHT OF WAY,RIGHT ANGLE,W.17THSTN.MADISONST,""
250,BLOOMINGTON PD,BLOOMINGTON,2021-12-02T00:00:00,3:15 PM,2,0,0,0,0,"","","",S WALNUT ST,ENTRANCE TO SOUTH PARK SHOPPING CENTER,"",,"",39.121463,-86.531363,LOCAL/CITY ROAD,N,URBAN,N,N,N,"",DAYLIGHT,CLEAR,DRY,"",FOUR-WAY INTERSECTION,STRAIGHT/LEVEL,ASPHALT,OBSTRUCTION NOT MARKED,RIGHT ANGLE,GORDONPIKESWALNUTST,TRAFFIC CONTROL SIGNAL
251,BLOOMINGTON PD,BLOOMINGTON,2021-12-02T00:00:00,5:11 PM,1,1,0,0,0,1700,"","",N WASHINGTON ST,ENTRANCE TO PARKVIEW APARTMENTS,"",,"",39.22464,-86.539696,LOCAL/CITY ROAD,Y,URBAN,N,N,N,"",DAYLIGHT,CLEAR,DRY,"",T-INTERSECTION,STRAIGHT/LEVEL,ASPHALT,OTHER (ENVIRONMENTAL) - EXPLAIN IN NARR,OTHER - EXPLAIN IN NARRATIVE,1700NWALNUTSTSWASHINGTONST,NONE
252,MONROE SD,BLOOMINGTON,2021-12-02T00:00:00,5:58 PM,2,0,0,0,0,"","","",SR 46,N SMITH PIKE,"",,"",39.210144,-86.5832,STATE ROAD,N,URBAN,N,N,N,"",DARK (LIGHTED),CLEAR,DRY,"",FOUR-WAY INTERSECTION,STRAIGHT/GRADE,ASPHALT,DRIVER DISTRACTED - EXPLAIN IN NARRATIVE,REAR END,NORTHSMITHPIKESR46W,TRAFFIC CONTROL SIGNAL
253,BLOOMINGTON PD,BLOOMINGTON,2021-12-02T00:00:00,7:12 PM,2,,0,0,0,3327,"","",S CEDARWOOD CIR,"","",0,"",39.130527,-86.504173,LOCAL/CITY ROAD,"",URBAN,N,N,N,"",DAYLIGHT,CLEAR,DRY,"",NO JUNCTION INVOLVED,"",ASPHALT,DRIVER DISTRACTED - EXPLAIN IN NARRATIVE,REAR END,SCedarwoodCircle,""
254,BLOOMINGTON PD,BLOOMINGTON,2021-12-01T00:00:00,3:44 AM,2,,0,0,0,"","","",SR 48,RUNKLE LN,"",50,"",39.164714,-86.579129,LOCAL/CITY ROAD,"",URBAN,N,N,N,"",DAYLIGHT,CLOUDY,WET,"",NO JUNCTION INVOLVED,"",CONCRETE,FAILURE TO YIELD RIGHT OF WAY,RIGHT ANGLE,WestThirdStreetRunkleLane,""
255,INDIANA UNIV BLOOMINGTON PD,BLOOMINGTON,2021-12-01T00:00:00,7:13 AM,2,0,0,0,1,"","","",SR 45/46,N HEADLEY RD,"",50,E,39.16839031,-86.50061849,STATE ROAD,N,URBAN,N,N,N,"",DAWN/DUSK,RAIN,WET,"",NO JUNCTION INVOLVED,STRAIGHT/LEVEL,ASPHALT,ANIMAL/OBJECT IN ROADWAY,COLLISION WITH DEER,NHEADLEYRDSR46E,NONE
256,MONROE SD,BLOOMINGTON,2021-12-01T00:00:00,7:36 AM,2,0,0,0,0,"","","",S WALNUT ST PIKE,E RHORER RD,"",,"",39.121463,-86.531363,COUNTY ROAD,N,RURAL,N,N,N,"",DAYLIGHT,RAIN,WET,"",NO JUNCTION INVOLVED,STRAIGHT/GRADE,ASPHALT,FOLLOWING TOO CLOSELY,REAR END,ERHORERRDSWALNUTSTREETPIKE,TRAFFIC CONTROL SIGNAL
257,BLOOMINGTON PD,BLOOMINGTON,2021-12-01T00:00:00,7:42 AM,2,0,1,0,0,"","","",N WALNUT ST,W 15TH ST,"",,"",39.176848,-86.533424,LOCAL/CITY ROAD,N,URBAN,N,N,N,"",DAWN/DUSK,RAIN,WET,"",FOUR-WAY INTERSECTION,STRAIGHT/GRADE,ASPHALT,FAILURE TO YIELD RIGHT OF WAY,RIGHT ANGLE,NWALNUTSTW15THST,STOP SIGN
258,BLOOMINGTON PD,BLOOMINGTON,2021-12-01T00:00:00,8:27 AM,2,,0,0,0,"","","",SR 46,S SMITH RD,"",0,"",39.164229,-86.4812199,LOCAL/CITY ROAD,"",URBAN,N,N,N,"",DAYLIGHT,RAIN,WET,"",FOUR-WAY INTERSECTION,"",ASPHALT,FOLLOWING TOO CLOSELY,REAR END,SSMITHRDE3RDST,""
259,ISP BLOOMINGTON 33,BLOOMINGTON,2021-12-01T00:00:00,8:50 AM,1,,0,0,0,"","","",SR 48,"","",2730,E,39.16847989,-86.67057342,STATE ROAD,"",RURAL,N,N,N,"",DAYLIGHT,CLOUDY,WET,"",NO JUNCTION INVOLVED,"",ASPHALT,"",RAN OFF ROAD,SR482730FT.EASTOFVERNALPIKE,""
260,ISP BLOOMINGTON 33,BLOOMINGTON,2021-12-01T00:00:00,8:55 AM,2,,0,0,0,"",Y,118C,I-69 S,SR 48,"",0,"",39.16483652,-86.57391734,INTERSTATE,"",URBAN,N,N,N,"",DAYLIGHT,RAIN,WET,"",RAMP,"",ASPHALT,SPEED TOO FAST FOR WEATHER CONDITIONS,REAR END,I69118C,""
261,ISP BLOOMINGTON 33,BLOOMINGTON,2021-12-01T00:00:00,9:39 AM,2,,0,0,0,"","","",I-69 S,"","",898,"",39.22940548,-86.54457998,INTERSTATE,"",RURAL,N,N,N,"",DAYLIGHT,CLOUDY,WET,"",NO JUNCTION INVOLVED,"",ASPHALT,UNSAFE LANE MOVEMENT,SAME DIRECTION SIDESWIPE,I69121,""
262,BLOOMINGTON PD,BLOOMINGTON,2021-12-01T00:00:00,12:12 PM,3,,0,0,0,"","","",SR 46,E 7TH ST,"",0,"",0,0,LOCAL/CITY ROAD,"",URBAN,N,N,N,"",DAYLIGHT,RAIN,WET,"",NO JUNCTION INVOLVED,"",ASPHALT,FOLLOWING TOO CLOSELY,REAR END,NSTRD46E7THST,""
263,INDIANA UNIV BLOOMINGTON PD,BLOOMINGTON,2021-12-01T00:00:00,1:10 PM,2,0,0,0,0,"","","",N UNION ST,ENTRANCE TO EIGANMANN HALL PARKING LOT,"",200,S,39.15041136,-86.509445,LOCAL/CITY ROAD,N,URBAN,N,N,N,"",DAYLIGHT,RAIN,WET,"",T-INTERSECTION,STRAIGHT/LEVEL,ASPHALT,FAILURE TO YIELD RIGHT OF WAY,RIGHT ANGLE,NUNIONSTTENTHST,NONE
264,BLOOMINGTON PD,BLOOMINGTON,2021-12-01T00:00:00,2:07 PM,1,,0,0,0,1900,"","",E WINSLOW RD,S HIGH ST,"",1000,"",39.13596462,-86.51055466,LOCAL/CITY ROAD,"",URBAN,N,N,N,"",DAYLIGHT,CLOUDY,WET,"",NO JUNCTION INVOLVED,"",ASPHALT,OVERCORRECTING/OVERSTEERING,RAN OFF ROAD,S.HIGHST1900EWINSLOWRD,""
265,BLOOMINGTON PD,BLOOMINGTON,2021-12-01T00:00:00,2:46 PM,2,,0,0,0,"","","",W 7TH ST,N COLLEGE AVE,"",0,"",39.168546,-86.534862,LOCAL/CITY ROAD,"",URBAN,N,N,N,"",DAYLIGHT,CLOUDY,WET,"",FOUR-WAY INTERSECTION,"",ASPHALT,IMPROPER TURNING,LEFT TURN,W7thStNCollegeAve,""
266,ELLETTSVILLE PD,ELLETTSVILLE,2021-12-01T00:00:00,3:32 PM,2,0,1,0,0,"","","",SR 46,ENTRANCE TO CHICAGO'S PIZZA,"",600,W,39.22214601,-86.6072898,STATE ROAD,N,URBAN,N,N,N,"",DAYLIGHT,CLEAR,DRY,"",T-INTERSECTION,STRAIGHT/GRADE,ASPHALT,DRIVER DISTRACTED - EXPLAIN IN NARRATIVE,REAR END,LAKEVIEWDRSR46E,LANE CONTROL
267,MONROE SD,BLOOMINGTON,2021-12-01T00:00:00,3:41 PM,2,0,0,0,0,"","","",SR 46,N CAPITOL AVE,"",1000,N,39.22281255,-86.60841255,STATE ROAD,N,RURAL,N,N,N,"",DAYLIGHT,CLEAR,WET,"",NO JUNCTION INVOLVED,STRAIGHT/LEVEL,ASPHALT,FOLLOWING TOO CLOSELY,REAR END,NLAKEVIEWDRSR46W,NONE
268,INDIANA UNIV BLOOMINGTON PD,BLOOMINGTON,2021-12-01T00:00:00,5:50 PM,4,0,0,0,0,"","","",E 17TH ST,N JORDAN AVE (E),"",,"",39.178844,-86.51245,LOCAL/CITY ROAD,N,URBAN,N,N,N,"",DARK (LIGHTED),CLOUDY,WET,"",NO JUNCTION INVOLVED,STRAIGHT/GRADE,ASPHALT,FOLLOWING TOO CLOSELY,REAR END,EAST17THSTJORDANAVE,NONE
269,MONROE SD,BLOOMINGTON,2021-12-01T00:00:00,7:16 PM,1,0,0,0,0,"","","",W TAPP RD,I-69,"",,"",0,0,"",Y,URBAN,N,N,N,"",DARK (LIGHTED),CLEAR,WET,"",RAMP,STRAIGHT/GRADE,ASPHALT,RAN OFF ROAD RIGHT,RAN OFF ROAD,SR37TAPPRD,YIELD SIGN
270,MONROE SD,BLOOMINGTON,2021-12-01T00:00:00,7:41 PM,2,0,0,0,0,"","","",W ELLER RD,S WESTMONT AVE,"",,"",0,0,COUNTY ROAD,N,URBAN,N,N,N,"",DARK (NOT LIGHTED),CLEAR,DRY,"",NO JUNCTION INVOLVED,STRAIGHT/HILLCREST,ASPHALT,IMPROPER PASSING,HEAD ON BETWEEN TWO MOTOR VEHICLES,EASTMONTSTFULLERTONPIKE,NONE
271,MONROE SD,BLOOMINGTON,2021-12-01T00:00:00,8:37 PM,1,0,0,0,0,"","","",SR 45,E MARTIN DR,"",200,W,39.20432248,-86.46359046,STATE ROAD,N,RURAL,N,N,N,"",DARK (NOT LIGHTED),CLOUDY,WET,"",NO JUNCTION INVOLVED,CURVE/GRADE,ASPHALT,RAN OFF ROAD RIGHT,RAN OFF ROAD,MARTINDRSR45E,NONE
272,ELLETTSVILLE PD,ELLETTSVILLE,2021-11-30T00:00:00,4:02 AM,2,0,0,0,0,"","","",SR 46,N TUPELO DR,"",150,E,39.212935,-86.58968498,STATE ROAD,N,URBAN,N,N,N,"",DAYLIGHT,CLEAR,DRY,"",T-INTERSECTION,CURVE/LEVEL,ASPHALT,FAILURE TO YIELD RIGHT OF WAY,RIGHT ANGLE,SR46WTUPELOLN,LANE CONTROL
273,ELLETTSVILLE PD,ELLETTSVILLE,2021-11-30T00:00:00,6:30 AM,2,0,0,0,0,"","","",W VINE ST,N SALE ST,"",,"",39.234384,-86.624064,LOCAL/CITY ROAD,N,URBAN,N,N,N,"",DARK (LIGHTED),CLEAR,DRY,"",FOUR-WAY INTERSECTION,STRAIGHT/LEVEL,ASPHALT,OVERCORRECTING/OVERSTEERING,OPPOSITE DIRECTION SIDESWIPE,SALESTVINEST,LANE CONTROL
274,INDIANA UNIV BLOOMINGTON PD,BLOOMINGTON,2021-11-30T00:00:00,9:35 AM,2,0,0,0,0,"","","",S HAWTHORNE DR,E ATWATER AVE,"",,"",39.163089,-86.520197,LOCAL/CITY ROAD,N,URBAN,N,N,N,"",DAYLIGHT,CLEAR,DRY,"",FOUR-WAY INTERSECTION,STRAIGHT/LEVEL,ASPHALT,FAILURE TO YIELD RIGHT OF WAY,LEFT TURN,ATWATERAVEHAWTHORNELN,STOP SIGN
275,BLOOMINGTON PD,BLOOMINGTON,2021-11-30T00:00:00,12:15 PM,2,0,1,0,0,2623,"","",N WALNUT ST,"","",,"",39.193616,-86.533736,LOCAL/CITY ROAD,N,URBAN,N,N,N,"",DAYLIGHT,CLEAR,DRY,"",NO JUNCTION INVOLVED,STRAIGHT/LEVEL,ASPHALT,FAILURE TO YIELD RIGHT OF WAY,LEFT TURN,2623NWALNUTST,NONE
276,MONROE SD,BLOOMINGTON,2021-11-30T00:00:00,4:15 PM,2,0,0,0,0,"","","",SR 48,S GARRISON CHAPEL RD,"",,"",0,0,STATE ROAD,N,RURAL,N,N,N,"",DAYLIGHT,CLEAR,DRY,"",T-INTERSECTION,CURVE/LEVEL,ASPHALT,FOLLOWING TOO CLOSELY,REAR END,GARRISONCHAPELRDSR48W,LANE CONTROL
277,MONROE SD,BLOOMINGTON,2021-11-29T00:00:00,3:52 AM,2,0,0,0,0,"","","",SR 46,W ARLINGTON RD,"",,"",39.209808,-86.582672,STATE ROAD,N,RURAL,N,N,N,"",DAYLIGHT,CLEAR,DRY,"",FOUR-WAY INTERSECTION,STRAIGHT/GRADE,ASPHALT,FOLLOWING TOO CLOSELY,REAR END,ARLINGTONRDSR46W,NONE
278,BLOOMINGTON PD,BLOOMINGTON,2021-11-29T00:00:00,7:59 AM,2,,0,0,0,"","","",SR 46,S SMITH RD,"",0,"",39.164229,-86.4812199,LOCAL/CITY ROAD,"",URBAN,N,N,N,"",DAYLIGHT,CLEAR,DRY,"",FOUR-WAY INTERSECTION,"",ASPHALT,FOLLOWING TOO CLOSELY,REAR END,SSMITHRDE3RDST,""
279,BLOOMINGTON PD,BLOOMINGTON,2021-11-29T00:00:00,2:25 PM,2,,0,0,0,"","","",W 3RD ST,S LANDMARK AVE,"",0,"",39.164416,-86.556302,LOCAL/CITY ROAD,"",URBAN,N,N,N,"",DAYLIGHT,CLEAR,DRY,"",NO JUNCTION INVOLVED,"",ASPHALT,FOLLOWING TOO CLOSELY,REAR END,W3RDSTSLANMARKAVE,""
280,INDIANA UNIV BLOOMINGTON PD,BLOOMINGTON,2021-11-29T00:00:00,2:30 PM,2,0,0,0,0,"","","",N JORDAN AVE,E 10TH ST,"",658,S,39.10199176,-86.515629,UNKNOWN,N,URBAN,N,N,N,"",DAYLIGHT,CLOUDY,DRY,"",NO JUNCTION INVOLVED,STRAIGHT/GRADE,ASPHALT,DRIVER DISTRACTED - EXPLAIN IN NARRATIVE,SAME DIRECTION SIDESWIPE,JORDANAVETENTHST,NONE
281,BLOOMINGTON PD,BLOOMINGTON,2021-11-29T00:00:00,4:10 PM,2,0,0,0,0,"","","",S FESS AVE,E HUNTER AVE,"",,"",39.16224,-86.525824,LOCAL/CITY ROAD,N,URBAN,N,N,N,"",DAYLIGHT,CLOUDY,DRY,"",FOUR-WAY INTERSECTION,STRAIGHT/GRADE,ASPHALT,FAILURE TO YIELD RIGHT OF WAY,RIGHT ANGLE,FESSAVEHUNTERAVE,STOP SIGN
282,INDIANA UNIV BLOOMINGTON PD,BLOOMINGTON,2021-11-29T00:00:00,5:30 PM,2,0,0,0,0,"","","",SR 46,E EASTGATE LN (N),"",,"",39.1701336,-86.5013599,STATE ROAD,N,URBAN,N,N,N,"",DAWN/DUSK,CLEAR,DRY,"",NO JUNCTION INVOLVED,STRAIGHT/LEVEL,ASPHALT,FOLLOWING TOO CLOSELY,REAR END,EEASTGATELNSR46,NONE
283,BLOOMINGTON PD,BLOOMINGTON,2021-11-29T00:00:00,9:54 PM,2,0,0,0,0,"","","",W 11TH ST,N MORTON ST,"",,"",39.173216,-86.536,LOCAL/CITY ROAD,Y,URBAN,N,N,N,"",DARK (LIGHTED),CLEAR,DRY,"",FOUR-WAY INTERSECTION,STRAIGHT/GRADE,ASPHALT,FOLLOWING TOO CLOSELY,REAR END,NORTHMORTONSTWEST11THST,NONE
284,MONROE SD,BLOOMINGTON,2021-11-28T00:00:00,12:27 AM,3,0,0,0,0,5480,"","",S FAIRFAX RD,E MOFFETT LN,"",,"",39.100075,-86.518242,COUNTY ROAD,Y,RURAL,N,N,N,"",DARK (LIGHTED),CLEAR,DRY,"",T-INTERSECTION,CURVE/LEVEL,ASPHALT,OTHER (DRIVER) - EXPLAIN IN NARRATIVE,RAN OFF ROAD,FAIRFAXRD,LANE CONTROL
285,MONROE SD,BLOOMINGTON,2021-11-28T00:00:00,5:41 AM,1,0,0,0,1,"","","",SR 37,"","",5000,S,39.0357403,-86.53539385,STATE ROAD,N,RURAL,N,N,N,"",DARK (NOT LIGHTED),CLEAR,DRY,"",NO JUNCTION INVOLVED,STRAIGHT/LEVEL,ASPHALT,ANIMAL/OBJECT IN ROADWAY,COLLISION WITH DEER,SR37NZIKESRD,NONE
286,MONROE SD,BLOOMINGTON,2021-11-28T00:00:00,6:59 AM,1,0,0,0,0,3505,"","",E BOLTINGHOUSE RD,"","",,"",39.2336423,-86.4791988,LOCAL/CITY ROAD,N,RURAL,N,N,N,"",DARK (NOT LIGHTED),CLEAR,DRY,"",NO JUNCTION INVOLVED,STRAIGHT/LEVEL,ASPHALT,RAN OFF ROAD RIGHT,RAN OFF ROAD,EBOLTINGHOUSERD,NONE
287,MONROE SD,BLOOMINGTON,2021-11-28T00:00:00,2:13 PM,2,0,0,0,0,"","","",W OLD SR 37,E BOLTINGHOUSE RD,"",,"",39.239744,-86.4992,LOCAL/CITY ROAD,N,RURAL,N,N,N,"",DAYLIGHT,CLEAR,DRY,"",T-INTERSECTION,CURVE/LEVEL,ASPHALT,FAILURE TO YIELD RIGHT OF WAY,RIGHT ANGLE,EBOLTINGHOUSERDNOLDSR37RD,STOP SIGN
288,BLOOMINGTON PD,BLOOMINGTON,2021-11-28T00:00:00,2:45 PM,3,0,0,0,0,"","","",SR 46,KINGSTON DR S,"",,"",39.16424,-86.492944,LOCAL/CITY ROAD,N,URBAN,N,N,N,"",DAYLIGHT,CLEAR,DRY,"",FOUR-WAY INTERSECTION,STRAIGHT/LEVEL,ASPHALT,FOLLOWING TOO CLOSELY,REAR END,E3RDSTSKINGSTONDR,TRAFFIC CONTROL SIGNAL
289,INDIANA UNIV BLOOMINGTON PD,BLOOMINGTON,2021-11-28T00:00:00,3:45 PM,2,0,0,0,0,"","","",N JORDAN AVE,E 17TH ST,"",100,S,39.178848,-86.511088,LOCAL/CITY ROAD,Y,URBAN,N,N,N,"",UNKNOWN,CLEAR,DRY,"",NO JUNCTION INVOLVED,STRAIGHT/LEVEL,ASPHALT,IMPROPER LANE USAGE,SAME DIRECTION SIDESWIPE,17THSTJORDANAVE,NONE
290,ISP BLOOMINGTON 33,BLOOMINGTON,2021-11-28T00:00:00,6:07 PM,1,,0,0,1,"","","",I-69 N,"","",0,"",39.05004803,-86.67999871,INTERSTATE,"",RURAL,N,N,N,"",DAWN/DUSK,CLEAR,DRY,"",NO JUNCTION INVOLVED,"",ASPHALT,ANIMAL/OBJECT IN ROADWAY,COLLISION WITH DEER,I-69105,""
291,BLOOMINGTON PD,BLOOMINGTON,2021-11-28T00:00:00,9:15 PM,3,0,3,1,0,"","","",SR 46,"","",340,E,39.16424001,-86.47489645,STATE ROAD,N,URBAN,N,N,N,"",DARK (NOT LIGHTED),CLEAR,DRY,"",NO JUNCTION INVOLVED,STRAIGHT/LEVEL,ASPHALT,LEFT OF CENTER,HEAD ON BETWEEN TWO MOTOR VEHICLES,SPARKRIDGERDSR46E,NONE
292,MONROE SD,BLOOMINGTON,2021-11-27T00:00:00,12:26 AM,1,0,1,0,0,5120,"","",SR 45,"","",2900,E,39.22883379,-86.42438391,STATE ROAD,Y,URBAN,N,N,N,"",DARK (NOT LIGHTED),CLEAR,DRY,"",NO JUNCTION INVOLVED,CURVE/GRADE,ASPHALT,RAN OFF ROAD RIGHT,RAN OFF ROAD,NMTGILEADRDSR45E,LANE CONTROL
293,INDIANA UNIV BLOOMINGTON PD,BLOOMINGTON,2021-11-27T00:00:00,9:18 PM,2,0,0,0,0,"","","",SR 45/46,E MATLOCK RD,"",,"",0,0,STATE ROAD,Y,URBAN,N,N,N,"",DARK (LIGHTED),CLEAR,DRY,"",FOUR-WAY INTERSECTION,STRAIGHT/LEVEL,ASPHALT,DISREGARD SIGNAL/REG SIGN,REAR END,MATLOCKRDSR46,TRAFFIC CONTROL SIGNAL
294,BLOOMINGTON PD,BLOOMINGTON,2021-11-26T00:00:00,10:15 AM,2,0,0,0,0,"","","",W 17TH ST,N KINSER PIKE,"",,"",39.178997,-86.53773,LOCAL/CITY ROAD,N,URBAN,N,N,N,"",DAYLIGHT,CLEAR,DRY,"",FOUR-WAY INTERSECTION,STRAIGHT/GRADE,ASPHALT,DISREGARD SIGNAL/REG SIGN,RIGHT ANGLE,17THSTKINSERPIKE,TRAFFIC CONTROL SIGNAL
295,MONROE SD,BLOOMINGTON,2021-11-26T00:00:00,10:27 AM,2,0,0,0,0,"",Y,NB,E MONROE DAM RD,SR 37,"",,"",0,0,LOCAL/CITY ROAD,N,RURAL,N,N,N,"",DAYLIGHT,CLEAR,DRY,"",T-INTERSECTION,CURVE/GRADE,ASPHALT,FAILURE TO YIELD RIGHT OF WAY,RIGHT ANGLE,EMONROEDAMRDENTRANCETOI69NBRD,STOP SIGN
296,ELLETTSVILLE PD,ELLETTSVILLE,2021-11-26T00:00:00,10:43 AM,2,0,0,0,0,"","","",N MATTHEWS DR,ENTRANCE TO ELLETTSVILLE RECYCLING CENTER,"",750,S,39.15875482,-86.6238869,LOCAL/CITY ROAD,N,URBAN,N,N,N,"",DAYLIGHT,CLEAR,DRY,"",NO JUNCTION INVOLVED,STRAIGHT/LEVEL,ASPHALT,FOLLOWING TOO CLOSELY,REAR END,MATTHEWSDRMCNEELYRD,LANE CONTROL
297,MONROE SD,BLOOMINGTON,2021-11-26T00:00:00,10:53 AM,2,0,0,0,0,"","","",S LIBERTY DR,ENTRANCE TO MENARDS,"",3000,N,39.48183931,-86.579131,LOCAL/CITY ROAD,N,URBAN,N,N,N,"",DAYLIGHT,CLEAR,DRY,"",NO JUNCTION INVOLVED,CURVE/LEVEL,ASPHALT,FAILURE TO YIELD RIGHT OF WAY,RIGHT ANGLE,LIBERTYDRTHIRDST,LANE CONTROL
298,BLOOMINGTON PD,BLOOMINGTON,2021-11-26T00:00:00,12:13 PM,2,0,1,0,0,"","","",W 3RD ST,S MADISON ST,"",,"",39.164704,-86.537296,LOCAL/CITY ROAD,N,URBAN,N,N,N,"",DAYLIGHT,CLOUDY,DRY,"",FOUR-WAY INTERSECTION,STRAIGHT/GRADE,ASPHALT,FAILURE TO YIELD RIGHT OF WAY,LEFT TURN,SMADISONSTW3RDST,TRAFFIC CONTROL SIGNAL
299,BLOOMINGTON PD,BLOOMINGTON,2021-11-26T00:00:00,2:45 PM,2,0,0,0,0,"","","",S LEONARD SPRINGS RD,SR 45,"",,"",39.1418899,-86.5825878,LOCAL/CITY ROAD,N,URBAN,N,N,N,"",DAYLIGHT,CLEAR,DRY,"",FOUR-WAY INTERSECTION,STRAIGHT/GRADE,ASPHALT,FAILURE TO YIELD RIGHT OF WAY,LEFT TURN,SLEONARDSPRINGSRDSTATEROAD45HWY,TRAFFIC CONTROL SIGNAL
300,MONROE SD,BLOOMINGTON,2021-11-26T00:00:00,3:10 PM,2,0,0,0,0,"","","",N SMITH PIKE,SR 46,"",,"",0,0,COUNTY ROAD,N,URBAN,N,N,N,"",DAYLIGHT,CLEAR,DRY,"",NO JUNCTION INVOLVED,STRAIGHT/HILLCREST,ASPHALT,UNSAFE LANE MOVEMENT,SAME DIRECTION SIDESWIPE,SMITHPIKESR46,NONE
301,BLOOMINGTON PD,BLOOMINGTON,2021-11-25T00:00:00,4:57 PM,2,0,0,0,0,"","","",SR 46,S CLARIZZ BLVD,"",200,E,39.16424,-86.4908,LOCAL/CITY ROAD,Y,URBAN,N,N,N,"",DAWN/DUSK,CLOUDY,DRY,"",NO JUNCTION INVOLVED,STRAIGHT/LEVEL,ASPHALT,FOLLOWING TOO CLOSELY,REAR END,E3RDSTSCLARIZZBLVD,NONE
302,BLOOMINGTON PD,BLOOMINGTON,2021-11-25T00:00:00,8:57 PM,1,0,0,0,0,703,"","",E COLONIAL CREST RD,"","",,"",39.185232,-86.54060206,UNKNOWN,Y,URBAN,N,N,N,"",DARK (LIGHTED),CLEAR,DRY,"",NO JUNCTION INVOLVED,STRAIGHT/LEVEL,CONCRETE,OTHER (DRIVER) - EXPLAIN IN NARRATIVE,OTHER - EXPLAIN IN NARRATIVE,WGOURLEYPIKE,NONE
303,BLOOMINGTON PD,BLOOMINGTON,2021-11-25T00:00:00,9:55 PM,2,0,1,0,0,"","","",S COLLEGE MALL RD,SR 46,"",,"",39.16424,-86.4984,LOCAL/CITY ROAD,N,URBAN,N,N,N,"",DARK (LIGHTED),CLEAR,DRY,"",FOUR-WAY INTERSECTION,STRAIGHT/LEVEL,ASPHALT,IMPROPER LANE USAGE,HEAD ON BETWEEN TWO MOTOR VEHICLES,E3RDSTSCOLLEGEMALLRD,NONE
304,MONROE SD,BLOOMINGTON,2021-11-24T00:00:00,5:17 AM,1,0,0,0,0,7615,"","",W DECKARD DR,"","",,"",39.09419927,-86.640528,UNKNOWN,N,RURAL,N,N,N,"",DARK (NOT LIGHTED),CLOUDY,WET,"",NO JUNCTION INVOLVED,STRAIGHT/LEVEL,OTHER - EXPLAIN IN NARRATIVE,OTHER (DRIVER) - EXPLAIN IN NARRATIVE,RAN OFF ROAD,WDECKARDDR,NONE