_id,Agency,City,Collision Date,Collision Time,Vehicles Involved,Trailers Involved,Number Injured,Number Dead,Number Deer,House Number,Roadway Interchange,Roadway Ramp,Roadway Id,Intersecting Road,Interchange,Feet From,Direction,Latitude,Longitude,Roadway Class,Hit and Run?,Locality,School Zone?,Rumble Strips?,Construction?,Construction Type,Light Condition,Weather Conditions,Surface Condition,Type of Median,Roadway Junction Type,Road Character,Roadway Surface,Primary Factor,Manner of Collision,Unique Location Id,Traffic Control
305,BLOOMINGTON PD,BLOOMINGTON,2021-11-24T00:00:00,5:51 AM,2,,0,0,0,"","","",S LIBERTY DR,ENTRANCE TO WHITEHALL PLAZA (S),"",125,"",39.164606,-86.579131,LOCAL/CITY ROAD,"",URBAN,N,N,N,"",DARK (LIGHTED),CLEAR,DRY,"",NO JUNCTION INVOLVED,"",ASPHALT,FAILURE TO YIELD RIGHT OF WAY,RIGHT ANGLE,West3rdStreetLibertyDrive,""
306,BLOOMINGTON PD,BLOOMINGTON,2021-11-24T00:00:00,7:54 AM,2,,0,0,0,"","","",S COLLEGE MALL RD,E COVENANTER DR,"",0,"",39.1551537,-86.4976527,LOCAL/CITY ROAD,"",URBAN,N,N,N,"",DARK (LIGHTED),CLEAR,DRY,"",FOUR-WAY INTERSECTION,"",ASPHALT,FAILURE TO YIELD RIGHT OF WAY,HEAD ON BETWEEN TWO MOTOR VEHICLES,SouthCollegeMallRoadEastCovenanterDrive,""
307,ISP BLOOMINGTON 33,BLOOMINGTON,2021-11-24T00:00:00,10:15 AM,2,,1,0,0,"","","",I-69 S,SR 45,"",0,"",39.16029034,-86.57326271,INTERSTATE,"",RURAL,N,N,N,"",DAYLIGHT,CLOUDY,DRY,"",NO JUNCTION INVOLVED,"",ASPHALT,INSECURE/LEAKY LOAD,OTHER - EXPLAIN IN NARRATIVE,I69SBat117MM,""
308,ISP BLOOMINGTON 33,BLOOMINGTON,2021-11-24T00:00:00,6:13 PM,1,,2,0,0,"","","",I-69,"","",0,"",39.05779943,-86.68157703,INTERSTATE,"",RURAL,N,Y,N,"",DARK (NOT LIGHTED),CLOUDY,DRY,"",NO JUNCTION INVOLVED,"",ASPHALT,"",RAN OFF ROAD,105.5MMI69,""
309,ISP BLOOMINGTON 33,BLOOMINGTON,2021-11-24T00:00:00,6:25 PM,1,,0,0,1,4445,"","",SR 45,"","",0,"",39.1389126,-86.59042416,STATE ROAD,"",URBAN,N,N,N,"",DARK (NOT LIGHTED),CLEAR,DRY,"",NO JUNCTION INVOLVED,"",ASPHALT,ANIMAL/OBJECT IN ROADWAY,COLLISION WITH DEER,WStateRd45,""
310,BLOOMINGTON PD,BLOOMINGTON,2021-11-23T00:00:00,1:25 PM,2,1,0,0,0,"","","",S KIMBLE DR,W 3RD ST,"",,"",39.16464,-86.568,LOCAL/CITY ROAD,Y,URBAN,N,N,N,"",DAYLIGHT,CLEAR,DRY,"",FOUR-WAY INTERSECTION,STRAIGHT/LEVEL,CONCRETE,IMPROPER LANE USAGE,SAME DIRECTION SIDESWIPE,SOUTHKIMBLEDRWEST3RDST,TRAFFIC CONTROL SIGNAL
311,BLOOMINGTON PD,BLOOMINGTON,2021-11-23T00:00:00,2:13 PM,2,0,1,0,0,"","","",W TAPP RD,S LEONARD SPRINGS RD,"",,"",39.13704,-86.582512,LOCAL/CITY ROAD,Y,URBAN,N,N,N,"",DAYLIGHT,CLEAR,DRY,"",T-INTERSECTION,STRAIGHT/GRADE,ASPHALT,FOLLOWING TOO CLOSELY,REAR END,SLEONARDSPRINGSRDWTAPPRD,STOP SIGN
312,MONROE SD,ELLETTSVILLE,2021-11-23T00:00:00,2:35 PM,2,0,0,0,0,"","","",N MATTHEWS DR,W MCNEELY ST,"",,"",39.2382122,-86.6238869,LOCAL/CITY ROAD,N,URBAN,N,N,N,"",DAYLIGHT,CLEAR,DRY,"",T-INTERSECTION,STRAIGHT/GRADE,ASPHALT,LEFT OF CENTER,OPPOSITE DIRECTION SIDESWIPE,NMATTHEWSDRWMCNEELYST,LANE CONTROL
313,MONROE SD,BLOOMINGTON,2021-11-22T00:00:00,1:15 AM,1,0,0,0,0,"","","",SR 45,E EARL YOUNG RD,"",,"",39.218448,-86.4536,STATE ROAD,N,RURAL,N,N,N,"",DARK (NOT LIGHTED),CLEAR,DRY,"",NO JUNCTION INVOLVED,CURVE/LEVEL,ASPHALT,DRIVER DISTRACTED - EXPLAIN IN NARRATIVE,RAN OFF ROAD,EARLYOUNGRDSR45E,LANE CONTROL
314,BLOOMINGTON PD,BLOOMINGTON,2021-11-22T00:00:00,5:09 AM,1,0,0,0,0,"","","",S WASHINGTON ST,E 3RD ST,"",,"",39.16464,-86.5324,LOCAL/CITY ROAD,Y,URBAN,N,N,N,"",DARK (LIGHTED),CLEAR,DRY,"",FOUR-WAY INTERSECTION,STRAIGHT/LEVEL,ASPHALT,RAN OFF ROAD RIGHT,RAN OFF ROAD,E3RDSTSWASHINGTONST,TRAFFIC CONTROL SIGNAL
315,BLOOMINGTON PD,BLOOMINGTON,2021-11-22T00:00:00,7:28 AM,2,,0,0,0,"","","",S COLLEGE MALL RD,E 2ND ST,"",0,"",39.1609319,-86.4977835,LOCAL/CITY ROAD,"",URBAN,N,N,N,"",DARK (LIGHTED),CLOUDY,DRY,"",FOUR-WAY INTERSECTION,"",ASPHALT,FAILURE TO YIELD RIGHT OF WAY,SAME DIRECTION SIDESWIPE,SouthCollegeMallRoadEast2ndStreet,""
316,ELLETTSVILLE PD,ELLETTSVILLE,2021-11-22T00:00:00,7:48 AM,1,0,0,0,0,"","","",SR 46,N HARTSTRAIT RD,"",,"",39.227624,-86.615919,STATE ROAD,N,URBAN,N,N,N,"",DAWN/DUSK,CLEAR,DRY,"",NO JUNCTION INVOLVED,CURVE/LEVEL,ASPHALT,ANIMAL/OBJECT IN ROADWAY,COLLISION WITH ANIMAL OTHER,HARTSTRAITRDSR46W,LANE CONTROL
317,BLOOMINGTON PD,BLOOMINGTON,2021-11-22T00:00:00,1:25 PM,2,0,0,0,0,"","","",E 3RD ST,S INDIANA AVE,"",300,E,39.16444649,-86.5257416,LOCAL/CITY ROAD,N,URBAN,N,N,N,"",DAYLIGHT,CLEAR,DRY,"",NO JUNCTION INVOLVED,STRAIGHT/LEVEL,ASPHALT,FAILURE TO YIELD RIGHT OF WAY,SAME DIRECTION SIDESWIPE,3RDSTINDIANAAVE,NONE
318,MONROE SD,BLOOMINGTON,2021-11-22T00:00:00,4:45 PM,2,0,1,0,0,"","","",N CURRY PIKE,W PROFILE PKWY,"",,"",39.174565,-86.583026,LOCAL/CITY ROAD,N,URBAN,N,N,N,"",DAYLIGHT,CLEAR,DRY,"",FOUR-WAY INTERSECTION,STRAIGHT/GRADE,ASPHALT,DISREGARD SIGNAL/REG SIGN,RIGHT ANGLE,CURRYPIKEPROFILEPKWY,TRAFFIC CONTROL SIGNAL
319,MONROE SD,BLOOMINGTON,2021-11-21T00:00:00,4:12 AM,1,0,0,0,0,2250,"","",E POINTE RD,"","",,"",39.033074,-86.511329,UNKNOWN,N,RURAL,N,N,N,"",DARK (LIGHTED),RAIN,WET,"",NO JUNCTION INVOLVED,CURVE/LEVEL,ASPHALT,RAN OFF ROAD RIGHT,RAN OFF ROAD,EPOINTERD,NONE
320,BLOOMINGTON PD,BLOOMINGTON,2021-11-21T00:00:00,10:50 AM,2,0,0,0,0,2700,"","",S SARE RD,S CONSTANCE AVE,"",,"",39.13485,-86.501442,LOCAL/CITY ROAD,N,URBAN,N,N,N,"",DAYLIGHT,RAIN,WET,"",FOUR-WAY INTERSECTION,STRAIGHT/LEVEL,ASPHALT,OTHER (DRIVER) - EXPLAIN IN NARRATIVE,REAR END,ROGERSRD,STOP SIGN
321,ISP BLOOMINGTON 33,BLOOMINGTON,2021-11-21T00:00:00,12:57 PM,1,,1,0,0,"",123,C,I-69 S,N SR 37 BUSINESS,"",0,"",39.23518752,-86.54174676,INTERSTATE,"",RURAL,N,N,N,"",DAYLIGHT,RAIN,WET,"",RAMP,"",ASPHALT,FAILURE TO MAINTAIN LANE,"",I69-123-RampC123C,""
322,MONROE SD,BLOOMINGTON,2021-11-21T00:00:00,1:35 PM,2,0,0,0,0,"","","",S FAIRFAX RD,E BERNICE DR,"",300,S,39.068496,-86.50312,LOCAL/CITY ROAD,N,RURAL,N,N,N,"",DAYLIGHT,CLEAR,DRY,"",T-INTERSECTION,CURVE/GRADE,ASPHALT,FAILURE TO YIELD RIGHT OF WAY,RIGHT ANGLE,EBERNICEDRSFAIRFAXRD,NO PASSING ZONE
323,BLOOMINGTON PD,BLOOMINGTON,2021-11-21T00:00:00,3:05 PM,2,0,1,0,0,"","","",SR 446,SR 46,"",,"",39.164333,-86.472159,STATE ROAD,Y,URBAN,N,N,N,"",DAYLIGHT,CLOUDY,DRY,"",FOUR-WAY INTERSECTION,STRAIGHT/LEVEL,ASPHALT,IMPROPER TURNING,LEFT/RIGHT TURN,EASTSTATEROAD46RDSR446S,TRAFFIC CONTROL SIGNAL
324,MONROE SD,BLOOMINGTON,2021-11-21T00:00:00,3:42 PM,2,0,0,0,0,"","","",S GARRISON CHAPEL RD,TRENDMAR DR,"",500,S,39.10606644,-86.647227,LOCAL/CITY ROAD,N,RURAL,N,N,N,"",DAYLIGHT,CLOUDY,WET,"",NO JUNCTION INVOLVED,STRAIGHT/GRADE,ASPHALT,UNSAFE SPEED,REAR END,SGARRISONCHAPELRDWHENDRICKRD,NONE
325,MONROE SD,BLOOMINGTON,2021-11-21T00:00:00,8:17 PM,2,0,0,0,0,"","","",SR 48,N DANIEL'S WAY,"",,"",0,0,COUNTY ROAD,Y,URBAN,N,N,N,"",DARK (NOT LIGHTED),CLEAR,DRY,"",T-INTERSECTION,STRAIGHT/GRADE,ASPHALT,OTHER (DRIVER) - EXPLAIN IN NARRATIVE,RIGHT ANGLE,CR48WNDANIELSWAY,TRAFFIC CONTROL SIGNAL
326,BLOOMINGTON PD,BLOOMINGTON,2021-11-20T00:00:00,12:00 AM,2,0,0,0,0,320,"","",S DUNN ST,"","",50,S,39.164448,-86.528096,LOCAL/CITY ROAD,Y,URBAN,N,N,N,"",UNKNOWN,CLOUDY,DRY,"",NO JUNCTION INVOLVED,STRAIGHT/LEVEL,ASPHALT,IMPROPER LANE USAGE,SAME DIRECTION SIDESWIPE,320SOUTHDUNNSTEAST3RDST,NONE
327,BLOOMINGTON PD,BLOOMINGTON,2021-11-20T00:00:00,4:00 AM,1,0,1,0,0,"","","",S SMITH RD,E STONEGATE DR,"",,"",39.161153,-86.480734,LOCAL/CITY ROAD,N,URBAN,N,N,N,"",DARK (NOT LIGHTED),CLEAR,DRY,"",FOUR-WAY INTERSECTION,STRAIGHT/GRADE,ASPHALT,RAN OFF ROAD RIGHT,RAN OFF ROAD,SMITHRDSTONEGATEDR,NONE
328,MONROE SD,BLOOMINGTON,2021-11-20T00:00:00,5:53 AM,1,0,0,0,1,"","","",SR 37,E MONROE DAM RD,"",,"",39.020048,-86.536096,STATE ROAD,N,RURAL,N,N,N,"",DARK (NOT LIGHTED),CLEAR,DRY,"",NO JUNCTION INVOLVED,STRAIGHT/GRADE,ASPHALT,ANIMAL/OBJECT IN ROADWAY,COLLISION WITH DEER,MONROEDAMRDSR37S,NONE
329,MONROE SD,BLOOMINGTON,2021-11-20T00:00:00,6:42 AM,1,0,0,0,1,"","","",SR 45,W BRENNICK CT,"",,"",39.10348502,-86.64742272,STATE ROAD,N,RURAL,N,N,N,"",DARK (NOT LIGHTED),CLEAR,DRY,"",T-INTERSECTION,CURVE/HILLCREST,ASPHALT,ANIMAL/OBJECT IN ROADWAY,COLLISION WITH DEER,SR45WWBRENNICKCT,NONE
330,BLOOMINGTON PD,BLOOMINGTON,2021-11-20T00:00:00,11:49 AM,1,,0,0,0,"","","",N WILLIS DR,W ARLINGTON VALLEY DR,"",60,"",39.183073,-86.544054,"","",URBAN,N,N,N,"",DAYLIGHT,CLOUDY,DRY,"",NO JUNCTION INVOLVED,"",ASPHALT,OTHER (DRIVER) - EXPLAIN IN NARRATIVE,RAN OFF ROAD,W.ARLINGTONVALLEYDR.N.WILLISDR.,""
331,BLOOMINGTON PD,BLOOMINGTON,2021-11-20T00:00:00,3:50 PM,2,0,0,0,0,"","","",E KIRKWOOD AVE,N GRANT ST,"",,"",39.16664,-86.529696,LOCAL/CITY ROAD,Y,URBAN,N,N,N,"",DAYLIGHT,CLEAR,DRY,"",NO JUNCTION INVOLVED,STRAIGHT/LEVEL,ASPHALT,FAILURE TO YIELD RIGHT OF WAY,RIGHT ANGLE,GRANTSTKIRKWOODAVE,STOP SIGN
332,MONROE SD,BLOOMINGTON,2021-11-20T00:00:00,4:01 PM,1,0,0,0,0,"","","",S WEIMER RD,"","",500,S,39.09117457,-86.563821,LOCAL/CITY ROAD,N,RURAL,N,N,N,"",DAYLIGHT,CLEAR,DRY,"",NO JUNCTION INVOLVED,CURVE/GRADE,ASPHALT,RAN OFF ROAD RIGHT,RAN OFF ROAD,SWEIMERRDWWAPEHANIRD,NONE
333,BLOOMINGTON PD,BLOOMINGTON,2021-11-20T00:00:00,6:10 PM,2,,0,0,0,"","","",SR 48,I-69 S,"",0,"",39.16339325,-86.63110684,LOCAL/CITY ROAD,"",URBAN,N,N,N,"",DARK (LIGHTED),CLEAR,DRY,"",INTERCHANGE,"",ASPHALT,FAILURE TO YIELD RIGHT OF WAY,RIGHT ANGLE,W3rdStI69-37Overpass,""
334,BLOOMINGTON PD,BLOOMINGTON,2021-11-19T00:00:00,1:09 AM,2,,1,0,0,"","","",N COLLEGE AVE,W 10TH ST,"",0,"",39.171675,-86.534831,LOCAL/CITY ROAD,"",URBAN,N,N,N,"",DAYLIGHT,CLEAR,DRY,"",FOUR-WAY INTERSECTION,"",ASPHALT,UNSAFE LANE MOVEMENT,SAME DIRECTION SIDESWIPE,West10thStreetNorthCollegeAvenue,""
335,BLOOMINGTON PD,BLOOMINGTON,2021-11-19T00:00:00,5:19 AM,2,,0,0,0,"","","",W BLOOMFIELD RD,S STONE DR,"",0,"",39.150879,-86.567966,LOCAL/CITY ROAD,"",URBAN,N,N,N,"",DAWN/DUSK,CLEAR,DRY,"",NO JUNCTION INVOLVED,"",ASPHALT,FAILURE TO YIELD RIGHT OF WAY,SAME DIRECTION SIDESWIPE,WestBloomfieldRoadSouthStoneDrive,""
336,ELLETTSVILLE PD,ELLETTSVILLE,2021-11-19T00:00:00,8:25 AM,2,0,0,0,0,"","","",SR 46,W CHARLESTOWNE WAY,"",,"",39.2507593,-86.65254589,STATE ROAD,N,URBAN,N,N,N,"",DAYLIGHT,CLEAR,DRY,"",NO JUNCTION INVOLVED,STRAIGHT/LEVEL,ASPHALT,FOLLOWING TOO CLOSELY,REAR END,OLDBLOOMINGTONRDSR46,NONE
337,INDIANA UNIV BLOOMINGTON PD,BLOOMINGTON,2021-11-19T00:00:00,10:02 AM,2,0,0,0,0,"","","",E ATWATER AVE,S JORDAN AVE,"",,"",39.163051,-86.516389,LOCAL/CITY ROAD,N,URBAN,N,N,N,"",DAYLIGHT,CLEAR,DRY,"",FOUR-WAY INTERSECTION,STRAIGHT/LEVEL,ASPHALT,DISREGARD SIGNAL/REG SIGN,RIGHT ANGLE,ATWATERAVEJORDANAVE,STOP SIGN
338,MONROE SD,BLOOMINGTON,2021-11-19T00:00:00,11:06 AM,2,0,0,0,0,"","","",S FAIRFAX RD,E SCHACHT RD,"",,"",39.106882,-86.523763,LOCAL/CITY ROAD,N,RURAL,N,N,N,"",DAYLIGHT,CLEAR,DRY,"",T-INTERSECTION,CURVE/LEVEL,ASPHALT,VIEW OBSTRUCTED,REAR END,ESCHACHTRDSFAIRFAXRD,NONE
339,ELLETTSVILLE PD,ELLETTSVILLE,2021-11-19T00:00:00,3:41 PM,2,0,0,0,0,"","","",N UNION VALLEY RD,W LYNWEST DR,"",,"",39.21584,-86.5928,COUNTY ROAD,N,URBAN,N,N,N,"",DAYLIGHT,CLEAR,DRY,"",T-INTERSECTION,STRAIGHT/LEVEL,ASPHALT,FAILURE TO YIELD RIGHT OF WAY,LEFT TURN,LYNWESTDRUNIONVALLEYRDS,LANE CONTROL
340,MONROE SD,BLOOMINGTON,2021-11-19T00:00:00,5:19 PM,3,0,0,0,0,"","","",SR 45,S STANFORD RD,"",,"",39.08984,-86.666304,STATE ROAD,N,RURAL,N,N,N,"",DAYLIGHT,CLEAR,DRY,"",FIVE POINT OR MORE,STRAIGHT/LEVEL,ASPHALT,FAILURE TO YIELD RIGHT OF WAY,RIGHT ANGLE,SSTANFORDRDSR45W,STOP SIGN
341,BLOOMINGTON PD,BLOOMINGTON,2021-11-19T00:00:00,7:45 PM,2,,0,0,0,"","","",E 3RD ST,S INDIANA AVE,"",0,"",39.164287,-86.526904,"","",URBAN,N,N,N,"",DARK (LIGHTED),CLEAR,DRY,"",NO JUNCTION INVOLVED,"",ASPHALT,IMPROPER LANE USAGE,RIGHT ANGLE,IndianaAveE3rdSt,""
342,ISP BLOOMINGTON 33,BLOOMINGTON,2021-11-19T00:00:00,9:15 PM,2,,0,0,1,"","","",I-69 N,"","",0,"",39.26584786,-86.52273056,INTERSTATE,"",RURAL,N,N,N,"",DARK (LIGHTED),CLOUDY,DRY,"",NO JUNCTION INVOLVED,"",ASPHALT,FAILURE TO MAINTAIN LANE,SAME DIRECTION SIDESWIPE,I69125.5,""
343,MONROE SD,BLOOMINGTON,2021-11-19T00:00:00,9:26 PM,1,0,0,0,1,"","","",SR 45,"","",500,E,39.2109077,-86.4621244,STATE ROAD,N,RURAL,N,N,N,"",DARK (NOT LIGHTED),CLEAR,DRY,"",NO JUNCTION INVOLVED,CURVE/LEVEL,ASPHALT,ANIMAL/OBJECT IN ROADWAY,COLLISION WITH DEER,EBETHELLNSR45E,NONE
344,BLOOMINGTON PD,BLOOMINGTON,2021-11-18T00:00:00,2:00 AM,2,,0,0,0,"","","",S ROGERS ST,S ROCKPORT RD,"",0,"",,,LOCAL/CITY ROAD,"",URBAN,N,N,N,"",DAYLIGHT,CLEAR,DRY,"",T-INTERSECTION,"",ASPHALT,FOLLOWING TOO CLOSELY,REAR END,SouthRogersStreetSouthRockportRoad,""
345,BLOOMINGTON PD,BLOOMINGTON,2021-11-18T00:00:00,4:05 AM,2,,0,0,0,"","","",W COUNTRY CLUB DR,"","",300,"",,,LOCAL/CITY ROAD,"",URBAN,N,N,N,"",DAYLIGHT,CLEAR,DRY,"",NO JUNCTION INVOLVED,"",ASPHALT,FOLLOWING TOO CLOSELY,REAR END,WestCountryClubDriveSouthBantaAvenue,""
346,ELLETTSVILLE PD,ELLETTSVILLE,2021-11-18T00:00:00,7:10 AM,2,,0,0,0,"","","",SR 46,N HARTSTRAIT RD,"",0,"",39.22708023,-86.61508781,STATE ROAD,"",URBAN,N,N,N,"",DAYLIGHT,CLEAR,DRY,"",NO JUNCTION INVOLVED,"",ASPHALT,FOLLOWING TOO CLOSELY,REAR END,NHartstraitRdETemperanceSt,""
347,ISP BLOOMINGTON 33,BLOOMINGTON,2021-11-18T00:00:00,9:00 AM,1,,0,0,0,"","","",SR 46,"","",950,"",39.16554799,-86.45348778,STATE ROAD,"",RURAL,N,N,N,"",DAYLIGHT,CLEAR,DRY,"",NO JUNCTION INVOLVED,"",ASPHALT,"","",StateRd46EKingsRd,""
348,BLOOMINGTON PD,BLOOMINGTON,2021-11-18T00:00:00,9:14 AM,2,0,0,0,0,"","","",N ADAMS ST,W 7TH ST,"",,"",39.168576,-86.5496,LOCAL/CITY ROAD,N,URBAN,N,N,N,"",DAYLIGHT,CLEAR,DRY,"",FOUR-WAY INTERSECTION,STRAIGHT/LEVEL,ASPHALT,FOLLOWING TOO CLOSELY,REAR END,NADAMSSTW7THST,NONE
349,BLOOMINGTON PD,BLOOMINGTON,2021-11-18T00:00:00,9:39 AM,2,,0,0,0,"","","",E 3RD ST,S BRYAN AVE,"",0,"",,,LOCAL/CITY ROAD,"",URBAN,N,N,N,"",DAYLIGHT,CLEAR,DRY,"",FOUR-WAY INTERSECTION,"",ASPHALT,FOLLOWING TOO CLOSELY,REAR END,S.BRYANAVEE.3RDST,""
350,INDIANA UNIV BLOOMINGTON PD,BLOOMINGTON,2021-11-18T00:00:00,10:03 AM,2,0,1,0,0,"","","",E 3RD ST,S ROSE AVE,"",,"",,,LOCAL/CITY ROAD,N,URBAN,N,N,N,"",DAYLIGHT,CLEAR,DRY,"",FOUR-WAY INTERSECTION,STRAIGHT/GRADE,ASPHALT,BRAKE FAILURE OR DEFECTIVE,RIGHT ANGLE,ROSEAVETHIRDST,STOP SIGN
351,BLOOMINGTON PD,BLOOMINGTON,2021-11-18T00:00:00,4:48 PM,2,,0,0,0,"","","",S WESTPLEX AVE,W ISAACS DR,"",0,"",,,LOCAL/CITY ROAD,"",URBAN,N,N,N,"",DAYLIGHT,CLEAR,DRY,"",T-INTERSECTION,"",ASPHALT,FAILURE TO YIELD RIGHT OF WAY,RIGHT ANGLE,SWestplexAveIsaacDr,""
352,BLOOMINGTON PD,BLOOMINGTON,2021-11-18T00:00:00,5:21 PM,2,0,0,0,0,"","","",W INDUSTRIAL BLVD,SR 45,"",,"",,,LOCAL/CITY ROAD,N,URBAN,N,N,N,"",DAWN/DUSK,CLEAR,DRY,"",T-INTERSECTION,CURVE/LEVEL,ASPHALT,BRAKE FAILURE OR DEFECTIVE,REAR END,WINDUSTRIALBLVDWSTATEROAD45HWY,STOP SIGN
353,BLOOMINGTON PD,BLOOMINGTON,2021-11-18T00:00:00,7:18 PM,2,,0,0,0,"","","",W 11TH ST,N MORTON ST,"",0,"",,,LOCAL/CITY ROAD,"",URBAN,N,N,N,"",DARK (LIGHTED),CLEAR,DRY,"",FOUR-WAY INTERSECTION,"",ASPHALT,FAILURE TO YIELD RIGHT OF WAY,RIGHT ANGLE,W11thSTNMortonST,""
354,ISP BLOOMINGTON 33,BLOOMINGTON,2021-11-18T00:00:00,8:40 PM,1,,0,0,1,"","","",W OLD SR 37,"","",0,"",39.26355242,-86.50230219,COUNTY ROAD,"",RURAL,N,N,N,"",DARK (NOT LIGHTED),CLEAR,DRY,"",NO JUNCTION INVOLVED,"",ASPHALT,ANIMAL/OBJECT IN ROADWAY,COLLISION WITH DEER,NOldStateRoad37,""
355,MONROE SD,BLOOMINGTON,2021-11-18T00:00:00,9:50 PM,2,0,0,0,0,"","","",SR 45,W ELLER RD,"",,"",39.12224,-86.6144,STATE ROAD,N,RURAL,N,N,N,"",DARK (NOT LIGHTED),CLEAR,DRY,"",FOUR-WAY INTERSECTION,STRAIGHT/LEVEL,ASPHALT,FAILURE TO YIELD RIGHT OF WAY,RIGHT ANGLE,ELLERRDSR45W,STOP SIGN
356,BLOOMINGTON PD,BLOOMINGTON,2021-11-17T00:00:00,12:20 AM,2,0,0,0,0,"","","",W 7TH ST,N ELM ST,"",,"",39.168704,-86.5452,LOCAL/CITY ROAD,Y,URBAN,Y,N,N,"",DAYLIGHT,CLEAR,DRY,"",FOUR-WAY INTERSECTION,STRAIGHT/LEVEL,ASPHALT,IMPROPER LANE USAGE,SAME DIRECTION SIDESWIPE,NELMSTW7THST,NONE
357,BLOOMINGTON PD,BLOOMINGTON,2021-11-17T00:00:00,3:43 AM,2,,0,0,0,"","","",W BLOOMFIELD RD,S BASSWOOD DR,"",0,"",,,LOCAL/CITY ROAD,"",URBAN,N,N,N,"",DAYLIGHT,RAIN,WET,"",FOUR-WAY INTERSECTION,"",ASPHALT,FOLLOWING TOO CLOSELY,REAR END,WestBloomfieldRoadSouthBasswoodDrive,""
358,ELLETTSVILLE PD,ELLETTSVILLE,2021-11-17T00:00:00,5:35 AM,1,,0,0,1,"","","",SR 46,N CYPRESS LN,"",0,"",39.21370029,-86.59087743,STATE ROAD,"",URBAN,N,N,N,"",DARK (NOT LIGHTED),CLEAR,WET,"",T-INTERSECTION,"",ASPHALT,ANIMAL/OBJECT IN ROADWAY,COLLISION WITH DEER,WStateRoad46NCypressLn,""
359,BLOOMINGTON PD,BLOOMINGTON,2021-11-17T00:00:00,6:45 AM,2,,1,0,0,"","","",S COLLEGE AVE,W 1ST ST,"",0,"",,,LOCAL/CITY ROAD,"",URBAN,N,N,N,"",DARK (LIGHTED),CLOUDY,WET,"",FOUR-WAY INTERSECTION,"",ASPHALT,DISREGARD SIGNAL/REG SIGN,RIGHT ANGLE,West1stStreetSouthCollegeAve,""
360,BLOOMINGTON PD,BLOOMINGTON,2021-11-17T00:00:00,6:51 AM,2,0,0,0,0,"","","",SR 45/46,E 17TH ST,"",200,S,39.17937475,-86.50671279,STATE ROAD,N,URBAN,N,N,N,"",DAWN/DUSK,CLEAR,WET,"",NO JUNCTION INVOLVED,STRAIGHT/GRADE,ASPHALT,UNSAFE LANE MOVEMENT,SAME DIRECTION SIDESWIPE,17THSTSR46W,NONE
361,ISP BLOOMINGTON 33,BLOOMINGTON,2021-11-17T00:00:00,7:20 AM,1,,0,0,0,"",Y,117C,I-69 S,SR 45,"",0,"",39.14676269,-86.57497932,INTERSTATE,"",URBAN,N,N,N,"",DAWN/DUSK,CLOUDY,WET,"",RAMP,"",ASPHALT,SPEED TOO FAST FOR WEATHER CONDITIONS,RAN OFF ROAD,I69-117-C,""
362,BLOOMINGTON PD,BLOOMINGTON,2021-11-17T00:00:00,8:33 AM,2,,0,0,0,120,"","",KINGSTON DR S,"","",0,"",,,LOCAL/CITY ROAD,"",URBAN,N,N,N,"",DAYLIGHT,CLOUDY,WET,"",NO JUNCTION INVOLVED,"",ASPHALT,UNSAFE BACKING,BACKING CRASH,S.KINGSTONDR,""
363,BLOOMINGTON PD,BLOOMINGTON,2021-11-17T00:00:00,8:53 AM,2,,0,0,0,"","","",N JACOB DR,W ALEXANDER DR,"",0,"",,,LOCAL/CITY ROAD,"",URBAN,N,N,N,"",DARK (LIGHTED),RAIN,WET,"",FOUR-WAY INTERSECTION,"",ASPHALT,FAILURE TO YIELD RIGHT OF WAY,RIGHT ANGLE,WestAlexanderDriveNorthJacobDrive,""
364,ELLETTSVILLE PD,ELLETTSVILLE,2021-11-17T00:00:00,9:46 AM,2,0,0,0,0,"","","",SR 46,N SALE ST (S),"",,"",39.23384,-86.624704,STATE ROAD,N,URBAN,N,N,N,"",DAYLIGHT,CLEAR,DRY,"",T-INTERSECTION,STRAIGHT/LEVEL,ASPHALT,FAILURE TO YIELD RIGHT OF WAY,SAME DIRECTION SIDESWIPE,SALESTSR46W,TRAFFIC CONTROL SIGNAL
365,BLOOMINGTON PD,BLOOMINGTON,2021-11-17T00:00:00,11:31 AM,2,0,0,0,0,"","","",E ATWATER AVE,S JORDAN AVE,"",,"",,,LOCAL/CITY ROAD,N,URBAN,N,N,N,"",DAYLIGHT,CLOUDY,WET,"",FOUR-WAY INTERSECTION,STRAIGHT/LEVEL,ASPHALT,DISREGARD SIGNAL/REG SIGN,RIGHT ANGLE,EATWATERAVESJORDANAVE,TRAFFIC CONTROL SIGNAL
366,BLOOMINGTON PD,BLOOMINGTON,2021-11-17T00:00:00,1:01 PM,2,,0,0,0,"","","",N ROGERS ST,W 8TH ST,"",0,"",,,LOCAL/CITY ROAD,"",URBAN,N,N,N,"",DAYLIGHT,CLOUDY,DRY,"",FOUR-WAY INTERSECTION,"",ASPHALT,FAILURE TO YIELD RIGHT OF WAY,RIGHT ANGLE,W8thStNRogersSt,""