_id,Agency,City,Collision Date,Collision Time,Vehicles Involved,Trailers Involved,Number Injured,Number Dead,Number Deer,House Number,Roadway Interchange,Roadway Ramp,Roadway Id,Intersecting Road,Interchange,Feet From,Direction,Latitude,Longitude,Roadway Class,Hit and Run?,Locality,School Zone?,Rumble Strips?,Construction?,Construction Type,Light Condition,Weather Conditions,Surface Condition,Type of Median,Roadway Junction Type,Road Character,Roadway Surface,Primary Factor,Manner of Collision,Unique Location Id,Traffic Control
367,ELLETTSVILLE PD,ELLETTSVILLE,2021-11-17T00:00:00,2:03 PM,2,0,0,0,0,"","","",SR 46,N UNION VALLEY RD,"",,"",39.215152,-86.5928,STATE ROAD,N,URBAN,N,N,N,"",DAYLIGHT,CLEAR,DRY,"",FOUR-WAY INTERSECTION,STRAIGHT/LEVEL,ASPHALT,FOLLOWING TOO CLOSELY,REAR END,SR46WUNIONVALLEYRD,TRAFFIC CONTROL SIGNAL
368,BLOOMINGTON PD,BLOOMINGTON,2021-11-17T00:00:00,3:29 PM,2,,0,0,0,"","","",S GRANT ST,E 2ND ST,"",0,"",,,LOCAL/CITY ROAD,"",URBAN,N,N,N,"",DAYLIGHT,CLOUDY,DRY,"",FOUR-WAY INTERSECTION,"",ASPHALT,OTHER (DRIVER) - EXPLAIN IN NARRATIVE,SAME DIRECTION SIDESWIPE,SGrantStE2ndSt,""
369,MONROE SD,BLOOMINGTON,2021-11-17T00:00:00,4:10 PM,1,0,0,0,0,3900,"","",W ROLL AVE,S YOST AVE,"",,"",,,UNKNOWN,Y,URBAN,N,N,N,"",DAYLIGHT,CLOUDY,DRY,"",NO JUNCTION INVOLVED,STRAIGHT/LEVEL,ASPHALT,RAN OFF ROAD RIGHT,RAN OFF ROAD,WROLLAVE,NONE
370,BLOOMINGTON PD,BLOOMINGTON,2021-11-17T00:00:00,5:10 PM,2,0,0,0,0,"","","",N COLLEGE AVE,W KIRKWOOD AVE,"",,"",39.16664,-86.5348,LOCAL/CITY ROAD,Y,URBAN,N,N,N,"",DAWN/DUSK,RAIN,WET,"",NO JUNCTION INVOLVED,STRAIGHT/LEVEL,ASPHALT,FOLLOWING TOO CLOSELY,REAR END,SCOLLEGEAVEWKIRKWOODAVE,TRAFFIC CONTROL SIGNAL
371,INDIANA UNIV BLOOMINGTON PD,BLOOMINGTON,2021-11-17T00:00:00,5:45 PM,2,0,0,0,0,"","","",E 10TH ST,N JEFFERSON ST,"",,"",,,LOCAL/CITY ROAD,N,URBAN,N,N,N,"",DAWN/DUSK,CLOUDY,WET,"",T-INTERSECTION,STRAIGHT/LEVEL,ASPHALT,FAILURE TO YIELD RIGHT OF WAY,RIGHT ANGLE,JEFFERSONSTUNIONVILLERD,NONE
372,INDIANA UNIV BLOOMINGTON PD,BLOOMINGTON,2021-11-17T00:00:00,8:26 PM,3,0,1,0,0,"","","",E 10TH ST,N SUNRISE DR,"",85,W,,,LOCAL/CITY ROAD,Y,URBAN,N,N,N,"",DARK (LIGHTED),RAIN,WET,"",NO JUNCTION INVOLVED,STRAIGHT/LEVEL,ASPHALT,"",REAR END,10THSTREETSTSUNRISEDRIVEDR,NONE
373,INDIANA UNIV BLOOMINGTON PD,BLOOMINGTON,2021-11-17T00:00:00,11:30 PM,2,0,0,0,0,"","","",SR 45/46,N MILO B SAMPSON LN,"",,"",,,STATE ROAD,N,URBAN,N,N,N,"",DARK (LIGHTED),RAIN,WET,"",NO JUNCTION INVOLVED,STRAIGHT/LEVEL,ASPHALT,FOLLOWING TOO CLOSELY,REAR END,NMILOBSAMPSONLNSR46,LANE CONTROL
374,BLOOMINGTON PD,BLOOMINGTON,2021-11-17T00:00:00,11:52 PM,2,0,4,0,0,"","","",E 7TH ST,N LINCOLN ST,"",,"",,,LOCAL/CITY ROAD,N,URBAN,N,N,N,"",DARK (LIGHTED),RAIN,WET,"",FOUR-WAY INTERSECTION,STRAIGHT/LEVEL,ASPHALT,FAILURE TO YIELD RIGHT OF WAY,RIGHT ANGLE,E7THSTNLINCOLINST,STOP SIGN
375,MONROE SD,BLOOMINGTON,2021-11-16T00:00:00,5:19 AM,1,0,0,0,1,"","","",SR 45,"","",500,W,39.08681665,-86.67374603,STATE ROAD,N,URBAN,N,N,N,"",DARK (NOT LIGHTED),CLEAR,DRY,"",T-INTERSECTION,CURVE/GRADE,ASPHALT,ANIMAL/OBJECT IN ROADWAY,COLLISION WITH DEER,SBREEDENRDSR45E,LANE CONTROL
376,BLOOMINGTON PD,BLOOMINGTON,2021-11-16T00:00:00,7:19 AM,3,,1,0,0,"","","",SR 45/46,N KINSER PIKE,"",0,"",,,STATE ROAD,"",URBAN,N,N,N,"",DAYLIGHT,CLEAR,DRY,"",FOUR-WAY INTERSECTION,"",ASPHALT,FOLLOWING TOO CLOSELY,REAR END,N.KINSERPIKE45/46BYPASS,""
377,BLOOMINGTON PD,BLOOMINGTON,2021-11-16T00:00:00,11:16 AM,2,,1,0,0,"","","",W BLOOMFIELD RD,S ROLLING RIDGE WAY,"",0,"",39.1549324,-86.56324092,LOCAL/CITY ROAD,"",URBAN,N,N,N,"",DAYLIGHT,CLOUDY,DRY,"",FOUR-WAY INTERSECTION,"",ASPHALT,FOLLOWING TOO CLOSELY,REAR END,WBloomfieldRdSRollingRidgeWay,""
378,BLOOMINGTON PD,BLOOMINGTON,2021-11-16T00:00:00,11:33 AM,2,0,1,0,0,"","",Y,W BLOOMFIELD RD,I-69 N,"",,"",39.148144,-86.572992,LOCAL/CITY ROAD,N,URBAN,N,N,N,"",DAYLIGHT,CLEAR,DRY,"",T-INTERSECTION,STRAIGHT/GRADE,ASPHALT,FAILURE TO YIELD RIGHT OF WAY,RIGHT ANGLE,SR37NWBLOOMFIELDRD,TRAFFIC CONTROL SIGNAL
379,ELLETTSVILLE PD,ELLETTSVILLE,2021-11-16T00:00:00,12:44 PM,2,0,0,0,0,"","","",N THOMAS RD,APACHE DR,"",,"",39.221408,-86.630464,LOCAL/CITY ROAD,N,URBAN,N,N,N,"",DAYLIGHT,CLEAR,DRY,"",NO JUNCTION INVOLVED,STRAIGHT/LEVEL,ASPHALT,FOLLOWING TOO CLOSELY,REAR END,APACHEDRTHOMASRD,LANE CONTROL
380,BLOOMINGTON PD,BLOOMINGTON,2021-11-16T00:00:00,3:53 PM,2,,0,0,0,"","","",N KINSER PIKE,W BROOKDALE DR,"",0,"",,,LOCAL/CITY ROAD,"",URBAN,N,N,N,"",DAYLIGHT,CLEAR,DRY,"",FOUR-WAY INTERSECTION,"",ASPHALT,FOLLOWING TOO CLOSELY,REAR END,WBrookdaleDrNKinserPike,""
381,BLOOMINGTON PD,BLOOMINGTON,2021-11-16T00:00:00,4:27 PM,2,,0,0,0,"","","",E 10TH ST,N DUNN ST,"",0,"",,,LOCAL/CITY ROAD,"",URBAN,N,N,N,"",DAYLIGHT,CLEAR,DRY,"",FOUR-WAY INTERSECTION,"",ASPHALT,FOLLOWING TOO CLOSELY,REAR END,NorthDunnStreetEast10thStreet,""
382,MONROE SD,BLOOMINGTON,2021-11-16T00:00:00,4:58 PM,2,0,0,0,0,"","","",E EARL YOUNG RD,"","",566,S,39.225536,-86.454592,LOCAL/CITY ROAD,N,RURAL,N,N,N,"",DAYLIGHT,CLEAR,DRY,"",NO JUNCTION INVOLVED,STRAIGHT/HILLCREST,ASPHALT,DRIVER DISTRACTED - EXPLAIN IN NARRATIVE,SAME DIRECTION SIDESWIPE,EEARLYOUNGRDEWELLSTONEDR,NONE
383,MONROE SD,BLOOMINGTON,2021-11-16T00:00:00,6:49 PM,2,0,0,0,0,"","","",W OLD SR 37,E OLD MEYERS RD,"",,"",39.231936,-86.506288,LOCAL/CITY ROAD,N,RURAL,N,N,N,"",DARK (NOT LIGHTED),CLOUDY,DRY,"",T-INTERSECTION,STRAIGHT/LEVEL,ASPHALT,FOLLOWING TOO CLOSELY,REAR END,EOLDMYERSRDNOLDSTATE37RD,NONE
384,MONROE SD,BLOOMINGTON,2021-11-16T00:00:00,7:33 PM,1,0,0,0,1,"","","",W VERNAL PIKE,"","",1295,S,,,LOCAL/CITY ROAD,N,RURAL,N,N,N,"",DARK (NOT LIGHTED),CLOUDY,DRY,"",NO JUNCTION INVOLVED,STRAIGHT/LEVEL,ASPHALT,ANIMAL/OBJECT IN ROADWAY,COLLISION WITH DEER,WOLDVERNALPIKEWVERNALPIKE,NONE
385,MONROE SD,BLOOMINGTON,2021-11-15T00:00:00,3:22 AM,1,0,1,0,0,"","","",I-69 S,"","",100,N,,,INTERSTATE,N,URBAN,N,N,N,"",DARK (NOT LIGHTED),CLEAR,DRY,"",NO JUNCTION INVOLVED,STRAIGHT/GRADE,ASPHALT,DRIVER ASLEEP OR FATIGUED,RAN OFF ROAD,I69S124.5,LANE CONTROL
386,BLOOMINGTON PD,BLOOMINGTON,2021-11-15T00:00:00,5:30 AM,2,,0,0,0,"","","",W 3RD ST,S CORY LN,"",0,"",,,LOCAL/CITY ROAD,"",URBAN,N,N,N,"",DARK (LIGHTED),CLOUDY,DRY,"",T-INTERSECTION,"",ASPHALT,FAILURE TO YIELD RIGHT OF WAY,RIGHT ANGLE,West3rdStreetSouthCoryLane,""
387,ELLETTSVILLE PD,ELLETTSVILLE,2021-11-15T00:00:00,7:10 AM,2,0,0,0,0,"","","",SR 46,N HARTSTRAIT RD,"",,"",39.227624,-86.615919,STATE ROAD,N,URBAN,N,N,N,"",DAWN/DUSK,CLEAR,DRY,"",NO JUNCTION INVOLVED,STRAIGHT/LEVEL,ASPHALT,FOLLOWING TOO CLOSELY,REAR END,HARTSTRAITRDSR46W,TRAFFIC CONTROL SIGNAL
388,ISP BLOOMINGTON 33,BLOOMINGTON,2021-11-15T00:00:00,8:05 AM,1,,0,0,1,"","","",I-69 N,"","",0,"",39.10382949,-86.55921244,INTERSTATE,"",RURAL,N,N,N,"",DAYLIGHT,CLEAR,DRY,"",NO JUNCTION INVOLVED,"",ASPHALT,ANIMAL/OBJECT IN ROADWAY,COLLISION WITH DEER,113.7MMI69NB,""
389,INDIANA UNIV BLOOMINGTON PD,BLOOMINGTON,2021-11-15T00:00:00,12:30 PM,2,0,0,0,0,"","","",S JORDAN AVE,E 3RD ST,"",,"",,,LOCAL/CITY ROAD,N,URBAN,N,N,N,"",DAYLIGHT,CLOUDY,DRY,"",T-INTERSECTION,STRAIGHT/LEVEL,ASPHALT,IMPROPER LANE USAGE,SAME DIRECTION SIDESWIPE,JORDANAVETHIRDST,TRAFFIC CONTROL SIGNAL
390,ISP BLOOMINGTON 33,BLOOMINGTON,2021-11-15T00:00:00,12:34 PM,2,,0,0,0,"","","",SR 48,S LIBERTY DR,"",0,"",39.16457033,-86.58076233,LOCAL/CITY ROAD,"",URBAN,N,N,N,"",DAYLIGHT,CLEAR,DRY,"",NO JUNCTION INVOLVED,"",ASPHALT,FAILURE TO YIELD RIGHT OF WAY,RIGHT TURN,W3rdStSLibertyDr,""
391,MONROE SD,BLOOMINGTON,2021-11-15T00:00:00,3:34 PM,2,1,0,0,0,"","","",SR 37,"","",700,S,39.08403329,-86.54093367,STATE ROAD,Y,RURAL,N,Y,N,"",DAYLIGHT,CLEAR,DRY,"",NO JUNCTION INVOLVED,STRAIGHT/LEVEL,ASPHALT,IMPROPER LANE USAGE,SAME DIRECTION SIDESWIPE,OLDSTATE37SRDSR37S,NONE
392,MONROE SD,BLOOMINGTON,2021-11-15T00:00:00,4:22 PM,2,0,0,0,0,"","","",SR 37,W SMITHVILLE RD,"",,"",39.16424,-86.480688,STATE ROAD,N,RURAL,N,Y,N,"",DAYLIGHT,CLEAR,DRY,"",T-INTERSECTION,STRAIGHT/GRADE,ASPHALT,FAILURE TO YIELD RIGHT OF WAY,RIGHT ANGLE,ESMITHVILLERDSR37S,NONE
393,MONROE SD,BLOOMINGTON,2021-11-15T00:00:00,4:24 PM,2,0,0,0,0,"","","",I-69 S,"","",,"",0,0,INTERSTATE,Y,RURAL,N,N,N,"",DAYLIGHT,CLEAR,DRY,"",NO JUNCTION INVOLVED,STRAIGHT/LEVEL,ASPHALT,IMPROPER LANE USAGE,SAME DIRECTION SIDESWIPE,I69S123.0,NONE
394,MONROE SD,BLOOMINGTON,2021-11-15T00:00:00,4:45 PM,2,0,0,0,0,"","","",SR 37,W DILLMAN RD,"",,"",39.092965,-86.546052,STATE ROAD,N,RURAL,N,N,N,"",DAYLIGHT,CLEAR,DRY,"",FOUR-WAY INTERSECTION,STRAIGHT/LEVEL,ASPHALT,FAILURE TO YIELD RIGHT OF WAY,RIGHT ANGLE,SR37SWDILLMANRD,FLASHING OVERHEAD BEACON
395,BLOOMINGTON PD,BLOOMINGTON,2021-11-15T00:00:00,5:23 PM,2,0,0,0,0,"","","",SR 46,KINGSTON DR S,"",,"",39.16424,-86.492944,LOCAL/CITY ROAD,Y,URBAN,N,N,N,"",DAWN/DUSK,CLOUDY,DRY,"",FOUR-WAY INTERSECTION,STRAIGHT/LEVEL,ASPHALT,FOLLOWING TOO CLOSELY,REAR END,EAST3RDSTSOUTHKINGSTONDR,TRAFFIC CONTROL SIGNAL
396,INDIANA UNIV BLOOMINGTON PD,BLOOMINGTON,2021-11-15T00:00:00,7:00 PM,2,0,0,0,0,"","","",SR 45/46,E 10TH ST,"",,"",,,STATE ROAD,Y,URBAN,N,N,N,"",DARK (LIGHTED),CLEAR,DRY,"",FOUR-WAY INTERSECTION,STRAIGHT/LEVEL,ASPHALT,FOLLOWING TOO CLOSELY,REAR END,SR45SR46,TRAFFIC CONTROL SIGNAL
397,MONROE SD,BLOOMINGTON,2021-11-15T00:00:00,8:20 PM,1,0,0,0,1,"","","",SR 45,W AIRPORT RD,"",150,W,39.13657411,-86.59418719,STATE ROAD,N,RURAL,N,N,N,"",DARK (NOT LIGHTED),CLEAR,DRY,"",T-INTERSECTION,STRAIGHT/LEVEL,ASPHALT,ANIMAL/OBJECT IN ROADWAY,COLLISION WITH DEER,SR45WWAIRPORTRD,NONE
398,BLOOMINGTON PD,BLOOMINGTON,2021-11-15T00:00:00,8:45 PM,2,0,0,0,0,1839,"","",S OAKDALE DR E,"","",,"",,,LOCAL/CITY ROAD,Y,URBAN,N,N,N,"",DARK (LIGHTED),CLEAR,DRY,"",NO JUNCTION INVOLVED,STRAIGHT/LEVEL,ASPHALT,IMPROPER LANE USAGE,BACKING CRASH,SPECANLN,NONE
399,MONROE SD,BLOOMINGTON,2021-11-15T00:00:00,8:49 PM,1,0,0,0,1,"","","",SR 37,"","",,"",0,0,STATE ROAD,N,RURAL,N,N,N,"",DARK (NOT LIGHTED),CLEAR,DRY,"",NO JUNCTION INVOLVED,STRAIGHT/GRADE,ASPHALT,ANIMAL/OBJECT IN ROADWAY,COLLISION WITH DEER,SR37SR53,NONE
400,BLOOMINGTON PD,BLOOMINGTON,2021-11-15T00:00:00,9:18 PM,2,0,0,0,0,"","","",S ADAMS ST,W 2ND ST,"",50,S,,,LOCAL/CITY ROAD,N,URBAN,N,N,N,"",DARK (NOT LIGHTED),CLOUDY,DRY,"",FOUR-WAY INTERSECTION,STRAIGHT/GRADE,ASPHALT,IMPROPER TURNING,LEFT TURN,SOUTHADAMSSTWESTBLOOMFIELDRD,TRAFFIC CONTROL SIGNAL
401,BLOOMINGTON PD,BLOOMINGTON,2021-11-15T00:00:00,10:00 PM,2,0,0,0,0,"","","",S COLLEGE MALL RD,E 2ND ST,"",,"",39.160944,-86.497696,LOCAL/CITY ROAD,Y,URBAN,N,N,N,"",DARK (LIGHTED),CLOUDY,DRY,"",FOUR-WAY INTERSECTION,STRAIGHT/LEVEL,ASPHALT,UNSAFE LANE MOVEMENT,SAME DIRECTION SIDESWIPE,E2NDSTSCOLLEGEMALLRD,TRAFFIC CONTROL SIGNAL
402,ISP BLOOMINGTON 33,BLOOMINGTON,2021-11-14T00:00:00,12:05 AM,1,,0,0,1,"","","",I-69 N,"","",0,"",39.24107499,-86.53628058,INTERSTATE,"",RURAL,N,Y,N,"",DARK (NOT LIGHTED),CLEAR,DRY,"",NO JUNCTION INVOLVED,"",ASPHALT,ANIMAL/OBJECT IN ROADWAY,COLLISION WITH DEER,I-69123,""
403,BLOOMINGTON PD,BLOOMINGTON,2021-11-14T00:00:00,12:23 PM,2,0,1,0,0,"","","",W 11TH ST,N ASHLYNN PARK DR,"",,"",,,LOCAL/CITY ROAD,N,URBAN,N,N,N,"",DAYLIGHT,RAIN,WET,"",T-INTERSECTION,STRAIGHT/GRADE,ASPHALT,FAILURE TO YIELD RIGHT OF WAY,LEFT TURN,NASHLYNNPARKDRW11THST,STOP SIGN
404,BLOOMINGTON PD,BLOOMINGTON,2021-11-14T00:00:00,12:27 PM,2,,0,0,0,"","","",W TAPP RD,S ROCKPORT RD,"",0,"",39.13633186,-86.54890842,LOCAL/CITY ROAD,"",URBAN,N,N,N,"",DAYLIGHT,RAIN,WET,"",FOUR-WAY INTERSECTION,"",ASPHALT,UNSAFE LANE MOVEMENT,HEAD ON BETWEEN TWO MOTOR VEHICLES,WTappRdSRockportRd,""
405,MONROE SD,BLOOMINGTON,2021-11-14T00:00:00,12:45 PM,2,0,0,0,0,"","","",SR 45/46,I-69 S,"",,"",,,STATE ROAD,N,URBAN,N,N,N,"",DAYLIGHT,SLEET/HAIL/FREEZING RAIN,WET,"",INTERCHANGE,STRAIGHT/LEVEL,ASPHALT,SPEED TOO FAST FOR WEATHER CONDITIONS,REAR END,I69SOUTHBOUNDENTRANCERAMPHWYSR46W,TRAFFIC CONTROL SIGNAL
406,INDIANA UNIV BLOOMINGTON PD,BLOOMINGTON,2021-11-14T00:00:00,12:50 PM,2,0,0,0,0,"","","",SR 45/46,E 10TH ST,"",100,N,,,STATE ROAD,N,URBAN,N,N,N,"",DAYLIGHT,RAIN,WET,"",NO JUNCTION INVOLVED,STRAIGHT/LEVEL,ASPHALT,SPEED TOO FAST FOR WEATHER CONDITIONS,REAR END,EAST10THSTSR46S,NONE
407,ELLETTSVILLE PD,ELLETTSVILLE,2021-11-14T00:00:00,12:56 PM,2,0,0,0,0,"","","",SR 46,N HARTSTRAIT RD,"",,"",,,STATE ROAD,N,URBAN,N,N,N,"",DAYLIGHT,RAIN,WET,"",NO JUNCTION INVOLVED,STRAIGHT/LEVEL,ASPHALT,SPEED TOO FAST FOR WEATHER CONDITIONS,RIGHT ANGLE,HARTSTRAITRDSR46W,TRAFFIC CONTROL SIGNAL
408,BLOOMINGTON PD,BLOOMINGTON,2021-11-14T00:00:00,1:10 PM,2,,0,0,0,"","","",S COLLEGE AVE,W 1ST ST,"",0,"",,,LOCAL/CITY ROAD,"",RURAL,N,N,N,"",DAYLIGHT,RAIN,WET,"",NO JUNCTION INVOLVED,"",ASPHALT,DRIVER DISTRACTED - EXPLAIN IN NARRATIVE,REAR END,W.1STSTS.COLLEGEAVE,""
409,MONROE SD,BLOOMINGTON,2021-11-14T00:00:00,1:35 PM,1,0,2,0,0,3925,"","",N SUGAR LN,"","",,"",39.211952,-86.576192,LOCAL/CITY ROAD,Y,"",N,N,N,"",DAYLIGHT,RAIN,WET,"",NO JUNCTION INVOLVED,NON-ROADWAY CRASH,OTHER - EXPLAIN IN NARRATIVE,RAN OFF ROAD RIGHT,RAN OFF ROAD,NSUGARLN,NONE
410,MONROE SD,BLOOMINGTON,2021-11-14T00:00:00,1:35 PM,1,0,0,0,0,3900,"","",N SUGAR LN,"","",,"",,,COUNTY ROAD,N,URBAN,N,N,N,"",DAYLIGHT,CLOUDY,WET,"",NO JUNCTION INVOLVED,STRAIGHT/LEVEL,OTHER - EXPLAIN IN NARRATIVE,OTHER (DRIVER) - EXPLAIN IN NARRATIVE,OTHER - EXPLAIN IN NARRATIVE,SUGARLN,NONE
411,BLOOMINGTON PD,BLOOMINGTON,2021-11-14T00:00:00,3:00 PM,1,0,1,0,0,"","","",E 3RD ST,S COLLEGE MALL RD,"",,"",39.16424,-86.4984,LOCAL/CITY ROAD,Y,URBAN,N,N,N,"",DAYLIGHT,CLEAR,DRY,"",FOUR-WAY INTERSECTION,STRAIGHT/LEVEL,ASPHALT,FAILURE TO YIELD RIGHT OF WAY,LEFT/RIGHT TURN,E3RDSTSCOLLEGEMALLRD,TRAFFIC CONTROL SIGNAL
412,MONROE SD,BLOOMINGTON,2021-11-14T00:00:00,3:23 PM,2,0,0,0,0,"","","",E BOLTINGHOUSE RD,"","",850,W,39.230298,-86.47331049,COUNTY ROAD,N,RURAL,N,N,N,"",DAYLIGHT,CLOUDY,DRY,"",NO JUNCTION INVOLVED,CURVE/LEVEL,ASPHALT,FAILURE TO YIELD RIGHT OF WAY,OPPOSITE DIRECTION SIDESWIPE,BOLTINGHOUSERDEARLYOUNGRD,NONE
413,MONROE SD,BLOOMINGTON,2021-11-13T00:00:00,7:55 AM,1,0,0,0,1,"","","",N SR 37 BUSINESS,W BAYLES RD,"",200,S,,,LOCAL/CITY ROAD,N,URBAN,N,N,N,"",DAWN/DUSK,RAIN,WET,"",FOUR-WAY INTERSECTION,STRAIGHT/LEVEL,ASPHALT,ANIMAL/OBJECT IN ROADWAY,COLLISION WITH DEER,NSTATEROAD37BUSINESSRDWBAYLESRD,NONE
414,BLOOMINGTON PD,BLOOMINGTON,2021-11-13T00:00:00,10:15 AM,2,,0,0,0,"","","",KINGSTON DR S,ENTRANCE TO TARGET (N),"",250,"",,,"","",URBAN,N,N,N,"",DAYLIGHT,CLOUDY,DRY,"",FOUR-WAY INTERSECTION,"",ASPHALT,FAILURE TO YIELD RIGHT OF WAY,RIGHT ANGLE,S.KINGSTONDRE.3RDST,""
415,ELLETTSVILLE PD,ELLETTSVILLE,2021-11-13T00:00:00,10:27 AM,2,0,0,0,0,309,"","",SR 46,S PARK ST,"",,"",39.22994707,-86.61919656,UNKNOWN,Y,"",N,N,N,"",DAYLIGHT,CLOUDY,DRY,"",NO JUNCTION INVOLVED,STRAIGHT/LEVEL,ASPHALT,OTHER (DRIVER) - EXPLAIN IN NARRATIVE,SAME DIRECTION SIDESWIPE,ETEMPERANCEST,NONE
416,INDIANA UNIV BLOOMINGTON PD,BLOOMINGTON,2021-11-13T00:00:00,12:40 PM,2,0,0,0,0,"","","",N ROSE AVE,E 7TH ST,"",,"",,,LOCAL/CITY ROAD,N,URBAN,N,N,N,"",DAYLIGHT,CLOUDY,DRY,"",T-INTERSECTION,STRAIGHT/LEVEL,ASPHALT,IMPROPER TURNING,LEFT TURN,E7THSTNROSEAVE,STOP SIGN
417,INDIANA UNIV BLOOMINGTON PD,BLOOMINGTON,2021-11-13T00:00:00,9:05 PM,2,0,0,0,0,"","","",S FACULTY AVE,E 3RD ST,"",,"",,,LOCAL/CITY ROAD,N,URBAN,N,N,N,"",DARK (LIGHTED),CLEAR,DRY,"",NO JUNCTION INVOLVED,STRAIGHT/LEVEL,ASPHALT,UNSAFE LANE MOVEMENT,SAME DIRECTION SIDESWIPE,FACULTYAVETHIRDST,NONE
418,INDIANA UNIV BLOOMINGTON PD,BLOOMINGTON,2021-11-13T00:00:00,9:10 PM,2,0,0,0,0,1603,"","",E JONES AVE,"","",,"",,,UNKNOWN,Y,URBAN,N,N,N,"",DARK (LIGHTED),CLEAR,DRY,"",NO JUNCTION INVOLVED,STRAIGHT/LEVEL,ASPHALT,UNSAFE BACKING,BACKING CRASH,THIRDST,NONE
419,MONROE SD,BLOOMINGTON,2021-11-12T00:00:00,4:41 AM,1,0,0,0,1,"","","",SR 46,E KENT RD,"",,"",39.152448,-86.400288,STATE ROAD,N,RURAL,N,Y,N,"",DARK (NOT LIGHTED),CLEAR,DRY,"",T-INTERSECTION,CURVE/LEVEL,ASPHALT,ANIMAL/OBJECT IN ROADWAY,COLLISION WITH ANIMAL OTHER,EKENTRDSR46E,LANE CONTROL
420,ELLETTSVILLE PD,ELLETTSVILLE,2021-11-12T00:00:00,5:48 AM,1,0,0,0,1,"","","",SR 46,"","",400,W,39.21787635,-86.60014813,STATE ROAD,N,URBAN,N,N,N,"",DARK (NOT LIGHTED),CLEAR,DRY,"",NO JUNCTION INVOLVED,STRAIGHT/LEVEL,ASPHALT,ANIMAL/OBJECT IN ROADWAY,COLLISION WITH DEER,RIDGEWOODDRSR46W,LANE CONTROL
421,ISP BLOOMINGTON 33,BLOOMINGTON,2021-11-12T00:00:00,6:15 AM,2,,0,0,0,"","","",SR 46,"","",898,"",39.16568499,-86.49892277,STATE ROAD,"",URBAN,N,N,N,"",DARK (NOT LIGHTED),CLOUDY,WET,"",NO JUNCTION INVOLVED,"",ASPHALT,FOLLOWING TOO CLOSELY,REAR END,SR463rdSt,""
422,MONROE SD,BLOOMINGTON,2021-11-12T00:00:00,8:12 AM,2,0,0,0,0,"","","",S LIBERTY DR,W CONSTITUTION AVE,"",200,N,39.149552,-86.575936,COUNTY ROAD,N,RURAL,N,N,N,"",DAYLIGHT,BLOWING SAND/SOIL/SNOW,DRY,"",NO JUNCTION INVOLVED,CURVE/GRADE,ASPHALT,FOLLOWING TOO CLOSELY,REAR END,CONSTITUTIONWAYSOUTHLIBERTYDR,NONE
423,BLOOMINGTON PD,BLOOMINGTON,2021-11-12T00:00:00,8:45 AM,2,0,0,0,0,"","","",S PATTERSON DR,W 2ND ST,"",100,S,,,LOCAL/CITY ROAD,N,URBAN,N,N,N,"",DAYLIGHT,CLEAR,DRY,"",NO JUNCTION INVOLVED,STRAIGHT/LEVEL,ASPHALT,FOLLOWING TOO CLOSELY,REAR END,SPATTERSONDRW2NDST,NONE
424,ISP BLOOMINGTON 33,BLOOMINGTON,2021-11-12T00:00:00,9:05 AM,2,,0,0,0,"","","",W DILLMAN RD,SR 37,"",0,"",39.09297869,-86.54593653,LOCAL/CITY ROAD,"",RURAL,N,N,N,"",DAYLIGHT,CLEAR,DRY,"",FOUR-WAY INTERSECTION,"",ASPHALT,"",LEFT/RIGHT TURN,WDillmanRdStateRd37,""
425,BLOOMINGTON PD,BLOOMINGTON,2021-11-12T00:00:00,10:36 AM,2,0,0,0,0,"","","",S WALNUT ST,BLACK LUMBER TRAIL/SWITCHYARD PARK PEDESTRIAN CROSSING,"",250,S,39.148928,-86.53312,LOCAL/CITY ROAD,N,URBAN,N,N,N,"",DAYLIGHT,CLEAR,DRY,"",NO JUNCTION INVOLVED,STRAIGHT/LEVEL,ASPHALT,UNSAFE LANE MOVEMENT,SAME DIRECTION SIDESWIPE,EVERMILYAAVESWALNUTST,OTHER
426,BLOOMINGTON PD,BLOOMINGTON,2021-11-12T00:00:00,12:44 PM,2,0,0,0,0,"","","",S WALNUT ST,W 3RD ST,"",,"",39.16464,-86.5336,LOCAL/CITY ROAD,N,URBAN,N,N,N,"",DAYLIGHT,CLOUDY,DRY,"",FOUR-WAY INTERSECTION,STRAIGHT/LEVEL,ASPHALT,UNSAFE LANE MOVEMENT,SAME DIRECTION SIDESWIPE,SWALNUTSTW3RDST,TRAFFIC CONTROL SIGNAL
427,MONROE SD,BLOOMINGTON,2021-11-12T00:00:00,3:03 PM,2,0,1,0,0,"","","",SR 45,N BRUMMETTS CREEK RD,"",,"",39.230544,-86.42,STATE ROAD,N,RURAL,N,N,N,"",DAYLIGHT,CLOUDY,DRY,"",NO JUNCTION INVOLVED,STRAIGHT/HILLCREST,ASPHALT,FAILURE TO YIELD RIGHT OF WAY,LEFT TURN,NBRUMMETTSCREEKRDSR45E,LANE CONTROL
428,BLOOMINGTON PD,BLOOMINGTON,2021-11-12T00:00:00,3:12 PM,2,0,0,0,0,"","","",SR 46,E EASTGATE LN (N),"",1000,S,39.17024,-86.501392,STATE ROAD,N,URBAN,N,N,N,"",DAYLIGHT,CLOUDY,DRY,"",NO JUNCTION INVOLVED,STRAIGHT/LEVEL,ASPHALT,FOLLOWING TOO CLOSELY,REAR END,EASTGATELNSR45N,LANE CONTROL