_id,Agency,City,Collision Date,Collision Time,Vehicles Involved,Trailers Involved,Number Injured,Number Dead,Number Deer,House Number,Roadway Interchange,Roadway Ramp,Roadway Id,Intersecting Road,Interchange,Feet From,Direction,Latitude,Longitude,Roadway Class,Hit and Run?,Locality,School Zone?,Rumble Strips?,Construction?,Construction Type,Light Condition,Weather Conditions,Surface Condition,Type of Median,Roadway Junction Type,Road Character,Roadway Surface,Primary Factor,Manner of Collision,Unique Location Id,Traffic Control
429,BLOOMINGTON PD,BLOOMINGTON,2021-11-12T00:00:00,3:37 PM,2,,0,0,0,1710,"","",N KINSER PIKE,ENTRANCE TO HOLLIDAY INN,"",0,"",,,LOCAL/CITY ROAD,"",URBAN,N,N,N,"",DAYLIGHT,CLOUDY,DRY,"",T-INTERSECTION,"",ASPHALT,FAILURE TO YIELD RIGHT OF WAY,LEFT TURN,NKinserPike,""
430,MONROE SD,BLOOMINGTON,2021-11-12T00:00:00,3:59 PM,1,0,0,0,0,"","","",SR 48,S CAVE RD,"",,"",39.163152,-86.629104,STATE ROAD,N,RURAL,N,N,N,"",DAYLIGHT,CLOUDY,DRY,"",T-INTERSECTION,CURVE/GRADE,ASPHALT,ANIMAL/OBJECT IN ROADWAY,COLLISION WITH OBJECT IN ROAD,CAVERDSR48W,NONE
431,ISP BLOOMINGTON 33,BLOOMINGTON,2021-11-12T00:00:00,4:46 PM,2,,0,0,0,"","","",SR 45,E MARTIN DR,"",422,"",39.20404279,-86.46347337,STATE ROAD,"",RURAL,N,N,N,"",DAYLIGHT,RAIN,WET,"",NO JUNCTION INVOLVED,"",ASPHALT,"",OPPOSITE DIRECTION SIDESWIPE,StateRd45NMartinDr,""
432,BLOOMINGTON PD,BLOOMINGTON,2021-11-12T00:00:00,4:51 PM,3,,0,0,0,"","","",N KINSER PIKE,SR 45/46,"",0,"",,,LOCAL/CITY ROAD,"",URBAN,N,N,N,"",DAYLIGHT,CLOUDY,WET,"",FOUR-WAY INTERSECTION,"",ASPHALT,FOLLOWING TOO CLOSELY,REAR END,WSR45/46BypassNKInserPike,""
433,MONROE SD,BLOOMINGTON,2021-11-12T00:00:00,5:39 PM,1,0,0,0,1,"","","",SR 37,"","",500,N,39.09434418,-86.54580002,STATE ROAD,N,RURAL,N,N,Y,WORK ON SHOULDER,DARK (NOT LIGHTED),CLOUDY,DRY,"",NO JUNCTION INVOLVED,STRAIGHT/GRADE,ASPHALT,ANIMAL/OBJECT IN ROADWAY,COLLISION WITH DEER,DILLMANRDSR37S,NONE
434,MONROE SD,BLOOMINGTON,2021-11-12T00:00:00,6:00 PM,1,0,0,0,1,"","","",SR 37,"","",1000,S,39.01733966,-86.53666059,STATE ROAD,N,RURAL,N,N,N,"",DARK (NOT LIGHTED),CLOUDY,DRY,"",NO JUNCTION INVOLVED,STRAIGHT/GRADE,ASPHALT,ANIMAL/OBJECT IN ROADWAY,COLLISION WITH DEER,MONROEDAMRDSR37S,NONE
435,BLOOMINGTON PD,BLOOMINGTON,2021-11-12T00:00:00,7:16 PM,2,,0,0,0,"","","",S COLLEGE MALL RD,E MOORES PIKE,"",0,"",,,LOCAL/CITY ROAD,"",URBAN,N,N,N,"",DARK (LIGHTED),CLEAR,DRY,"",FOUR-WAY INTERSECTION,"",ASPHALT,FOLLOWING TOO CLOSELY,REAR END,SCollegeMallRdEMooresPike,""
436,BLOOMINGTON PD,BLOOMINGTON,2021-11-12T00:00:00,7:33 PM,2,,0,0,0,"","","",S FESS AVE,E ATWATER AVE,"",0,"",,,LOCAL/CITY ROAD,"",URBAN,N,N,N,"",DARK (LIGHTED),CLOUDY,DRY,"",NO JUNCTION INVOLVED,"",ASPHALT,FAILURE TO YIELD RIGHT OF WAY,BACKING CRASH,SouthFessAvenueAtwaterAvenue,""
437,ISP BLOOMINGTON 33,BLOOMINGTON,2021-11-12T00:00:00,7:45 PM,1,,0,0,1,"","","",I-69,"","",0,"",39.07432587,-86.6446895,INTERSTATE,"",RURAL,N,Y,N,"",DARK (NOT LIGHTED),CLEAR,DRY,"",NO JUNCTION INVOLVED,"",CONCRETE,ANIMAL/OBJECT IN ROADWAY,COLLISION WITH DEER,108.1MMI69,""
438,BLOOMINGTON PD,BLOOMINGTON,2021-11-12T00:00:00,9:05 PM,2,0,0,0,0,"","","",W 3RD ST,S COLLEGE AVE,"",,"",39.16464,-86.534816,LOCAL/CITY ROAD,N,URBAN,N,N,N,"",DARK (LIGHTED),CLEAR,DRY,"",FOUR-WAY INTERSECTION,STRAIGHT/LEVEL,CONCRETE,FAILURE TO YIELD RIGHT OF WAY,LEFT TURN,SOUTHCOLLEGEAVEWEST3RDST,TRAFFIC CONTROL SIGNAL
439,MONROE SD,BLOOMINGTON,2021-11-12T00:00:00,10:30 PM,1,0,0,0,1,"","","",N UNION VALLEY RD,"","",500,N,,,COUNTY ROAD,N,RURAL,N,N,N,"",DARK (NOT LIGHTED),CLOUDY,DRY,"",NO JUNCTION INVOLVED,STRAIGHT/GRADE,ASPHALT,ANIMAL/OBJECT IN ROADWAY,COLLISION WITH DEER,MCNEELYSTUNIONVALLEYRD,NONE
440,MONROE SD,BLOOMINGTON,2021-11-11T00:00:00,12:36 AM,1,0,0,0,0,"","","",S ROCKPORT RD,"","",200,N,,,COUNTY ROAD,N,RURAL,N,N,N,"",DARK (NOT LIGHTED),CLEAR,DRY,"",NO JUNCTION INVOLVED,CURVE/GRADE,ASPHALT,RAN OFF ROAD RIGHT,RAN OFF ROAD,HENNESSEYSTROCKPORTRD,NONE
441,INDIANA UNIV BLOOMINGTON PD,BLOOMINGTON,2021-11-11T00:00:00,10:07 AM,2,0,0,0,0,"","","",SR 45/46,E 17TH ST,"",,"",0,0,LOCAL/CITY ROAD,N,URBAN,N,N,N,"",DAYLIGHT,RAIN,WET,"",T-INTERSECTION,STRAIGHT/LEVEL,ASPHALT,FOLLOWING TOO CLOSELY,REAR END,EAST17THSTSR46,LANE CONTROL
442,BLOOMINGTON PD,BLOOMINGTON,2021-11-11T00:00:00,11:40 AM,1,0,0,0,0,"","","",I-69 N,W TAPP RD,"",100,S,0,0,INTERSTATE,N,URBAN,N,N,N,"",DAYLIGHT,RAIN,WET,"",NO JUNCTION INVOLVED,STRAIGHT/LEVEL,ASPHALT,RAN OFF ROAD RIGHT,RAN OFF ROAD,I69N116,NONE
443,BLOOMINGTON PD,BLOOMINGTON,2021-11-11T00:00:00,2:07 PM,2,0,0,0,0,"","","",SR 45/46,N DUNN ST,"",,"",39.186352,-86.528496,STATE ROAD,N,URBAN,N,N,N,"",DAYLIGHT,RAIN,WET,"",FOUR-WAY INTERSECTION,STRAIGHT/LEVEL,ASPHALT,FAILURE TO YIELD RIGHT OF WAY,RIGHT ANGLE,NDUNNSTSR45E,NONE
444,MONROE SD,BLOOMINGTON,2021-11-11T00:00:00,4:36 PM,1,0,1,0,0,617,"","",S CORY LN,"","",2500,S,39.164544,-86.560096,LOCAL/CITY ROAD,N,RURAL,N,N,N,"",DAYLIGHT,CLEAR,DRY,"",NO JUNCTION INVOLVED,CURVE/LEVEL,ASPHALT,RAN OFF ROAD RIGHT,RAN OFF ROAD,SCORYLNW3RDST,LANE CONTROL
445,BLOOMINGTON PD,BLOOMINGTON,2021-11-11T00:00:00,6:43 PM,2,0,0,0,0,"","","",W 3RD ST,S CORY LN,"",,"",39.164544,-86.560096,LOCAL/CITY ROAD,N,URBAN,N,N,N,"",DARK (LIGHTED),CLEAR,DRY,"",FOUR-WAY INTERSECTION,STRAIGHT/LEVEL,ASPHALT,FOLLOWING TOO CLOSELY,REAR END,SCORYLNW3RDST,TRAFFIC CONTROL SIGNAL
446,MONROE SD,BLOOMINGTON,2021-11-10T00:00:00,3:55 AM,1,0,0,0,1,"","","",I-69 S,"","",100,S,0,0,INTERSTATE,N,RURAL,N,N,N,"",DARK (NOT LIGHTED),CLEAR,DRY,"",NO JUNCTION INVOLVED,CURVE/GRADE,ASPHALT,ANIMAL/OBJECT IN ROADWAY,COLLISION WITH DEER,I69S129.5,LANE CONTROL
447,ISP BLOOMINGTON 33,BLOOMINGTON,2021-11-10T00:00:00,6:15 AM,1,,0,0,1,"","","",I-69,"","",0,"",39.07332881,-86.63697103,INTERSTATE,"",RURAL,N,N,N,"",DARK (NOT LIGHTED),CLEAR,DRY,"",NO JUNCTION INVOLVED,"",ASPHALT,ANIMAL/OBJECT IN ROADWAY,COLLISION WITH DEER,108MMI69108,""
448,ELLETTSVILLE PD,ELLETTSVILLE,2021-11-10T00:00:00,8:15 AM,2,0,1,0,0,"","","",N TABOR HILL RD,N BROADWAY AVE,"",200,E,0,0,COUNTY ROAD,N,RURAL,N,N,N,"",DAYLIGHT,CLEAR,DRY,"",NO JUNCTION INVOLVED,CURVE/GRADE,ASPHALT,RAN OFF ROAD RIGHT,OPPOSITE DIRECTION SIDESWIPE,EASTONSTNTABORHILLRD,NONE
449,BLOOMINGTON PD,BLOOMINGTON,2021-11-10T00:00:00,9:15 AM,2,0,0,0,0,"","","",E 3RD ST,S OVERHILL DR,"",,"",39.164272,-86.501488,LOCAL/CITY ROAD,N,URBAN,N,N,N,"",DAYLIGHT,CLEAR,DRY,"",T-INTERSECTION,STRAIGHT/LEVEL,ASPHALT,FAILURE TO YIELD RIGHT OF WAY,RIGHT ANGLE,E3RDSTSOVERHILLDR,LANE CONTROL
450,MONROE SD,BLOOMINGTON,2021-11-10T00:00:00,11:22 AM,2,0,0,0,0,407,"","",S WESTERN DR,W BELLE AVE,"",,"",39.16504,-86.586528,LOCAL/CITY ROAD,N,URBAN,N,N,N,"",DAYLIGHT,CLEAR,DRY,"",NO JUNCTION INVOLVED,STRAIGHT/LEVEL,ASPHALT,RAN OFF ROAD RIGHT,RIGHT ANGLE,SWESTERNDR,NONE
451,ELLETTSVILLE PD,ELLETTSVILLE,2021-11-10T00:00:00,11:30 AM,2,0,0,0,0,"","","",SR 46,N MATTHEWS DR (N),"",,"",39.234768,-86.626384,STATE ROAD,N,URBAN,N,N,N,"",DAYLIGHT,CLEAR,DRY,"",NO JUNCTION INVOLVED,STRAIGHT/GRADE,ASPHALT,FAILURE TO YIELD RIGHT OF WAY,OTHER - EXPLAIN IN NARRATIVE,MATTHEWSDRSR46W,TRAFFIC CONTROL SIGNAL
452,BLOOMINGTON PD,BLOOMINGTON,2021-11-10T00:00:00,1:32 PM,3,0,0,0,0,"","","",S ROGERS ST,W WILSON ST,"",200,S,39.13264795,-86.538749,LOCAL/CITY ROAD,N,URBAN,N,N,N,"",DAYLIGHT,CLEAR,DRY,"",FOUR-WAY INTERSECTION,STRAIGHT/LEVEL,ASPHALT,DRIVER ILLNESS,REAR END,SROGERSSTWPATTERSONDR,NONE
453,INDIANA UNIV BLOOMINGTON PD,BLOOMINGTON,2021-11-10T00:00:00,3:13 PM,2,0,0,0,0,"","","",SR 45/46,SR 45,"",,"",0,0,STATE ROAD,N,URBAN,N,N,N,"",DAYLIGHT,CLOUDY,DRY,"",FOUR-WAY INTERSECTION,STRAIGHT/LEVEL,ASPHALT,DRIVER DISTRACTED - EXPLAIN IN NARRATIVE,REAR END,SR46UNIONVILLERD,TRAFFIC CONTROL SIGNAL
454,ELLETTSVILLE PD,ELLETTSVILLE,2021-11-10T00:00:00,4:12 PM,3,0,0,0,0,"","","",N THOMAS RD,"","",1000,N,39.19178649,-86.63012246,COUNTY ROAD,N,RURAL,N,N,N,"",DAYLIGHT,CLEAR,DRY,"",NO JUNCTION INVOLVED,STRAIGHT/HILLCREST,ASPHALT,UNSAFE BACKING,BACKING CRASH,THOMASRDVERNALPIKE,NONE
455,INDIANA UNIV BLOOMINGTON PD,BLOOMINGTON,2021-11-10T00:00:00,5:12 PM,2,0,0,0,0,"","","",N CAMPBELL ST,E 7TH ST,"",,"",39.168698,-86.513886,LOCAL/CITY ROAD,N,URBAN,N,N,N,"",DAYLIGHT,CLEAR,DRY,"",NO JUNCTION INVOLVED,STRAIGHT/LEVEL,ASPHALT,UNSAFE BACKING,BACKING CRASH,E7THSTNCAMPBELLST,NONE
456,MONROE SD,BLOOMINGTON,2021-11-10T00:00:00,5:25 PM,1,0,0,0,0,4111,"","",GARDEN HILL MOBILE HOME PARK,"","",,"",39.179248,-86.58292,UNKNOWN,N,URBAN,N,N,N,"",DAYLIGHT,CLEAR,DRY,"",NO JUNCTION INVOLVED,NON-ROADWAY CRASH,ASPHALT,BRAKE FAILURE OR DEFECTIVE,RAN OFF ROAD,WVERNALPIKE,NONE
457,BLOOMINGTON PD,BLOOMINGTON,2021-11-10T00:00:00,5:57 PM,2,0,0,0,0,"","","",S AUTO MALL RD,E COVENANTER DR,"",,"",39.15503,-86.496088,LOCAL/CITY ROAD,N,URBAN,N,N,N,"",DARK (LIGHTED),CLEAR,DRY,"",FOUR-WAY INTERSECTION,STRAIGHT/LEVEL,ASPHALT,FAILURE TO YIELD RIGHT OF WAY,RIGHT ANGLE,ECOVENANTERDRSAUTOMALLRD,STOP SIGN
458,BLOOMINGTON PD,BLOOMINGTON,2021-11-09T00:00:00,8:25 AM,2,0,0,0,0,"","","",S WALNUT ST,W DODDS ST,"",,"",39.157407,-86.53438,LOCAL/CITY ROAD,Y,URBAN,N,N,N,"",DAYLIGHT,CLEAR,DRY,"",FOUR-WAY INTERSECTION,STRAIGHT/LEVEL,ASPHALT,FAILURE TO YIELD RIGHT OF WAY,RIGHT ANGLE,DODDSSTSWALNUTST,STOP SIGN
459,BLOOMINGTON PD,BLOOMINGTON,2021-11-09T00:00:00,12:07 PM,2,1,0,0,0,"","","",S STRONG DR,"","",2500,S,38.89156073,-86.55293213,LOCAL/CITY ROAD,N,URBAN,N,N,N,"",DAYLIGHT,CLEAR,DRY,"",NO JUNCTION INVOLVED,STRAIGHT/GRADE,ASPHALT,IMPROPER TURNING,LEFT TURN,STRONGDRWALLENST,LANE CONTROL
460,INDIANA UNIV BLOOMINGTON PD,BLOOMINGTON,2021-11-09T00:00:00,12:10 PM,2,0,0,0,0,"","","",SR 45/46,E DISCOVERY PKWY,"",,"",39.1733022,-86.4955237,STATE ROAD,Y,URBAN,N,N,N,"",DAYLIGHT,CLEAR,DRY,"",T-INTERSECTION,STRAIGHT/LEVEL,ASPHALT,FOLLOWING TOO CLOSELY,REAR END,EDISCOVERYPKWYSR4546N,TRAFFIC CONTROL SIGNAL
461,BLOOMINGTON PD,BLOOMINGTON,2021-11-09T00:00:00,12:47 PM,2,0,0,0,0,"","","",E 17TH ST,N WASHINGTON ST,"",,"",39.17904,-86.532096,LOCAL/CITY ROAD,N,URBAN,N,N,N,"",DAYLIGHT,CLOUDY,DRY,"",T-INTERSECTION,STRAIGHT/GRADE,ASPHALT,FAILURE TO YIELD RIGHT OF WAY,RIGHT ANGLE,E17THSTNWASHINGTONST,LANE CONTROL
462,BLOOMINGTON PD,BLOOMINGTON,2021-11-09T00:00:00,3:28 PM,2,0,0,0,0,"","","",N COLLEGE AVE,W 6TH ST,"",,"",39.167648,-86.534784,LOCAL/CITY ROAD,N,URBAN,N,N,N,"",DAYLIGHT,CLOUDY,DRY,"",FOUR-WAY INTERSECTION,STRAIGHT/LEVEL,ASPHALT,IMPROPER TURNING,SAME DIRECTION SIDESWIPE,NCOLLEGEAVEW6THST,TRAFFIC CONTROL SIGNAL
463,ELLETTSVILLE PD,ELLETTSVILLE,2021-11-09T00:00:00,4:23 PM,2,0,0,0,0,"","","",SR 46,N UNION VALLEY RD,"",,"",39.2153592,-86.5930113,STATE ROAD,N,URBAN,N,N,N,"",DAYLIGHT,CLEAR,DRY,"",FOUR-WAY INTERSECTION,STRAIGHT/LEVEL,ASPHALT,UNSAFE LANE MOVEMENT,SAME DIRECTION SIDESWIPE,SR46WUNIONVALLEYRD,TRAFFIC CONTROL SIGNAL
464,MONROE SD,BLOOMINGTON,2021-11-09T00:00:00,5:20 PM,2,0,0,0,0,"","","",S FAIRFAX RD,S WALNUT ST,"",,"",,,COUNTY ROAD,N,RURAL,N,N,N,"",DAYLIGHT,CLEAR,DRY,"",NO JUNCTION INVOLVED,STRAIGHT/LEVEL,ASPHALT,OTHER (DRIVER) - EXPLAIN IN NARRATIVE,OTHER - EXPLAIN IN NARRATIVE,FAIRFAXRDWALNUTSTPIKE,NONE
465,BLOOMINGTON PD,BLOOMINGTON,2021-11-09T00:00:00,6:23 PM,2,0,0,0,0,"","","",W 3RD ST (N),S PATTERSON DR,"",,"",39.16342,-86.551249,LOCAL/CITY ROAD,N,URBAN,N,N,N,"",DARK (LIGHTED),CLOUDY,DRY,"",T-INTERSECTION,STRAIGHT/GRADE,ASPHALT,FOLLOWING TOO CLOSELY,REAR END,SOUTHPATTERSONDRWEST3RDST,LANE CONTROL
466,BLOOMINGTON PD,BLOOMINGTON,2021-11-09T00:00:00,6:47 PM,2,0,1,0,0,"","","",W 3RD ST,S MULLER PKWY,"",,"",39.164469,-86.562709,LOCAL/CITY ROAD,N,URBAN,N,N,N,"",DARK (LIGHTED),CLOUDY,DRY,"",T-INTERSECTION,STRAIGHT/GRADE,ASPHALT,FOLLOWING TOO CLOSELY,REAR END,SOUTHMUELLERPKWYWEST3RDST,LANE CONTROL
467,BLOOMINGTON PD,BLOOMINGTON,2021-11-09T00:00:00,7:12 PM,2,0,0,0,0,"","","",W 11TH ST,N MORTON ST,"",,"",39.173216,-86.536,LOCAL/CITY ROAD,N,URBAN,N,N,N,"",DARK (NOT LIGHTED),CLEAR,DRY,"",FOUR-WAY INTERSECTION,STRAIGHT/GRADE,ASPHALT,FAILURE TO YIELD RIGHT OF WAY,LEFT TURN,NMORTONSTW11THST,LANE CONTROL
468,MONROE SD,ELLETTSVILLE,2021-11-09T00:00:00,7:53 PM,2,0,0,0,0,5717,"","",W DELAP RD,"","",,"",39.25208251,-86.6073394,LOCAL/CITY ROAD,N,RURAL,N,N,N,"",DARK (NOT LIGHTED),CLEAR,DRY,"",NO JUNCTION INVOLVED,STRAIGHT/GRADE,GRAVEL,OTHER (DRIVER) - EXPLAIN IN NARRATIVE,REAR END,WDELAPRD,NONE
469,INDIANA UNIV BLOOMINGTON PD,BLOOMINGTON,2021-11-09T00:00:00,8:20 PM,2,0,0,0,0,"","","",N FEE LN,E 13TH ST,"",,"",38.864547,-86.4842555,LOCAL/CITY ROAD,N,URBAN,N,N,N,"",DARK (LIGHTED),CLEAR,DRY,"",T-INTERSECTION,STRAIGHT/LEVEL,ASPHALT,FAILURE TO YIELD RIGHT OF WAY,RIGHT ANGLE,FEELNTHIRTEENTHST,STOP SIGN
470,INDIANA UNIV BLOOMINGTON PD,BLOOMINGTON,2021-11-09T00:00:00,8:50 PM,1,0,1,0,1,"","","",SR 45/46,N HEADLEY RD,"",,"",0,0,STATE ROAD,N,URBAN,N,N,N,"",DARK (NOT LIGHTED),CLEAR,DRY,"",NO JUNCTION INVOLVED,CURVE/LEVEL,ASPHALT,ANIMAL/OBJECT IN ROADWAY,COLLISION WITH DEER,EBALFOURSTSR46,NONE
471,MONROE SD,BLOOMINGTON,2021-11-08T00:00:00,6:52 AM,1,0,1,0,1,"","","",SR 37,"","",3780,N,39.08094157,-86.53835971,STATE ROAD,N,RURAL,N,N,N,"",DAWN/DUSK,CLEAR,DRY,"",NO JUNCTION INVOLVED,STRAIGHT/LEVEL,ASPHALT,ANIMAL/OBJECT IN ROADWAY,COLLISION WITH DEER,SMITHVILLERDSR37S,NONE
472,BLOOMINGTON PD,BLOOMINGTON,2021-11-08T00:00:00,7:00 AM,2,0,0,0,0,"","","",SR 45/46,N KINSER PIKE,"",,"",39.186544,-86.537888,LOCAL/CITY ROAD,N,URBAN,N,N,N,"",DARK (LIGHTED),CLEAR,DRY,"",FOUR-WAY INTERSECTION,STRAIGHT/GRADE,ASPHALT,UNSAFE SPEED,REAR END,NKINSERPIKENSR4546HWY,TRAFFIC CONTROL SIGNAL
473,MONROE SD,BLOOMINGTON,2021-11-08T00:00:00,7:43 AM,1,0,0,0,0,"","","",N MAPLE GROVE RD,W LOST MANS LN,"",750,S,39.14348261,-86.569675,LOCAL/CITY ROAD,N,RURAL,N,N,N,"",DAWN/DUSK,CLEAR,DRY,"",NO JUNCTION INVOLVED,CURVE/GRADE,ASPHALT,RAN OFF ROAD RIGHT,RAN OFF ROAD,LOSTMANSLNNMAPLEGROVERD,NONE
474,INDIANA UNIV BLOOMINGTON PD,BLOOMINGTON,2021-11-08T00:00:00,9:15 AM,2,0,0,0,0,"","","",N PARK AVE,E 10TH ST,"",,"",39.171639,-86.524657,LOCAL/CITY ROAD,N,URBAN,N,N,N,"",DAYLIGHT,CLEAR,DRY,"",NO JUNCTION INVOLVED,STRAIGHT/GRADE,OTHER - EXPLAIN IN NARRATIVE,FAILURE TO YIELD RIGHT OF WAY,RIGHT ANGLE,PARKAVETENTHST,LANE CONTROL
475,BLOOMINGTON PD,BLOOMINGTON,2021-11-08T00:00:00,2:33 PM,1,0,0,0,0,"","","",S OLCOTT BLVD,E REED CT,"",,"",39.147107,-86.484995,LOCAL/CITY ROAD,N,URBAN,N,N,N,"",DAYLIGHT,CLEAR,DRY,"",T-INTERSECTION,STRAIGHT/LEVEL,ASPHALT,RAN OFF ROAD RIGHT,RAN OFF ROAD,EREEDCTSOLCOTTBLVD,LANE CONTROL
476,INDIANA UNIV BLOOMINGTON PD,BLOOMINGTON,2021-11-08T00:00:00,4:15 PM,2,0,0,0,0,"","","",E 3RD ST,S BALLANTINE RD,"",,"",,,LOCAL/CITY ROAD,N,URBAN,N,N,N,"",DAYLIGHT,CLOUDY,DRY,"",NO JUNCTION INVOLVED,STRAIGHT/LEVEL,ASPHALT,IMPROPER TURNING,LEFT TURN,3RDSTBALLANTINERD,LANE CONTROL
477,BLOOMINGTON PD,BLOOMINGTON,2021-11-08T00:00:00,5:57 PM,2,0,0,0,0,"","","",S COLLEGE AVE,W 2ND ST,"",150,S,39.16144,-86.534848,LOCAL/CITY ROAD,N,URBAN,N,N,N,"",DARK (LIGHTED),CLEAR,DRY,"",NO JUNCTION INVOLVED,STRAIGHT/GRADE,ASPHALT,FAILURE TO YIELD RIGHT OF WAY,SAME DIRECTION SIDESWIPE,SOUTHCOLLEGEAVEWEST2NDST,LANE CONTROL
478,DNR LAW ENFORCEMENT,BLOOMINGTON,2021-11-08T00:00:00,6:20 PM,2,,1,0,0,"","","",N DENNY RD,N BOTTOM RD,"",0,"",39.2824554,-86.555311,COUNTY ROAD,"",RURAL,N,N,N,"",DARK (NOT LIGHTED),CLEAR,DRY,"",T-INTERSECTION,"",ASPHALT,HEADLIGHT DEFECTIVE OR NOT ON,HEAD ON BETWEEN TWO MOTOR VEHICLES,NDennyRdNBottomRd,""
479,INDIANA UNIV BLOOMINGTON PD,BLOOMINGTON,2021-11-08T00:00:00,7:47 PM,2,0,0,0,0,"","","",S HENDERSON ST,E ATWATER AVE,"",,"",39.163149,-86.5272662,LOCAL/CITY ROAD,N,URBAN,N,N,N,"",DARK (LIGHTED),CLEAR,DRY,"",FOUR-WAY INTERSECTION,STRAIGHT/LEVEL,ASPHALT,DISREGARD SIGNAL/REG SIGN,RIGHT ANGLE,ATWATERAVEHENDERSONST,TRAFFIC CONTROL SIGNAL
480,BLOOMINGTON PD,BLOOMINGTON,2021-11-07T00:00:00,6:17 AM,2,,0,0,0,702,"","",W 11TH ST,N FAIRVIEW ST,"",0,"",39.173638,-86.541242,LOCAL/CITY ROAD,"",URBAN,N,N,N,"",DARK (LIGHTED),CLEAR,DRY,"",INTERCHANGE,"",ASPHALT,UNSAFE SPEED,SAME DIRECTION SIDESWIPE,N.FairviewStreet702W.11thst,""
481,BLOOMINGTON PD,BLOOMINGTON,2021-11-07T00:00:00,12:15 PM,2,0,0,0,0,"","","",N HAROLD ST,E 10TH ST,"",50,S,0,0,LOCAL/CITY ROAD,Y,URBAN,N,N,N,"",DAYLIGHT,CLEAR,DRY,"",NO JUNCTION INVOLVED,STRAIGHT/LEVEL,ASPHALT,UNSAFE BACKING,BACKING CRASH,10THSTHAROLDST,NONE
482,MONROE SD,BLOOMINGTON,2021-11-07T00:00:00,1:43 PM,2,0,0,0,0,"","","",S LEONARD SPRINGS RD,SR 45,"",300,S,39.142048,-86.582592,COUNTY ROAD,N,URBAN,N,N,N,"",DAYLIGHT,CLEAR,DRY,"",T-INTERSECTION,STRAIGHT/GRADE,ASPHALT,FAILURE TO YIELD RIGHT OF WAY,LEFT TURN,SOUTHLEONARDSPRINGSRDSR45W,NONE
483,BLOOMINGTON PD,BLOOMINGTON,2021-11-07T00:00:00,2:12 PM,2,0,0,0,0,"","","",S ROGERS ST,S ROCKPORT RD,"",,"",39.146448,-86.5388,LOCAL/CITY ROAD,N,URBAN,N,N,N,"",DAYLIGHT,CLEAR,DRY,"",FOUR-WAY INTERSECTION,STRAIGHT/GRADE,ASPHALT,CELL PHONE USAGE,REAR END,SROCKPORTRDSROGERSST,TRAFFIC CONTROL SIGNAL
484,MONROE SD,BLOOMINGTON,2021-11-07T00:00:00,2:41 PM,2,0,0,0,0,"","","",W PROFILE PKWY,N CURRY PIKE,"",,"",,,COUNTY ROAD,N,URBAN,N,N,N,"",DAYLIGHT,CLEAR,DRY,"",NO JUNCTION INVOLVED,STRAIGHT/LEVEL,ASPHALT,UNSAFE LANE MOVEMENT,SAME DIRECTION SIDESWIPE,CURRYPIKEPROFILEPKWY,NONE
485,BLOOMINGTON PD,BLOOMINGTON,2021-11-07T00:00:00,4:10 PM,3,0,0,0,0,"","","",W 3RD ST (N),S PATTERSON DR,"",,"",39.16342,-86.551249,LOCAL/CITY ROAD,N,URBAN,N,N,N,"",DAYLIGHT,CLEAR,DRY,"",NO JUNCTION INVOLVED,STRAIGHT/HILLCREST,CONCRETE,DRIVER DISTRACTED - EXPLAIN IN NARRATIVE,REAR END,SPATTERSONDRW3RDST,NONE
486,BLOOMINGTON PD,BLOOMINGTON,2021-11-07T00:00:00,6:11 PM,2,0,0,0,0,"","","",W 4TH ST,S ROGERS ST,"",250,W,39.16568,-86.537296,LOCAL/CITY ROAD,Y,URBAN,N,N,N,"",DARK (NOT LIGHTED),CLEAR,DRY,"",NO JUNCTION INVOLVED,STRAIGHT/LEVEL,ASPHALT,RAN OFF ROAD RIGHT,RAN OFF ROAD,SMADISONSTW4THST,NONE
487,BLOOMINGTON PD,BLOOMINGTON,2021-11-06T00:00:00,12:24 AM,2,0,0,0,0,"","","",E 2ND ST,S GRANT ST,"",,"",39.161348,-86.52987,LOCAL/CITY ROAD,Y,URBAN,N,N,N,"",DARK (NOT LIGHTED),CLEAR,DRY,"",FOUR-WAY INTERSECTION,STRAIGHT/GRADE,ASPHALT,UNSAFE SPEED,RIGHT ANGLE,E2NDSTSGRANTST,STOP SIGN
488,MONROE SD,BLOOMINGTON,2021-11-06T00:00:00,8:36 AM,1,0,0,0,1,"","","",W VERNAL PIKE,"","",900,E,39.17919,-86.56813191,LOCAL/CITY ROAD,N,URBAN,N,N,N,"",DAYLIGHT,CLEAR,DRY,"",NO JUNCTION INVOLVED,STRAIGHT/GRADE,ASPHALT,ANIMAL/OBJECT IN ROADWAY,COLLISION WITH ANIMAL OTHER,NENTERPRISEDRWVERNALPIKE,LANE CONTROL