_id,Agency,City,Collision Date,Collision Time,Vehicles Involved,Trailers Involved,Number Injured,Number Dead,Number Deer,House Number,Roadway Interchange,Roadway Ramp,Roadway Id,Intersecting Road,Interchange,Feet From,Direction,Latitude,Longitude,Roadway Class,Hit and Run?,Locality,School Zone?,Rumble Strips?,Construction?,Construction Type,Light Condition,Weather Conditions,Surface Condition,Type of Median,Roadway Junction Type,Road Character,Roadway Surface,Primary Factor,Manner of Collision,Unique Location Id,Traffic Control
489,MONROE SD,BLOOMINGTON,2021-11-06T00:00:00,9:53 AM,1,0,0,0,1,"","","",S FAIRFAX RD,"","",930,N,39.059984,-86.498432,LOCAL/CITY ROAD,N,RURAL,N,N,N,"",DAYLIGHT,CLEAR,DRY,"",NO JUNCTION INVOLVED,STRAIGHT/LEVEL,ASPHALT,ANIMAL/OBJECT IN ROADWAY,COLLISION WITH DEER,ECLEVEBUTCHERRDSFAIRFAXRD,NONE
490,BLOOMINGTON PD,BLOOMINGTON,2021-11-06T00:00:00,10:20 AM,2,0,1,0,0,"","","",N SMITH RD,E MCCRACKEN WAY,"",,"",39.167798,-86.4813344,LOCAL/CITY ROAD,N,URBAN,N,N,N,"",DAYLIGHT,CLEAR,DRY,"",T-INTERSECTION,STRAIGHT/GRADE,ASPHALT,FAILURE TO YIELD RIGHT OF WAY,RIGHT ANGLE,EMCCRACKENWAYNSMITHRD,NONE
491,BLOOMINGTON PD,BLOOMINGTON,2021-11-06T00:00:00,12:25 PM,2,0,3,0,0,"","","",S ROCKPORT RD,W PINEHURST DR,"",,"",39.1382878,-86.5467684,LOCAL/CITY ROAD,N,URBAN,N,N,N,"",DAYLIGHT,CLEAR,DRY,"",T-INTERSECTION,STRAIGHT/GRADE,ASPHALT,UNSAFE SPEED,LEFT TURN,SOUTHROCKPORTRDWESTPINEHURSTDR,STOP SIGN
492,BLOOMINGTON PD,BLOOMINGTON,2021-11-06T00:00:00,12:51 PM,3,0,1,0,0,"","","",S WALNUT ST PIKE,E HEATHER DR,"",,"",39.123978,-86.526696,LOCAL/CITY ROAD,N,URBAN,N,N,N,"",DAYLIGHT,CLEAR,DRY,"",FOUR-WAY INTERSECTION,STRAIGHT/GRADE,ASPHALT,FOLLOWING TOO CLOSELY,REAR END,EHEATHERDRSWALNUTSTPIKE,STOP SIGN
493,BLOOMINGTON PD,BLOOMINGTON,2021-11-06T00:00:00,2:01 PM,2,0,0,0,0,"","","",SR 46,E 7TH ST,"",100,N,39.167648,-86.500096,LOCAL/CITY ROAD,N,URBAN,N,N,N,"",DAYLIGHT,CLEAR,DRY,"",NO JUNCTION INVOLVED,STRAIGHT/LEVEL,ASPHALT,FOLLOWING TOO CLOSELY,REAR END,E7THSTSR4546BYP,NONE
494,BLOOMINGTON PD,BLOOMINGTON,2021-11-06T00:00:00,2:10 PM,2,0,0,0,0,"","","",W COUNTRY CLUB DR,BLOOMINGTON RAIL TRAIL (ENTRANCE TO BLOOMINGTON RAIL TRAIL PARKING LOT),"",500,E,0,0,LOCAL/CITY ROAD,N,URBAN,N,N,N,"",DAYLIGHT,CLEAR,DRY,"",NO JUNCTION INVOLVED,STRAIGHT/GRADE,ASPHALT,BRAKE FAILURE OR DEFECTIVE,REAR END,300BLKWCOUNTRYCLUBDRSMADISONST,NONE
495,MONROE SD,BLOOMINGTON,2021-11-06T00:00:00,6:20 PM,1,0,0,0,0,708,"","",S CORY LN,"","",,"",39.15799905,-86.55989112,UNKNOWN,N,RURAL,N,N,N,"",DAYLIGHT,CLEAR,DRY,"",NO JUNCTION INVOLVED,NON-ROADWAY CRASH,ASPHALT,OTHER (VEHICLE) - EXPLAIN IN NARRATIVE,OTHER - EXPLAIN IN NARRATIVE,SCORYLN,NONE
496,BLOOMINGTON PD,BLOOMINGTON,2021-11-06T00:00:00,6:51 PM,2,0,0,0,0,"","","",S WALNUT ST,W GRIMES LN,"",,"",39.153339,-86.533651,LOCAL/CITY ROAD,N,URBAN,N,N,N,"",DAWN/DUSK,CLEAR,DRY,"",FOUR-WAY INTERSECTION,STRAIGHT/LEVEL,ASPHALT,FOLLOWING TOO CLOSELY,REAR END,EGRIMESLNSWALNUTST,TRAFFIC CONTROL SIGNAL
497,MONROE SD,BLOOMINGTON,2021-11-06T00:00:00,9:36 PM,1,0,0,0,1,"","","",SR 46,"","",1000,W,39.26884344,-86.66789,STATE ROAD,N,RURAL,N,N,N,"",DARK (NOT LIGHTED),CLEAR,DRY,"",NO JUNCTION INVOLVED,STRAIGHT/LEVEL,ASPHALT,ANIMAL/OBJECT IN ROADWAY,COLLISION WITH DEER,NSTINESVILLERDSR46W,NONE
498,MONROE SD,BLOOMINGTON,2021-11-06T00:00:00,9:40 PM,1,0,0,0,1,"","","",I-69 N,"","",300,N,0,0,INTERSTATE,N,RURAL,N,Y,N,"",DARK (NOT LIGHTED),CLEAR,DRY,"",NO JUNCTION INVOLVED,STRAIGHT/LEVEL,ASPHALT,ANIMAL/OBJECT IN ROADWAY,COLLISION WITH DEER,I69N131,NONE
499,MONROE SD,BLOOMINGTON,2021-11-05T00:00:00,1:55 AM,1,0,1,0,0,4420,"","",S GARRISON CHAPEL RD,"","",2500,N,39.38172655,-86.6419447,LOCAL/CITY ROAD,N,URBAN,N,N,N,"",DARK (NOT LIGHTED),CLEAR,DRY,"",NO JUNCTION INVOLVED,CURVE/GRADE,ASPHALT,RAN OFF ROAD RIGHT,RAN OFF ROAD,4420SGARRISONCHAPELRDWSTATEROAD45RD,NONE
500,BLOOMINGTON PD,BLOOMINGTON,2021-11-05T00:00:00,7:41 AM,2,0,0,0,0,"","","",SR 45/46,N MONROE ST,"",,"",0,0,LOCAL/CITY ROAD,N,URBAN,N,N,N,"",DARK (LIGHTED),CLEAR,DRY,"",T-INTERSECTION,STRAIGHT/LEVEL,ASPHALT,FOLLOWING TOO CLOSELY,REAR END,NMONROESTWSR4546BYP,STOP SIGN
501,MONROE SD,BLOOMINGTON,2021-11-05T00:00:00,7:52 AM,1,0,0,0,1,"","","",N SR 37 BUSINESS,"","",2000,N,39.43645406,-86.53978,LOCAL/CITY ROAD,N,RURAL,N,N,N,"",DAWN/DUSK,CLEAR,DRY,"",NO JUNCTION INVOLVED,STRAIGHT/LEVEL,ASPHALT,ANIMAL/OBJECT IN ROADWAY,COLLISION WITH DEER,EWHISNANDRDNBUSINESS37RD,LANE CONTROL
502,BLOOMINGTON PD,BLOOMINGTON,2021-11-05T00:00:00,9:08 AM,2,0,0,0,0,"","","",W COUNTRY CLUB DR,"","",1000,W,39.1361717,-86.54194713,LOCAL/CITY ROAD,N,URBAN,N,N,N,"",DAYLIGHT,CLEAR,DRY,"",NO JUNCTION INVOLVED,STRAIGHT/LEVEL,ASPHALT,FOLLOWING TOO CLOSELY,REAR END,800BLKWCOUNTRYCLUBDRSROGERSST,NONE
503,BLOOMINGTON PD,BLOOMINGTON,2021-11-05T00:00:00,10:26 AM,2,0,0,0,0,"","","",E RHORER RD,S WALNUT ST,"",,"",39.12144,-86.526496,LOCAL/CITY ROAD,N,URBAN,N,N,N,"",DAYLIGHT,CLEAR,DRY,"",FOUR-WAY INTERSECTION,STRAIGHT/GRADE,ASPHALT,UNSAFE BACKING,BACKING CRASH,ERHORERRDSWALNUTST,TRAFFIC CONTROL SIGNAL
504,BLOOMINGTON PD,BLOOMINGTON,2021-11-05T00:00:00,10:55 AM,1,0,1,0,0,"","","",S HIGHLAND AVE,ENTRANCE TO YMCA,"",,"",0,0,LOCAL/CITY ROAD,N,URBAN,N,N,N,"",DAYLIGHT,CLEAR,DRY,"",T-INTERSECTION,STRAIGHT/GRADE,ASPHALT,FAILURE TO YIELD RIGHT OF WAY,LEFT TURN,PRIVATEDRSHIGHLANDAVE,LANE CONTROL
505,BLOOMINGTON PD,BLOOMINGTON,2021-11-05T00:00:00,11:23 AM,2,0,0,0,0,"","","",S WALNUT ST,E DAVIS ST,"",20,N,39.15633333,-86.533752,LOCAL/CITY ROAD,N,URBAN,N,N,N,"",DAYLIGHT,CLEAR,DRY,"",INTERCHANGE,STRAIGHT/LEVEL,ASPHALT,UNSAFE LANE MOVEMENT,SAME DIRECTION SIDESWIPE,EDAVISSTSWALNUTST,NONE
506,BLOOMINGTON PD,BLOOMINGTON,2021-11-05T00:00:00,11:42 AM,2,0,0,0,0,301,"","",E BRAESIDE DR,"","",,"",39.169448,-86.495896,UNKNOWN,N,URBAN,N,N,N,"",DAYLIGHT,CLEAR,DRY,"",NO JUNCTION INVOLVED,NON-ROADWAY CRASH,ASPHALT,UNSAFE BACKING,BACKING CRASH,NPETEELLISDR,NONE
507,BLOOMINGTON PD,BLOOMINGTON,2021-11-05T00:00:00,4:10 PM,1,0,1,0,0,"","","",N COLLEGE AVE,W 6TH ST,"",,"",39.167648,-86.534784,LOCAL/CITY ROAD,N,URBAN,N,N,N,"",DAYLIGHT,CLEAR,DRY,"",FOUR-WAY INTERSECTION,STRAIGHT/LEVEL,ASPHALT,PEDESTRIAN ACTION,OTHER - EXPLAIN IN NARRATIVE,NCOLLEGEAVEW6THST,TRAFFIC CONTROL SIGNAL
508,MONROE SD,BLOOMINGTON,2021-11-05T00:00:00,4:16 PM,1,0,0,0,0,"","","",S WALNUT ST PIKE,"","",1500,N,39.26560424,-86.531496,COUNTY ROAD,N,URBAN,N,N,N,"",DAYLIGHT,CLEAR,DRY,"",NO JUNCTION INVOLVED,STRAIGHT/GRADE,ASPHALT,RAN OFF ROAD RIGHT,RAN OFF ROAD,FAIRFAXRDWALNUTSTREETPIKE,NONE
509,ELLETTSVILLE PD,ELLETTSVILLE,2021-11-05T00:00:00,5:13 PM,2,0,0,0,0,"","","",SR 46,"","",1000,W,39.25235528,-86.65536348,STATE ROAD,N,RURAL,N,N,Y,INTERMITTENT OR MOVING WORK,DAYLIGHT,CLEAR,DRY,"",NO JUNCTION INVOLVED,STRAIGHT/GRADE,ASPHALT,FAILURE TO YIELD RIGHT OF WAY,LEFT TURN,FLATWOODSRDSSR8400W,LANE CONTROL
510,INDIANA UNIV BLOOMINGTON PD,BLOOMINGTON,2021-11-05T00:00:00,5:15 PM,1,0,1,0,0,"","","",N UNION ST,E 10TH ST,"",,"",39.171564,-86.509445,LOCAL/CITY ROAD,N,URBAN,N,N,N,"",DAWN/DUSK,CLEAR,DRY,"",FOUR-WAY INTERSECTION,STRAIGHT/LEVEL,ASPHALT,FAILURE TO YIELD RIGHT OF WAY,LEFT TURN,TENTHSTUNIONST,TRAFFIC CONTROL SIGNAL
511,INDIANA UNIV BLOOMINGTON PD,BLOOMINGTON,2021-11-05T00:00:00,5:35 PM,2,0,0,0,0,"","","",SR 46,E 7TH ST,"",,"",39.1671018,-86.4997353,STATE ROAD,N,URBAN,N,Y,N,"",DAYLIGHT,CLEAR,DRY,"",NO JUNCTION INVOLVED,STRAIGHT/LEVEL,ASPHALT,UNSAFE LANE MOVEMENT,LEFT TURN,SEVENTHSTSR46,NONE
512,BLOOMINGTON PD,BLOOMINGTON,2021-11-05T00:00:00,5:36 PM,2,0,0,0,0,"","","",N GATES DR,W RUNKLE WAY,"",25,S,39.16370427,-86.575982,LOCAL/CITY ROAD,N,URBAN,N,N,N,"",DAYLIGHT,CLEAR,DRY,"",T-INTERSECTION,STRAIGHT/LEVEL,ASPHALT,FAILURE TO YIELD RIGHT OF WAY,RIGHT ANGLE,NGATESDRWRUNKLEWAY,STOP SIGN
513,BLOOMINGTON PD,BLOOMINGTON,2021-11-05T00:00:00,5:45 PM,4,0,0,0,0,"","","",S WALNUT ST,W GRIMES LN,"",,"",39.15344,-86.5336,LOCAL/CITY ROAD,N,URBAN,N,N,N,"",DAWN/DUSK,CLEAR,DRY,"",FOUR-WAY INTERSECTION,STRAIGHT/LEVEL,ASPHALT,FAILURE TO YIELD RIGHT OF WAY,HEAD ON BETWEEN TWO MOTOR VEHICLES,EASTGRIMESLNSOUTHWALNUTST,TRAFFIC CONTROL SIGNAL
514,BLOOMINGTON PD,BLOOMINGTON,2021-11-05T00:00:00,9:14 PM,2,0,0,0,0,"","","",W KIRKWOOD AVE,S COLLEGE AVE,"",,"",39.16664,-86.5348,LOCAL/CITY ROAD,N,URBAN,N,N,N,"",DARK (LIGHTED),CLEAR,DRY,"",FOUR-WAY INTERSECTION,STRAIGHT/GRADE,ASPHALT,IMPROPER TURNING,RIGHT TURN,SCOLLEGEAVEWKIRKWOODAVE,TRAFFIC CONTROL SIGNAL
515,BLOOMINGTON PD,BLOOMINGTON,2021-11-05T00:00:00,9:34 PM,2,0,0,0,0,"","","",S COLLEGE MALL RD,E BUICK CADILLAC BLVD,"",,"",39.15816,-86.497792,LOCAL/CITY ROAD,Y,URBAN,N,N,N,"",DARK (LIGHTED),CLEAR,DRY,"",FOUR-WAY INTERSECTION,STRAIGHT/LEVEL,ASPHALT,UNSAFE LANE MOVEMENT,OTHER - EXPLAIN IN NARRATIVE,BUICKCADILLACBLVDCOLLEGEMALLRD,TRAFFIC CONTROL SIGNAL
516,BLOOMINGTON PD,BLOOMINGTON,2021-11-05T00:00:00,10:10 PM,2,0,0,0,0,"","","",W 4TH ST,"","",150,E,39.16568,-86.537296,LOCAL/CITY ROAD,N,URBAN,N,N,N,"",DARK (NOT LIGHTED),CLEAR,DRY,"",NO JUNCTION INVOLVED,STRAIGHT/LEVEL,CONCRETE,UNSAFE LANE MOVEMENT,SAME DIRECTION SIDESWIPE,SOUTHMADISONSTWEST4THST,NONE
517,BLOOMINGTON PD,BLOOMINGTON,2021-11-04T00:00:00,4:50 AM,1,0,0,0,1,"","","",S SARE RD,E DAVID DR,"",,"",39.138576,-86.496552,LOCAL/CITY ROAD,N,URBAN,N,N,N,"",DARK (LIGHTED),CLEAR,DRY,"",T-INTERSECTION,STRAIGHT/LEVEL,ASPHALT,ANIMAL/OBJECT IN ROADWAY,COLLISION WITH DEER,DAVIDDRSSARERD,NONE
518,MONROE SD,BLOOMINGTON,2021-11-04T00:00:00,6:41 AM,1,0,0,0,1,"","","",SR 46,"","",1000,W,39.15285526,-86.39266882,STATE ROAD,N,RURAL,N,N,N,"",DARK (NOT LIGHTED),CLEAR,DRY,"",NO JUNCTION INVOLVED,STRAIGHT/LEVEL,ASPHALT,ANIMAL/OBJECT IN ROADWAY,COLLISION WITH ANIMAL OTHER,NBRUMMETTSCREEKRDSR46E,LANE CONTROL
519,ELLETTSVILLE PD,ELLETTSVILLE,2021-11-04T00:00:00,9:05 AM,2,1,0,0,0,600,"","",SR 46,N HARTSTRAIT RD,"",100,E,39.2342267,-86.62491366,LOCAL/CITY ROAD,N,URBAN,N,N,N,"",DAYLIGHT,CLEAR,DRY,"",NO JUNCTION INVOLVED,STRAIGHT/LEVEL,ASPHALT,FAILURE TO YIELD RIGHT OF WAY,RIGHT TURN,600ETEMPERANCESTHARTSTRAITRD,LANE CONTROL
520,BLOOMINGTON PD,BLOOMINGTON,2021-11-04T00:00:00,9:32 AM,2,0,0,0,0,"","","",SR 45/46,N KINSER PIKE,"",,"",39.186544,-86.537888,STATE ROAD,N,URBAN,N,N,N,"",DAYLIGHT,CLEAR,DRY,"",FOUR-WAY INTERSECTION,STRAIGHT/GRADE,ASPHALT,UNSAFE LANE MOVEMENT,SAME DIRECTION SIDESWIPE,NKINSERPIKESR4546W,TRAFFIC CONTROL SIGNAL
521,BLOOMINGTON PD,BLOOMINGTON,2021-11-04T00:00:00,11:18 AM,2,0,0,0,0,"","","",W 3RD ST,S KIMBLE DR,"",,"",39.164538,-86.5679847,LOCAL/CITY ROAD,N,URBAN,N,N,N,"",DAYLIGHT,CLEAR,DRY,"",FOUR-WAY INTERSECTION,STRAIGHT/LEVEL,ASPHALT,DISREGARD SIGNAL/REG SIGN,RIGHT ANGLE,SKIMBLEDRW3RDST,TRAFFIC CONTROL SIGNAL
522,BLOOMINGTON PD,BLOOMINGTON,2021-11-04T00:00:00,12:32 PM,2,0,1,0,0,"","","",S COLLEGE AVE,W 2ND ST,"",,"",39.161366,-86.534943,LOCAL/CITY ROAD,N,URBAN,N,N,N,"",DAYLIGHT,CLEAR,DRY,"",FOUR-WAY INTERSECTION,STRAIGHT/LEVEL,ASPHALT,UNSAFE LANE MOVEMENT,SAME DIRECTION SIDESWIPE,SCOLLEGEAVEW2NDST,LANE CONTROL
523,BLOOMINGTON PD,BLOOMINGTON,2021-11-04T00:00:00,12:55 PM,2,0,0,0,0,2700,"","",W 3RD ST,S FRANKLIN RD,"",,"",39.16448573,-86.57199747,LOCAL/CITY ROAD,N,URBAN,N,N,N,"",DAYLIGHT,CLEAR,DRY,"",FOUR-WAY INTERSECTION,STRAIGHT/LEVEL,CONCRETE,FOLLOWING TOO CLOSELY,REAR END,2700W3RDST69RAMP,TRAFFIC CONTROL SIGNAL
524,BLOOMINGTON PD,BLOOMINGTON,2021-11-04T00:00:00,1:05 PM,2,0,1,0,0,"","","",N MADISON ST,W 6TH ST,"",,"",39.167575,-86.53741,LOCAL/CITY ROAD,N,URBAN,N,N,N,"",DAYLIGHT,CLEAR,DRY,"",FOUR-WAY INTERSECTION,STRAIGHT/LEVEL,ASPHALT,FAILURE TO YIELD RIGHT OF WAY,HEAD ON BETWEEN TWO MOTOR VEHICLES,6THSTMADISONST,STOP SIGN
525,BLOOMINGTON PD,BLOOMINGTON,2021-11-04T00:00:00,1:59 PM,4,0,0,0,0,"","","",W 3RD ST,S WALNUT ST,"",,"",39.16464,-86.5336,LOCAL/CITY ROAD,N,URBAN,N,N,N,"",DAYLIGHT,CLEAR,DRY,"",FOUR-WAY INTERSECTION,STRAIGHT/LEVEL,ASPHALT,FOLLOWING TOO CLOSELY,REAR END,E3RDSTSWALNUTST,LANE CONTROL
526,BLOOMINGTON PD,BLOOMINGTON,2021-11-04T00:00:00,3:55 PM,2,0,3,0,0,"","","",S LEONARD SPRINGS RD,W TAPP RD,"",,"",39.13704,-86.582512,LOCAL/CITY ROAD,N,URBAN,N,N,N,"",DAYLIGHT,CLEAR,DRY,"",T-INTERSECTION,STRAIGHT/LEVEL,ASPHALT,FAILURE TO YIELD RIGHT OF WAY,LEFT TURN,SLEONARDSPRINGSRDWTAPPRD,STOP SIGN
527,MONROE SD,BLOOMINGTON,2021-11-04T00:00:00,5:06 PM,2,0,0,0,0,"","","",S SNODDY RD,"","",1100,N,39.121584,-86.489744,LOCAL/CITY ROAD,N,RURAL,N,N,N,"",DAYLIGHT,CLEAR,DRY,"",NO JUNCTION INVOLVED,STRAIGHT/GRADE,ASPHALT,UNSAFE SPEED,LEFT TURN,EASTRHORERRDSOUTHSNODDYRD,NONE
528,BLOOMINGTON PD,BLOOMINGTON,2021-11-04T00:00:00,7:57 PM,2,0,0,0,0,815,"","",N OOLITIC DR,"","",,"",39.17445714,-86.55360457,LOCAL/CITY ROAD,Y,URBAN,N,N,N,"",DARK (NOT LIGHTED),CLEAR,DRY,"",T-INTERSECTION,STRAIGHT/GRADE,ASPHALT,VIEW OBSTRUCTED,LEFT TURN,NOOLITICDR,NONE
529,INDIANA UNIV BLOOMINGTON PD,BLOOMINGTON,2021-11-04T00:00:00,8:50 PM,3,0,1,0,0,"","","",E 10TH ST,N UNION ST,"",,"",39.171564,-86.509445,LOCAL/CITY ROAD,N,URBAN,N,N,N,"",DARK (NOT LIGHTED),CLEAR,DRY,"",FOUR-WAY INTERSECTION,STRAIGHT/GRADE,ASPHALT,DRIVER DISTRACTED - EXPLAIN IN NARRATIVE,REAR END,TENTHSTUNIONST,TRAFFIC CONTROL SIGNAL
530,BLOOMINGTON PD,BLOOMINGTON,2021-11-04T00:00:00,9:59 PM,1,0,0,0,0,"","","",W CLUBHOUSE DR,"","",800,E,,,LOCAL/CITY ROAD,N,RURAL,N,N,N,"",DARK (NOT LIGHTED),CLEAR,DRY,"",NO JUNCTION INVOLVED,CURVE/LEVEL,ASPHALT,RAN OFF ROAD RIGHT,RAN OFF ROAD,NKINSERPIKEWCLUBHOUSEDR,NONE
531,MONROE SD,BLOOMINGTON,2021-11-03T00:00:00,3:16 AM,1,0,0,0,0,"","","",E BETHEL LN,"","",2000,W,39.2151765,-86.51162671,COUNTY ROAD,Y,RURAL,N,N,N,"",DARK (NOT LIGHTED),CLEAR,DRY,"",NO JUNCTION INVOLVED,CURVE/GRADE,ASPHALT,RAN OFF ROAD RIGHT,RAN OFF ROAD,BETHELLNHINKLERD,LANE CONTROL
532,BLOOMINGTON PD,BLOOMINGTON,2021-11-03T00:00:00,7:03 AM,1,,0,0,0,"","","",SR 446,S HASTINGS DR,"",0,"",39.1574603,-86.4715468,STATE ROAD,"",URBAN,N,N,N,"",DARK (NOT LIGHTED),CLEAR,DRY,"",NO JUNCTION INVOLVED,"",ASPHALT,OVERCORRECTING/OVERSTEERING,RAN OFF ROAD,SSR446SHASTINGSDRIVE,""
533,INDIANA UNIV BLOOMINGTON PD,BLOOMINGTON,2021-11-03T00:00:00,9:00 AM,1,0,0,0,1,"","","",SR 45/46,N HEADLEY RD,"",,"",0,0,STATE ROAD,N,URBAN,N,N,N,"",DAYLIGHT,CLEAR,DRY,"",NO JUNCTION INVOLVED,STRAIGHT/LEVEL,ASPHALT,ANIMAL/OBJECT IN ROADWAY,COLLISION WITH DEER,EBALFOURSTSR46,LANE CONTROL
534,BLOOMINGTON PD,BLOOMINGTON,2021-11-03T00:00:00,9:16 AM,2,0,0,0,0,"","","",E COVENANTER DR,S COLLEGE MALL RD,"",,"",39.155152,-86.497888,LOCAL/CITY ROAD,N,URBAN,N,N,N,"",DAYLIGHT,CLEAR,DRY,"",FOUR-WAY INTERSECTION,STRAIGHT/LEVEL,ASPHALT,FAILURE TO YIELD RIGHT OF WAY,RIGHT ANGLE,ECOVENANTERDRSCOLLEGEMALLRD,TRAFFIC CONTROL SIGNAL
535,MONROE SD,BLOOMINGTON,2021-11-03T00:00:00,9:17 AM,1,0,1,0,0,"","","",N MAPLE GROVE RD,"","",852,S,39.13268062,-86.569675,LOCAL/CITY ROAD,N,RURAL,N,N,N,"",DAYLIGHT,CLEAR,DRY,"",NO JUNCTION INVOLVED,CURVE/GRADE,ASPHALT,RAN OFF ROAD RIGHT,RAN OFF ROAD,NMAPLEGROVERDWLOSTMANSLN,LANE CONTROL
536,BLOOMINGTON PD,BLOOMINGTON,2021-11-03T00:00:00,11:39 AM,2,0,0,0,0,"","","",W BLOOMFIELD RD,S LANDMARK AVE,"",,"",39.159933,-86.55386,LOCAL/CITY ROAD,N,URBAN,N,N,N,"",DAYLIGHT,CLEAR,DRY,"",FOUR-WAY INTERSECTION,STRAIGHT/LEVEL,ASPHALT,FOLLOWING TOO CLOSELY,REAR END,SLANDMARKAVEWBLOOMFIELDRD,NONE
537,INDIANA UNIV BLOOMINGTON PD,BLOOMINGTON,2021-11-03T00:00:00,11:40 AM,2,0,0,0,0,"","","",SR 45/46,"","",800,N,0,0,STATE ROAD,N,URBAN,N,N,N,"",DAYLIGHT,CLEAR,DRY,"",NO JUNCTION INVOLVED,CURVE/LEVEL,ASPHALT,UNSAFE LANE MOVEMENT,SAME DIRECTION SIDESWIPE,10THSTSR46N,NONE
538,INDIANA UNIV BLOOMINGTON PD,BLOOMINGTON,2021-11-03T00:00:00,12:01 PM,2,0,0,0,0,"","","",E 3RD ST,S JORDAN AVE,"",50,W,39.164263,-86.51638967,LOCAL/CITY ROAD,Y,URBAN,N,N,N,"",DAYLIGHT,CLEAR,DRY,"",NO JUNCTION INVOLVED,STRAIGHT/LEVEL,ASPHALT,FOLLOWING TOO CLOSELY,REAR END,3RDSTJORDANAVE,NONE
539,BLOOMINGTON PD,BLOOMINGTON,2021-11-03T00:00:00,12:17 PM,3,0,2,0,0,812,"","",N WOODBRIDGE DR,"","",,"",39.1740775,-86.4923603,UNKNOWN,N,URBAN,N,N,N,"",DAYLIGHT,CLEAR,DRY,"",NO JUNCTION INVOLVED,STRAIGHT/LEVEL,ASPHALT,FAILURE TO YIELD RIGHT OF WAY,RIGHT ANGLE,NWOODBRIDGEDR,NONE
540,INDIANA UNIV BLOOMINGTON PD,BLOOMINGTON,2021-11-03T00:00:00,12:49 PM,2,0,0,0,0,"","","",E 10TH ST,N JEFFERSON ST,"",,"",39.171648,-86.507088,LOCAL/CITY ROAD,N,URBAN,N,N,N,"",DAYLIGHT,CLEAR,DRY,"",T-INTERSECTION,STRAIGHT/LEVEL,ASPHALT,VIEW OBSTRUCTED,REAR END,10THSTJEFFERSONST,NONE
541,INDIANA UNIV BLOOMINGTON PD,BLOOMINGTON,2021-11-03T00:00:00,1:30 PM,2,0,0,0,0,213,"","",S UNION ST,E 3RD ST,"",100,N,39.164352,-86.5088,LOCAL/CITY ROAD,Y,URBAN,N,N,N,"",UNKNOWN,CLEAR,DRY,"",NO JUNCTION INVOLVED,STRAIGHT/LEVEL,ASPHALT,UNSAFE LANE MOVEMENT,SAME DIRECTION SIDESWIPE,3RDSTSUNIONST,NONE
542,INDIANA UNIV BLOOMINGTON PD,BLOOMINGTON,2021-11-03T00:00:00,3:10 PM,2,0,0,0,0,"","","",SR 45,SR 46,"",,"",0,0,STATE ROAD,N,URBAN,N,N,N,"",DAYLIGHT,CLEAR,DRY,"",NO JUNCTION INVOLVED,STRAIGHT/LEVEL,ASPHALT,IMPROPER LANE USAGE,SAME DIRECTION SIDESWIPE,SR46UNIONVILLERD,NONE
543,BLOOMINGTON PD,BLOOMINGTON,2021-11-03T00:00:00,4:07 PM,2,0,0,0,0,"","","",S PATTERSON DR,W ISAACS DR,"",,"",39.16342,-86.551249,LOCAL/CITY ROAD,N,URBAN,N,N,N,"",DAYLIGHT,BLOWING SAND/SOIL/SNOW,DRY,"",FOUR-WAY INTERSECTION,STRAIGHT/LEVEL,ASPHALT,FAILURE TO YIELD RIGHT OF WAY,RIGHT ANGLE,SPATTERSONDRW3RDST,STOP SIGN
544,MONROE SD,BLOOMINGTON,2021-11-03T00:00:00,4:31 PM,2,0,0,0,0,"","","",SR 37,W DILLMAN RD,"",,"",39.092976,-86.545648,STATE ROAD,N,RURAL,N,N,Y,LANE CLOSURE,DAYLIGHT,CLEAR,DRY,"",FOUR-WAY INTERSECTION,STRAIGHT/LEVEL,ASPHALT,FAILURE TO YIELD RIGHT OF WAY,LEFT TURN,SR37SWDILLMANRD,TRAFFIC CONTROL SIGNAL
545,BLOOMINGTON PD,BLOOMINGTON,2021-11-03T00:00:00,4:45 PM,2,0,0,0,0,"","","",W BLOOMFIELD RD,W ALLEN ST,"",,"",39.156144,-86.561296,LOCAL/CITY ROAD,N,URBAN,N,N,N,"",DAYLIGHT,CLEAR,DRY,"",T-INTERSECTION,STRAIGHT/GRADE,ASPHALT,FAILURE TO YIELD RIGHT OF WAY,LEFT TURN,WESTALLENSTWESTBLOOMFIELDRD,STOP SIGN
546,BLOOMINGTON PD,BLOOMINGTON,2021-11-03T00:00:00,5:02 PM,2,0,0,0,0,"","","",S SARE RD,E RHORER RD,"",,"",39.121462,-86.511559,LOCAL/CITY ROAD,N,URBAN,Y,N,N,"",DAYLIGHT,CLEAR,DRY,"",T-INTERSECTION,STRAIGHT/LEVEL,ASPHALT,FOLLOWING TOO CLOSELY,REAR END,ERHORERRDSSARERD,STOP SIGN
547,BLOOMINGTON PD,BLOOMINGTON,2021-11-03T00:00:00,5:33 PM,2,0,2,0,0,"","","",W ARLINGTON RD,W GOURLEY PIKE,"",,"",39.186544,-86.551168,LOCAL/CITY ROAD,N,URBAN,N,N,N,"",DAYLIGHT,CLEAR,DRY,"",FOUR-WAY INTERSECTION,STRAIGHT/GRADE,ASPHALT,FAILURE TO YIELD RIGHT OF WAY,HEAD ON BETWEEN TWO MOTOR VEHICLES,WESTARLINGTONRDWESTGOURLEYPIKE,LANE CONTROL