_id,Agency,City,Collision Date,Collision Time,Vehicles Involved,Trailers Involved,Number Injured,Number Dead,Number Deer,House Number,Roadway Interchange,Roadway Ramp,Roadway Id,Intersecting Road,Interchange,Feet From,Direction,Latitude,Longitude,Roadway Class,Hit and Run?,Locality,School Zone?,Rumble Strips?,Construction?,Construction Type,Light Condition,Weather Conditions,Surface Condition,Type of Median,Roadway Junction Type,Road Character,Roadway Surface,Primary Factor,Manner of Collision,Unique Location Id,Traffic Control
548,MONROE SD,BLOOMINGTON,2021-11-03T00:00:00,6:37 PM,1,0,0,0,1,"","","",N UNION VALLEY RD,W DELAP RD,"",,"",39.251789,-86.59287,COUNTY ROAD,N,URBAN,N,N,N,"",DAWN/DUSK,CLEAR,DRY,"",NO JUNCTION INVOLVED,STRAIGHT/GRADE,ASPHALT,ANIMAL/OBJECT IN ROADWAY,RAN OFF ROAD,DELAPRDUNIONVALLEYRD,NONE
549,ISP BLOOMINGTON 33,BLOOMINGTON,2021-11-03T00:00:00,10:00 PM,1,,0,0,1,"","","",SR 37,"","",0,"",39.02886153,-86.53414538,"","",RURAL,N,N,N,"",DARK (NOT LIGHTED),CLEAR,DRY,"",NO JUNCTION INVOLVED,"",ASPHALT,ANIMAL/OBJECT IN ROADWAY,COLLISION WITH DEER,StateRd3790.8,""
550,BLOOMINGTON PD,BLOOMINGTON,2021-11-02T00:00:00,1:40 AM,2,0,0,0,0,"","","",E 3RD ST,S BRYAN AVE,"",,"",39.16432,-86.50824,LOCAL/CITY ROAD,Y,URBAN,N,N,N,"",DARK (NOT LIGHTED),CLEAR,DRY,"",FOUR-WAY INTERSECTION,STRAIGHT/LEVEL,ASPHALT,FOLLOWING TOO CLOSELY,REAR END,SBRYANAVEW3RDST,TRAFFIC CONTROL SIGNAL
551,MONROE SD,BLOOMINGTON,2021-11-02T00:00:00,6:15 AM,2,0,0,0,0,"","","",S ROCKPORT RD,W HUESTON WAY,"",200,S,39.09189007,-86.5716538,COUNTY ROAD,Y,RURAL,N,N,N,"",DARK (LIGHTED),CLEAR,DRY,"",NO JUNCTION INVOLVED,CURVE/GRADE,ASPHALT,LEFT OF CENTER,SAME DIRECTION SIDESWIPE,SROCKPORTRDWHUESTONWAY,LANE CONTROL
552,BLOOMINGTON PD,BLOOMINGTON,2021-11-02T00:00:00,8:58 AM,2,0,0,0,0,"","","",SR 46,E 10TH ST,"",,"",0,0,LOCAL/CITY ROAD,N,URBAN,N,N,N,"",DAYLIGHT,CLOUDY,DRY,"",FOUR-WAY INTERSECTION,STRAIGHT/LEVEL,ASPHALT,FOLLOWING TOO CLOSELY,REAR END,E10THSTSTRD46BYP,NONE
553,ELLETTSVILLE PD,ELLETTSVILLE,2021-11-02T00:00:00,12:19 PM,1,0,1,0,0,6002,"","",SR 46,"","",1000,E,39.227624,-86.61600561,STATE ROAD,N,URBAN,N,N,N,"",DAYLIGHT,CLEAR,DRY,"",NO JUNCTION INVOLVED,STRAIGHT/LEVEL,ASPHALT,RAN OFF ROAD RIGHT,RAN OFF ROAD,HARTSTRAITRDSR46W,OTHER REGULATORY SIGN/MARKING
554,BLOOMINGTON PD,BLOOMINGTON,2021-11-02T00:00:00,1:02 PM,2,0,0,0,0,"","","",N COLLEGE AVE,W 10TH ST,"",,"",39.171744,-86.534768,LOCAL/CITY ROAD,N,URBAN,N,N,N,"",DAYLIGHT,CLEAR,DRY,"",FOUR-WAY INTERSECTION,STRAIGHT/GRADE,ASPHALT,IMPROPER TURNING,SAME DIRECTION SIDESWIPE,NORTHCOLLEGEAVEWEST10THST,TRAFFIC CONTROL SIGNAL
555,BLOOMINGTON PD,BLOOMINGTON,2021-11-02T00:00:00,3:03 PM,3,0,1,0,0,"","","",SR 46,E EASTGATE LN (S),"",,"",39.17024,-86.501392,STATE ROAD,N,URBAN,N,N,N,"",DAYLIGHT,CLEAR,DRY,"",T-INTERSECTION,STRAIGHT/LEVEL,ASPHALT,FOLLOWING TOO CLOSELY,REAR END,EEASTGATELNSR46N,TRAFFIC CONTROL SIGNAL
556,BLOOMINGTON PD,BLOOMINGTON,2021-11-02T00:00:00,3:12 PM,2,0,0,0,0,"","","",E 3RD ST,S WOODSCREST DR,"",,"",39.164272,-86.502416,LOCAL/CITY ROAD,N,URBAN,N,N,N,"",DAWN/DUSK,CLEAR,DRY,"",FOUR-WAY INTERSECTION,STRAIGHT/LEVEL,ASPHALT,IMPROPER LANE USAGE,SAME DIRECTION SIDESWIPE,E3RDSTSWOODCRESTDR,TRAFFIC CONTROL SIGNAL
557,BLOOMINGTON PD,BLOOMINGTON,2021-11-02T00:00:00,7:14 PM,2,0,0,0,0,"","","",S COLLEGE MALL RD,E COVENANTER DR,"",,"",39.1551603,-86.4977833,LOCAL/CITY ROAD,N,URBAN,N,N,N,"",DARK (LIGHTED),CLEAR,DRY,"",FOUR-WAY INTERSECTION,STRAIGHT/LEVEL,ASPHALT,FOLLOWING TOO CLOSELY,REAR END,ECOVENANTERDRSCOLLEGEMALLRD,TRAFFIC CONTROL SIGNAL
558,BLOOMINGTON PD,BLOOMINGTON,2021-11-02T00:00:00,10:00 PM,1,0,0,0,1,"","","",W TAPP RD,S KEGG RD,"",,"",39.13651,-86.560361,LOCAL/CITY ROAD,N,URBAN,N,N,N,"",DARK (NOT LIGHTED),CLEAR,DRY,"",T-INTERSECTION,STRAIGHT/LEVEL,ASPHALT,ANIMAL/OBJECT IN ROADWAY,COLLISION WITH DEER,KEGGRDTAPPRD,NONE
559,BLOOMINGTON PD,BLOOMINGTON,2021-11-01T00:00:00,8:58 AM,2,0,0,0,0,2036,"","",WALNUT KNOLLS APARTMENT DR,"","",,"",39.232544,-86.540704,LOCAL/CITY ROAD,Y,URBAN,N,N,N,"",UNKNOWN,"","","",NO JUNCTION INVOLVED,STRAIGHT/LEVEL,ASPHALT,OVERCORRECTING/OVERSTEERING,SAME DIRECTION SIDESWIPE,NWALNUTST,NONE
560,MONROE SD,BLOOMINGTON,2021-11-01T00:00:00,10:21 AM,2,0,0,0,0,"","","",SR 45,W ELWREN RD,"",,"",39.107648,-86.643696,STATE ROAD,N,RURAL,N,N,Y,LANE CLOSURE,DAYLIGHT,CLEAR,DRY,"",FOUR-WAY INTERSECTION,STRAIGHT/LEVEL,ASPHALT,UNSAFE BACKING,REAR END,ELWRENRDSR45W,OFFICER/CROSSING GUARD/FLAGMAN
561,ELLETTSVILLE PD,ELLETTSVILLE,2021-11-01T00:00:00,11:36 AM,2,0,0,0,0,"","","",S SALE ST,W VINE ST,"",50,S,39.23428268,-86.6241832,LOCAL/CITY ROAD,N,URBAN,N,N,N,"",DAYLIGHT,CLEAR,DRY,"",NO JUNCTION INVOLVED,STRAIGHT/LEVEL,ASPHALT,FAILURE TO YIELD RIGHT OF WAY,SAME DIRECTION SIDESWIPE,SALESTVINEST,LANE CONTROL
562,BLOOMINGTON PD,BLOOMINGTON,2021-11-01T00:00:00,12:40 PM,2,0,0,0,0,"","","",W 6TH ST,N COLLEGE AVE,"",,"",39.167648,-86.534784,LOCAL/CITY ROAD,N,URBAN,N,N,N,"",DAYLIGHT,CLEAR,DRY,"",FOUR-WAY INTERSECTION,STRAIGHT/LEVEL,ASPHALT,UNSAFE BACKING,BACKING CRASH,NCOLLEGEAVEW6THST,LANE CONTROL
563,MONROE SD,BLOOMINGTON,2021-11-01T00:00:00,1:00 PM,2,0,0,0,0,"","","",S LIBERTY DR,INDIANA RAILROAD,"",,"",0,0,COUNTY ROAD,N,URBAN,N,N,N,"",DAYLIGHT,CLEAR,DRY,"",RAILROAD CROSSINGS,CURVE/LEVEL,ASPHALT,LEFT OF CENTER,OPPOSITE DIRECTION SIDESWIPE,INDIANARAILROADXINGSLIBERTYDR,LANE CONTROL
564,ELLETTSVILLE PD,ELLETTSVILLE,2021-11-01T00:00:00,3:30 PM,1,0,0,0,0,"","","",N MATTHEWS DR,N SENIOR DR,"",,"",0,0,LOCAL/CITY ROAD,N,URBAN,N,N,N,"",DAYLIGHT,CLOUDY,DRY,"",T-INTERSECTION,STRAIGHT/GRADE,ASPHALT,ACCELERATOR FAILURE OR DEFECTIVE,RAN OFF ROAD,MATTHEWSDRSENIORDR,NONE
565,BLOOMINGTON PD,BLOOMINGTON,2021-11-01T00:00:00,4:59 PM,1,0,1,0,0,"","","",E 1ST ST,S BALLANTINE RD,"",,"",39.159344,-86.519088,LOCAL/CITY ROAD,N,URBAN,Y,N,N,"",DAYLIGHT,CLOUDY,DRY,"",T-INTERSECTION,STRAIGHT/GRADE,ASPHALT,BRAKE FAILURE OR DEFECTIVE,RIGHT ANGLE,EAST1STSTSOUTHBALLANTINERD,STOP SIGN
566,BLOOMINGTON PD,BLOOMINGTON,2021-11-01T00:00:00,5:48 PM,2,0,0,0,0,"","","",S COLLEGE MALL RD,E MOORES PIKE,"",200,N,39.150448,-86.498,LOCAL/CITY ROAD,Y,URBAN,N,N,N,"",DAYLIGHT,CLOUDY,DRY,"",FOUR-WAY INTERSECTION,STRAIGHT/GRADE,ASPHALT,FAILURE TO YIELD RIGHT OF WAY,RIGHT ANGLE,EASTMOORESPIKESOUTHCOLLEGEMALLRD,LANE CONTROL
567,BLOOMINGTON PD,BLOOMINGTON,2021-11-01T00:00:00,7:40 PM,2,0,0,0,0,"","","",N GRANT ST,E KIRKWOOD AVE,"",,"",39.16664,-86.529696,LOCAL/CITY ROAD,Y,URBAN,N,N,N,"",DARK (NOT LIGHTED),CLEAR,DRY,"",FOUR-WAY INTERSECTION,STRAIGHT/LEVEL,ASPHALT,FOLLOWING TOO CLOSELY,REAR END,EKIRKWOODAVENGRANTST,STOP SIGN
568,BLOOMINGTON PD,BLOOMINGTON,2021-11-01T00:00:00,9:00 PM,2,0,0,0,0,"","","",S COLLEGE MALL RD,E COVENANTER DR,"",,"",39.155152,-86.497888,LOCAL/CITY ROAD,N,URBAN,N,N,N,"",DARK (LIGHTED),CLEAR,DRY,"",FOUR-WAY INTERSECTION,STRAIGHT/LEVEL,CONCRETE,DISREGARD SIGNAL/REG SIGN,RIGHT ANGLE,EASTCOVENANTERDRSOUTHCOLLEGEMALLRD,TRAFFIC CONTROL SIGNAL
569,MONROE SD,BLOOMINGTON,2021-11-01T00:00:00,9:01 PM,1,0,0,0,1,"","","",SR 43,W HOWARD RD,"",,"",0,0,STATE ROAD,N,RURAL,N,N,N,"",DARK (NOT LIGHTED),CLEAR,DRY,"",T-INTERSECTION,CURVE/GRADE,ASPHALT,ANIMAL/OBJECT IN ROADWAY,COLLISION WITH DEER,HOWARDRDSR43N,NONE
570,BLOOMINGTON PD,BLOOMINGTON,2021-10-31T00:00:00,2:50 PM,2,0,0,0,0,"","","",W 4TH ST,S MADISON ST,"",50,E,39.16568,-86.537296,LOCAL/CITY ROAD,Y,URBAN,N,N,N,"",DAYLIGHT,CLEAR,DRY,"",FOUR-WAY INTERSECTION,STRAIGHT/LEVEL,ASPHALT,UNSAFE LANE MOVEMENT,SAME DIRECTION SIDESWIPE,SMADISONSTW4THST,STOP SIGN
571,MONROE SD,BLOOMINGTON,2021-10-31T00:00:00,5:20 PM,2,0,0,0,0,"","","",I-69 N,"","",100,S,0,0,INTERSTATE,N,RURAL,N,Y,N,"",DAYLIGHT,CLEAR,DRY,"",NO JUNCTION INVOLVED,CURVE/LEVEL,CONCRETE,DRIVER ASLEEP OR FATIGUED,REAR END,I69N105,NONE
572,BLOOMINGTON PD,BLOOMINGTON,2021-10-31T00:00:00,7:39 PM,2,0,1,0,0,"","","",E MOORES PIKE,S SARE RD,"",,"",39.150448,-86.4992,LOCAL/CITY ROAD,N,URBAN,N,N,N,"",DARK (LIGHTED),CLEAR,DRY,"",FOUR-WAY INTERSECTION,CURVE/GRADE,ASPHALT,DISREGARD SIGNAL/REG SIGN,RIGHT ANGLE,EMOORESPIKESSARERD,TRAFFIC CONTROL SIGNAL
573,MONROE SD,BLOOMINGTON,2021-10-31T00:00:00,9:21 PM,2,0,0,0,0,"",120,S,I-69 S,SR 45/46,"",,"",0,0,STATE ROAD,N,RURAL,N,Y,N,"",DARK (LIGHTED),CLEAR,DRY,"",RAMP,STRAIGHT/GRADE,ASPHALT,LEFT OF CENTER,LEFT TURN,SR69S,TRAFFIC CONTROL SIGNAL
574,BLOOMINGTON PD,BLOOMINGTON,2021-10-30T00:00:00,1:30 AM,2,0,0,0,0,"","","",E 4TH ST,S HILLSDALE DR,"",75,E,39.16584,-86.503392,LOCAL/CITY ROAD,N,URBAN,N,N,N,"",DARK (NOT LIGHTED),CLOUDY,DRY,"",NO JUNCTION INVOLVED,STRAIGHT/LEVEL,ASPHALT,UNSAFE BACKING,BACKING CRASH,EAST4THSTSOUTHHILLSDALEDR,NONE
575,BLOOMINGTON PD,BLOOMINGTON,2021-10-30T00:00:00,8:53 AM,2,0,0,0,0,"","","",S LINCOLN ST,E SMITH AVE,"",,"",39.162848,-86.53104,LOCAL/CITY ROAD,N,URBAN,Y,N,Y,LANE CLOSURE,DAYLIGHT,RAIN,WET,"",FOUR-WAY INTERSECTION,STRAIGHT/GRADE,ASPHALT,OVERCORRECTING/OVERSTEERING,LEFT TURN,ESMITHAVESLINCOLNST,NONE
576,ISP BLOOMINGTON 33,BLOOMINGTON,2021-10-30T00:00:00,10:46 AM,2,,0,0,0,"","","",N GATES DR,W JACOB DR,"",0,"",39.16564252,-86.57600345,LOCAL/CITY ROAD,"",URBAN,N,N,N,"",DAYLIGHT,CLOUDY,DRY,"",T-INTERSECTION,"",ASPHALT,FAILURE TO YIELD RIGHT OF WAY,RIGHT ANGLE,WJacobDrNGatesDr,""
577,MONROE SD,BLOOMINGTON,2021-10-30T00:00:00,11:30 AM,1,0,0,0,0,"",123,5,I-69 S,N SR 37 BUSINESS,"",,"",0,0,INTERSTATE,N,URBAN,N,N,N,"",DAYLIGHT,RAIN,WET,"",RAMP,CURVE/GRADE,CONCRETE,SPEED TOO FAST FOR WEATHER CONDITIONS,RAN OFF ROAD,I69S,NONE
578,MONROE SD,BLOOMINGTON,2021-10-30T00:00:00,12:07 PM,2,0,1,0,0,"","","",SR 37,S WALNUT ST,"",,"",39.085632,-86.542304,STATE ROAD,N,RURAL,N,Y,Y,LANE CLOSURE,DAYLIGHT,CLEAR,DRY,"",FOUR-WAY INTERSECTION,STRAIGHT/LEVEL,ASPHALT,DRIVER DISTRACTED - EXPLAIN IN NARRATIVE,REAR END,SOLDSR37RDSR37N,TRAFFIC CONTROL SIGNAL
579,BLOOMINGTON PD,BLOOMINGTON,2021-10-30T00:00:00,1:18 PM,2,0,0,0,0,"","","",E 7TH ST,N GRANT ST,"",,"",39.16864,-86.529696,LOCAL/CITY ROAD,N,URBAN,N,N,N,"",DAYLIGHT,CLOUDY,WET,"",FOUR-WAY INTERSECTION,STRAIGHT/LEVEL,ASPHALT,FAILURE TO YIELD RIGHT OF WAY,RIGHT ANGLE,E7THSTNGRANTST,STOP SIGN
580,BLOOMINGTON PD,BLOOMINGTON,2021-10-30T00:00:00,1:36 PM,2,0,1,0,0,"","","",SR 45,E DISCOVERY PKWY,"",,"",39.171474,-86.495398,LOCAL/CITY ROAD,N,URBAN,N,N,N,"",DAYLIGHT,CLOUDY,WET,"",FOUR-WAY INTERSECTION,STRAIGHT/LEVEL,ASPHALT,FOLLOWING TOO CLOSELY,REAR END,DISCOVERYPKWYE10THST,TRAFFIC CONTROL SIGNAL
581,MONROE SD,BLOOMINGTON,2021-10-30T00:00:00,1:39 PM,1,0,0,0,0,"","","",SR 45,E MARTIN DR,"",250,W,39.2041871,-86.46362007,STATE ROAD,N,RURAL,N,N,N,"",DAYLIGHT,RAIN,WET,"",T-INTERSECTION,CURVE/GRADE,ASPHALT,RAN OFF ROAD RIGHT,RAN OFF ROAD,EMARTINDRSR45E,LANE CONTROL
582,BLOOMINGTON PD,BLOOMINGTON,2021-10-30T00:00:00,1:56 PM,2,0,0,0,0,"","","",SR 45/46,N WALNUT ST,"",,"",39.186368,-86.5344,LOCAL/CITY ROAD,N,URBAN,N,N,N,"",DAYLIGHT,CLOUDY,DRY,"",FOUR-WAY INTERSECTION,STRAIGHT/LEVEL,ASPHALT,FOLLOWING TOO CLOSELY,REAR END,NWALNUTSTSR4546BYP,TRAFFIC CONTROL SIGNAL
583,INDIANA UNIV BLOOMINGTON PD,BLOOMINGTON,2021-10-30T00:00:00,2:35 PM,2,0,0,0,0,"","","",E 3RD ST,S JORDAN AVE,"",,"",39.164263,-86.516394,LOCAL/CITY ROAD,N,URBAN,N,N,N,"",DAYLIGHT,CLOUDY,DRY,"",FOUR-WAY INTERSECTION,STRAIGHT/LEVEL,ASPHALT,UNSAFE LANE MOVEMENT,SAME DIRECTION SIDESWIPE,JORDANAVETHIRDST,TRAFFIC CONTROL SIGNAL
584,MONROE SD,BLOOMINGTON,2021-10-30T00:00:00,3:29 PM,1,0,0,0,0,"","","",E ROBINSON RD,N HILLSAMER RD,"",1000,E,39.2510158,-86.47011277,COUNTY ROAD,N,RURAL,N,N,N,"",DAYLIGHT,CLOUDY,WET,"",NO JUNCTION INVOLVED,CURVE/LEVEL,ASPHALT,UNSAFE SPEED,RAN OFF ROAD,NMILLERRDROBINSONRD,NONE
585,BLOOMINGTON PD,BLOOMINGTON,2021-10-30T00:00:00,3:55 PM,2,0,0,0,0,"","","",I-69 S,SR 48,"",,"",39.164524,-86.573263,INTERSTATE,N,URBAN,N,N,N,"",DAYLIGHT,CLOUDY,DRY,"",RAMP,STRAIGHT/LEVEL,ASPHALT,FOLLOWING TOO CLOSELY,REAR END,I69SWTHIRDST,TRAFFIC CONTROL SIGNAL
586,BLOOMINGTON PD,BLOOMINGTON,2021-10-30T00:00:00,4:00 PM,2,0,0,0,0,"","","",W BLOOMFIELD RD,S BASSWOOD DR,"",,"",39.1498172,-86.5689428,LOCAL/CITY ROAD,N,URBAN,N,N,N,"",DAYLIGHT,CLOUDY,DRY,"",FOUR-WAY INTERSECTION,STRAIGHT/LEVEL,ASPHALT,FOLLOWING TOO CLOSELY,REAR END,SBASSWOODDRWBLOOMFIELDRD,TRAFFIC CONTROL SIGNAL
587,BLOOMINGTON PD,BLOOMINGTON,2021-10-30T00:00:00,7:05 PM,2,0,0,0,0,"","",Y,SR 48,I-69 S,"",,"",39.1645785,-86.57301649,LOCAL/CITY ROAD,Y,URBAN,N,N,N,"",DARK (LIGHTED),RAIN,WET,"",FOUR-WAY INTERSECTION,STRAIGHT/LEVEL,ASPHALT,FAILURE TO YIELD RIGHT OF WAY,OPPOSITE DIRECTION SIDESWIPE,I69EXITNORTHBOUNDEXTW3RDST,TRAFFIC CONTROL SIGNAL
588,BLOOMINGTON PD,BLOOMINGTON,2021-10-30T00:00:00,7:12 PM,2,0,0,0,0,"","","",SR 46,S COLLEGE MALL RD,"",,"",39.16424,-86.4984,LOCAL/CITY ROAD,N,URBAN,N,N,N,"",DAYLIGHT,CLOUDY,WET,"",FOUR-WAY INTERSECTION,STRAIGHT/LEVEL,ASPHALT,IMPROPER LANE USAGE,SAME DIRECTION SIDESWIPE,E3RDSTSCOLLEGEMALLRD,TRAFFIC CONTROL SIGNAL
589,BLOOMINGTON PD,BLOOMINGTON,2021-10-30T00:00:00,7:12 PM,2,0,0,0,0,"","","",S WASHINGTON ST,E HILLSIDE DR,"",,"",39.15056,-86.5324,LOCAL/CITY ROAD,N,URBAN,N,N,N,"",DARK (LIGHTED),RAIN,WET,"",T-INTERSECTION,STRAIGHT/LEVEL,ASPHALT,FAILURE TO YIELD RIGHT OF WAY,RIGHT ANGLE,EHILLSIDEDRSWASHINGTONST,STOP SIGN
590,BLOOMINGTON PD,BLOOMINGTON,2021-10-30T00:00:00,9:54 PM,2,0,0,0,0,"","","",E 3RD ST,S DUNN ST,"",,"",39.164448,-86.528096,LOCAL/CITY ROAD,N,URBAN,N,N,N,"",DARK (LIGHTED),RAIN,WET,"",FOUR-WAY INTERSECTION,CURVE/LEVEL,ASPHALT,SPEED TOO FAST FOR WEATHER CONDITIONS,REAR END,DUNNSTTHIRDST,TRAFFIC CONTROL SIGNAL
591,MONROE SD,BLOOMINGTON,2021-10-30T00:00:00,10:43 PM,2,0,1,0,0,"","","",SR 45,"","",300,S,0,0,STATE ROAD,N,URBAN,N,N,N,"",DARK (NOT LIGHTED),CLEAR,DRY,"",NO JUNCTION INVOLVED,CURVE/LEVEL,ASPHALT,LEFT OF CENTER,HEAD ON BETWEEN TWO MOTOR VEHICLES,MARTINDRSR45,LANE CONTROL
592,BLOOMINGTON PD,BLOOMINGTON,2021-10-30T00:00:00,10:50 PM,1,0,1,0,0,"","","",W 11TH ST,N FAIRVIEW ST,"",,"",39.173152,-86.5408,LOCAL/CITY ROAD,N,URBAN,N,N,N,"",DARK (NOT LIGHTED),CLEAR,WET,"",Y-INTERSECTION,CURVE/GRADE,ASPHALT,UNSAFE SPEED,COLLISION WITH OBJECT IN ROAD,11THSTFAIRVIEWST,NONE
593,BLOOMINGTON PD,BLOOMINGTON,2021-10-30T00:00:00,11:30 PM,2,0,0,0,0,"","","",S WALNUT ST PIKE,E SUNNY SLOPES DR,"",,"",39.13264,-86.526688,LOCAL/CITY ROAD,N,URBAN,N,N,N,"",DARK (NOT LIGHTED),RAIN,WET,"",T-INTERSECTION,STRAIGHT/HILLCREST,ASPHALT,FOLLOWING TOO CLOSELY,REAR END,ESUNNYSLOPESDRSWALNUTSTREETPIKE,NONE
594,BLOOMINGTON PD,BLOOMINGTON,2021-10-29T00:00:00,1:30 AM,3,0,0,0,0,"","","",W KIRKWOOD AVE,N FAIRVIEW ST,"",,"",39.166704,-86.5408,LOCAL/CITY ROAD,N,URBAN,N,N,N,"",DARK (LIGHTED),CLEAR,WET,"",FOUR-WAY INTERSECTION,STRAIGHT/LEVEL,ASPHALT,UNSAFE SPEED,REAR END,FAIRVIEWSTKIRKWOODAVE,NONE
595,INDIANA UNIV BLOOMINGTON PD,BLOOMINGTON,2021-10-29T00:00:00,1:56 AM,1,0,0,0,0,"","","",S INDIANA AVE,E KIRKWOOD AVE,"",,"",39.166531,-86.526926,LOCAL/CITY ROAD,N,URBAN,N,N,N,"",DARK (LIGHTED),CLEAR,WET,"",T-INTERSECTION,STRAIGHT/LEVEL,ASPHALT,UNSAFE SPEED,RAN OFF ROAD,INDIANAAVEKIRKWOODAVE,STOP SIGN
596,ELLETTSVILLE PD,ELLETTSVILLE,2021-10-29T00:00:00,10:20 AM,2,1,0,0,0,"","","",SR 46,N LAKEVIEW DR,"",,"",39.221152,-86.6056,STATE ROAD,N,URBAN,N,N,N,"",DAYLIGHT,CLEAR,DRY,"",T-INTERSECTION,STRAIGHT/LEVEL,ASPHALT,FAILURE TO YIELD RIGHT OF WAY,SAME DIRECTION SIDESWIPE,LAKEVIEWDRSR46W,LANE CONTROL
597,MONROE SD,BLOOMINGTON,2021-10-29T00:00:00,12:27 PM,2,0,0,0,0,"","","",SR 45,W LEONARD SPRINGS RD,"",50,W,39.12215249,-86.61453587,STATE ROAD,N,RURAL,N,N,N,"",DAYLIGHT,CLEAR,DRY,"",TRAFFIC CIRCLE/ROUNDABOUT,STRAIGHT/GRADE,ASPHALT,FOLLOWING TOO CLOSELY,REAR END,SR45WWLEONARDSPRINGSRD,LANE CONTROL
598,BLOOMINGTON PD,BLOOMINGTON,2021-10-29T00:00:00,12:39 PM,2,0,0,0,0,"","","",E 3RD ST,S ROOSEVELT ST,"",250,E,39.164304,-86.505792,LOCAL/CITY ROAD,N,URBAN,N,N,N,"",DAYLIGHT,CLEAR,DRY,"",NO JUNCTION INVOLVED,STRAIGHT/LEVEL,ASPHALT,FOLLOWING TOO CLOSELY,REAR END,E3RDSTSROOSEVELTST,LANE CONTROL
599,BLOOMINGTON PD,BLOOMINGTON,2021-10-29T00:00:00,2:28 PM,2,0,0,0,0,"","","",E 9TH ST,N DUNN ST,"",,"",39.170544,-86.52824,LOCAL/CITY ROAD,N,URBAN,Y,N,N,"",DAWN/DUSK,CLEAR,DRY,"",FOUR-WAY INTERSECTION,STRAIGHT/LEVEL,ASPHALT,DISREGARD SIGNAL/REG SIGN,RIGHT ANGLE,E9THSTNDUNNST,STOP SIGN
600,BLOOMINGTON PD,BLOOMINGTON,2021-10-29T00:00:00,2:59 PM,2,0,2,0,0,"","","",W 17TH ST,N JACKSON ST,"",,"",39.179024,-86.539616,LOCAL/CITY ROAD,N,URBAN,N,N,N,"",DAYLIGHT,CLEAR,DRY,"",FOUR-WAY INTERSECTION,STRAIGHT/HILLCREST,CONCRETE,FAILURE TO YIELD RIGHT OF WAY,HEAD ON BETWEEN TWO MOTOR VEHICLES,NJACKSONSTW17THST,NONE
601,BLOOMINGTON PD,BLOOMINGTON,2021-10-29T00:00:00,3:21 PM,2,0,0,0,0,"","","",S WALNUT ST,W GORDON PIKE,"",,"",39.121463,-86.531363,LOCAL/CITY ROAD,N,URBAN,N,N,N,"",DAYLIGHT,CLEAR,DRY,"",FOUR-WAY INTERSECTION,STRAIGHT/LEVEL,ASPHALT,FOLLOWING TOO CLOSELY,REAR END,ERHORERRDSWALNUTST,TRAFFIC CONTROL SIGNAL
602,MONROE SD,BLOOMINGTON,2021-10-29T00:00:00,3:40 PM,1,0,0,0,0,"","","",SR 45,E COX DR,"",50,W,39.22043913,-86.44240199,STATE ROAD,N,RURAL,N,N,N,"",DAYLIGHT,CLOUDY,WET,"",T-INTERSECTION,CURVE/LEVEL,ASPHALT,SPEED TOO FAST FOR WEATHER CONDITIONS,RAN OFF ROAD,ECOXDRSR45E,NONE
603,ELLETTSVILLE PD,ELLETTSVILLE,2021-10-29T00:00:00,3:42 PM,2,0,0,0,0,4681,"","",W RICHLAND PLAZA DR,"","",,"",39.217139,-86.59525,UNKNOWN,N,URBAN,N,N,N,"",DAYLIGHT,CLOUDY,DRY,"",NO JUNCTION INVOLVED,STRAIGHT/GRADE,ASPHALT,FAILURE TO YIELD RIGHT OF WAY,RIGHT ANGLE,RICHLANDPLAZADR,NONE
604,BLOOMINGTON PD,BLOOMINGTON,2021-10-29T00:00:00,4:25 PM,2,0,0,0,0,"","","",S COLLEGE MALL RD,E 3RD ST,"",30,S,39.16424,-86.4984,LOCAL/CITY ROAD,N,URBAN,N,N,N,"",DAYLIGHT,CLEAR,DRY,"",FOUR-WAY INTERSECTION,STRAIGHT/LEVEL,ASPHALT,FOLLOWING TOO CLOSELY,REAR END,E3RDSTSCOLLEGEMALLRD,TRAFFIC CONTROL SIGNAL
605,BLOOMINGTON PD,BLOOMINGTON,2021-10-29T00:00:00,4:30 PM,2,0,0,0,0,"","","",E 3RD ST,S CLARK ST,"",,"",39.164288,-86.5048,LOCAL/CITY ROAD,N,URBAN,N,N,N,"",DAYLIGHT,CLOUDY,DRY,"",FOUR-WAY INTERSECTION,STRAIGHT/LEVEL,ASPHALT,FAILURE TO YIELD RIGHT OF WAY,RIGHT ANGLE,E3RDSTSCLARKST,NONE
606,BLOOMINGTON PD,BLOOMINGTON,2021-10-29T00:00:00,5:02 PM,2,0,0,0,0,"","","",N PETE ELLIS DR,E LONGVIEW AVE,"",,"",39.166944,-86.495056,LOCAL/CITY ROAD,N,URBAN,N,N,N,"",DAYLIGHT,CLEAR,DRY,"",FOUR-WAY INTERSECTION,STRAIGHT/LEVEL,ASPHALT,FAILURE TO YIELD RIGHT OF WAY,RIGHT ANGLE,ELONGVIEWAVENPETEELLISDR,STOP SIGN
607,BLOOMINGTON PD,BLOOMINGTON,2021-10-29T00:00:00,5:15 PM,2,0,0,0,0,"","","",W 3RD ST,S MULLER PKWY,"",100,E,39.164469,-86.56271765,LOCAL/CITY ROAD,N,URBAN,N,N,N,"",DAYLIGHT,CLEAR,DRY,"",NO JUNCTION INVOLVED,STRAIGHT/LEVEL,CONCRETE,UNSAFE LANE MOVEMENT,SAME DIRECTION SIDESWIPE,SMULLERPKWYW3RDST,NONE