_id,Agency,City,Collision Date,Collision Time,Vehicles Involved,Trailers Involved,Number Injured,Number Dead,Number Deer,House Number,Roadway Interchange,Roadway Ramp,Roadway Id,Intersecting Road,Interchange,Feet From,Direction,Latitude,Longitude,Roadway Class,Hit and Run?,Locality,School Zone?,Rumble Strips?,Construction?,Construction Type,Light Condition,Weather Conditions,Surface Condition,Type of Median,Roadway Junction Type,Road Character,Roadway Surface,Primary Factor,Manner of Collision,Unique Location Id,Traffic Control
608,BLOOMINGTON PD,BLOOMINGTON,2021-10-29T00:00:00,6:46 PM,1,0,0,0,0,2025,"","",S HAWKSMOORE DR,E RAILWAY CIR,"",,"",39.14417,-86.501197,LOCAL/CITY ROAD,N,URBAN,N,N,N,"",DARK (NOT LIGHTED),RAIN,WET,"",NO JUNCTION INVOLVED,STRAIGHT/GRADE,ASPHALT,SPEED TOO FAST FOR WEATHER CONDITIONS,RAN OFF ROAD,SHAWKSMOOREDR,NONE
609,BLOOMINGTON PD,BLOOMINGTON,2021-10-29T00:00:00,7:15 PM,2,0,0,0,0,"","","",W BLOOMFIELD RD,S WEIMER RD,"",,"",39.154241,-86.564334,LOCAL/CITY ROAD,N,URBAN,N,N,N,"",DARK (LIGHTED),RAIN,WET,"",FOUR-WAY INTERSECTION,STRAIGHT/GRADE,ASPHALT,FOLLOWING TOO CLOSELY,REAR END,SWEIMERRDWBLOOMFIELDRD,NONE
610,BLOOMINGTON PD,BLOOMINGTON,2021-10-29T00:00:00,8:22 PM,3,0,1,0,0,"","","",S WASHINGTON ST,E DRISCOLL ST,"",60,S,39.1461213,-86.532503,LOCAL/CITY ROAD,N,URBAN,N,N,N,"",DARK (LIGHTED),RAIN,WET,"",NO JUNCTION INVOLVED,STRAIGHT/LEVEL,ASPHALT,DRIVER DISTRACTED - EXPLAIN IN NARRATIVE,REAR END,DRISCOLLSTSWASHINGTONST,NONE
611,MONROE SD,BLOOMINGTON,2021-10-28T00:00:00,3:08 AM,1,0,0,0,0,"","","",SR 37,W MONROE DAM RD,"",,"",39.020048,-86.536096,STATE ROAD,N,RURAL,N,N,Y,LANE CLOSURE,DARK (NOT LIGHTED),CLEAR,DRY,"",NO JUNCTION INVOLVED,STRAIGHT/GRADE,ASPHALT,DRIVER ASLEEP OR FATIGUED,RAN OFF ROAD,MONROEDAMRDSR37S,LANE CONTROL
612,MONROE SD,BLOOMINGTON,2021-10-28T00:00:00,7:31 AM,3,0,0,0,0,"","","",S ROCKPORT RD,W HENNESSEY ST,"",,"",39.1281697,-86.5566669,LOCAL/CITY ROAD,N,RURAL,N,N,N,"",DARK (NOT LIGHTED),RAIN,WET,"",T-INTERSECTION,STRAIGHT/LEVEL,ASPHALT,ROADWAY SURFACE CONDITION,RIGHT ANGLE,SROCKPORTRDWHENNESSEYST,STOP SIGN
613,ISP BLOOMINGTON 33,BLOOMINGTON,2021-10-28T00:00:00,7:44 AM,2,,0,0,0,"","","",SR 37,"","",1600,S,39.08813226,-86.54479928,STATE ROAD,"",RURAL,N,N,Y,LANE CLOSURE,DAWN/DUSK,CLOUDY,DRY,"",NO JUNCTION INVOLVED,"",ASPHALT,UNSAFE LANE MOVEMENT,SAME DIRECTION SIDESWIPE,SR371600FtsouthofDillmanRd,""
614,BLOOMINGTON PD,BLOOMINGTON,2021-10-28T00:00:00,8:28 AM,2,,0,0,0,"","","",E MOORES PIKE,S SMITH RD,"",0,"",39.150206,-86.480449,LOCAL/CITY ROAD,"",URBAN,N,N,B,"",DAYLIGHT,CLOUDY,DRY,"",FOUR-WAY INTERSECTION,"",ASPHALT,DISREGARD SIGNAL/REG SIGN,RIGHT ANGLE,S.SMITHROADE.MOORESPIKE,""
615,BLOOMINGTON PD,BLOOMINGTON,2021-10-28T00:00:00,11:29 AM,1,0,0,0,0,"","","",N ADAMS ST,W 7TH ST,"",50,N,39.168576,-86.5496,LOCAL/CITY ROAD,N,URBAN,N,N,N,"",DAYLIGHT,RAIN,WET,"",NO JUNCTION INVOLVED,STRAIGHT/LEVEL,ASPHALT,OVERSIZE/OVERWEIGHT LOAD,OTHER - EXPLAIN IN NARRATIVE,NADAMSSTW7THST,NONE
616,ISP BLOOMINGTON 33,BLOOMINGTON,2021-10-28T00:00:00,12:15 PM,1,,0,0,0,"",123,C,I-69 S,N SR 37 BUSINESS,"",0,"",39.23532213,-86.54168671,INTERSTATE,"",RURAL,N,N,N,"",DAYLIGHT,RAIN,WET,"",RAMP,"",CONCRETE,"","",I69-123-RampC123C,""
617,INDIANA UNIV BLOOMINGTON PD,BLOOMINGTON,2021-10-28T00:00:00,1:55 PM,2,0,1,0,0,"","","",SR 45/46,E 10TH ST,"",200,N,39.17214794,-86.5023884,STATE ROAD,N,URBAN,N,N,N,"",DAYLIGHT,RAIN,WET,"",NO JUNCTION INVOLVED,STRAIGHT/LEVEL,ASPHALT,SPEED TOO FAST FOR WEATHER CONDITIONS,REAR END,10THSTSR46E,NONE
618,ISP BLOOMINGTON 33,BLOOMINGTON,2021-10-28T00:00:00,2:15 PM,2,,0,0,0,"",90,E,SR 37,E MONROE DAM RD,"",0,"",39.01939296,-86.53644688,STATE ROAD,"",RURAL,N,N,Y,LANE CLOSURE,DAYLIGHT,RAIN,WET,"",RAMP,"",ASPHALT,FAILURE TO YIELD RIGHT OF WAY,SAME DIRECTION SIDESWIPE,StateRd37090E,""
619,ELLETTSVILLE PD,ELLETTSVILLE,2021-10-28T00:00:00,3:39 PM,1,0,0,0,0,"","","",SR 46,ENTRANCE TO CHICAGO'S PIZZA,"",400,W,39.22181467,-86.60672653,STATE ROAD,N,URBAN,N,N,N,"",DAYLIGHT,RAIN,WET,"",NO JUNCTION INVOLVED,STRAIGHT/GRADE,ASPHALT,OTHER (DRIVER) - EXPLAIN IN NARRATIVE,RAN OFF ROAD,LAKEVIEWDRSR46W,NONE
620,BLOOMINGTON PD,BLOOMINGTON,2021-10-28T00:00:00,4:08 PM,1,0,1,0,0,"",120,B,I-69 N,SR 45/46,"",,"",0,0,INTERSTATE,N,URBAN,N,N,N,"",DAYLIGHT,RAIN,WET,"",RAMP,CURVE/GRADE,ASPHALT,SPEED TOO FAST FOR WEATHER CONDITIONS,RAN OFF ROAD,I69N,NONE
621,INDIANA UNIV BLOOMINGTON PD,BLOOMINGTON,2021-10-28T00:00:00,4:56 PM,2,0,0,0,0,"","","",S INDIANA AVE,E 3RD ST,"",,"",39.163756,-86.527024,LOCAL/CITY ROAD,N,URBAN,N,N,N,"",DAYLIGHT,RAIN,WET,"",FOUR-WAY INTERSECTION,STRAIGHT/LEVEL,ASPHALT,FOLLOWING TOO CLOSELY,REAR END,HENDERSONSTINDIANAAVE,TRAFFIC CONTROL SIGNAL
622,BLOOMINGTON PD,BLOOMINGTON,2021-10-28T00:00:00,5:19 PM,2,0,0,0,0,"","","",SR 45,S LIBERTY DR,"",,"",39.1450008,-86.5777444,LOCAL/CITY ROAD,N,URBAN,N,N,N,"",DAWN/DUSK,RAIN,WET,"",FOUR-WAY INTERSECTION,STRAIGHT/LEVEL,ASPHALT,FOLLOWING TOO CLOSELY,REAR END,SLIBERTYDRWSR45RD,TRAFFIC CONTROL SIGNAL
623,BLOOMINGTON PD,BLOOMINGTON,2021-10-28T00:00:00,5:49 PM,2,0,1,0,0,"","","",E ATWATER AVE,S HENDERSON ST,"",,"",39.163344,-86.5272,LOCAL/CITY ROAD,N,URBAN,Y,N,N,"",DAYLIGHT,RAIN,WET,"",FOUR-WAY INTERSECTION,STRAIGHT/GRADE,ASPHALT,DISREGARD SIGNAL/REG SIGN,RIGHT ANGLE,ATWATERAVESOUTHHENDERSONST,TRAFFIC CONTROL SIGNAL
624,INDIANA UNIV BLOOMINGTON PD,BLOOMINGTON,2021-10-28T00:00:00,6:08 PM,2,0,1,0,0,"","","",E 3RD ST,S INDIANA AVE,"",,"",39.164287,-86.526904,LOCAL/CITY ROAD,N,URBAN,N,N,N,"",DAYLIGHT,RAIN,WET,"",NO JUNCTION INVOLVED,STRAIGHT/LEVEL,ASPHALT,FOLLOWING TOO CLOSELY,REAR END,HENDERSONSTTHIRDST,NONE
625,INDIANA UNIV BLOOMINGTON PD,BLOOMINGTON,2021-10-28T00:00:00,6:30 PM,1,0,0,0,0,1051,"","",E 17TH ST,N WALNUT GROVE ST,"",,"",39.1800617,-86.5214,UNKNOWN,N,URBAN,N,N,N,"",DAYLIGHT,RAIN,WET,"",FOUR-WAY INTERSECTION,STRAIGHT/LEVEL,ASPHALT,LEFT OF CENTER,COLLISION WITH OBJECT IN ROAD,EAST17THST,NONE
626,BLOOMINGTON PD,BLOOMINGTON,2021-10-28T00:00:00,6:58 PM,2,0,0,0,0,"","","",W ISAACS DR,S PATTERSON DR,"",,"",39.16342,-86.551249,LOCAL/CITY ROAD,N,URBAN,N,N,N,"",DARK (LIGHTED),RAIN,WET,"",FOUR-WAY INTERSECTION,STRAIGHT/LEVEL,ASPHALT,FAILURE TO YIELD RIGHT OF WAY,LEFT/RIGHT TURN,SPATTERSONAVEW3RDST,STOP SIGN
627,ELLETTSVILLE PD,ELLETTSVILLE,2021-10-28T00:00:00,9:44 PM,2,0,0,0,0,"","","",SR 46,W RICHLAND PLAZA DR,"",,"",39.216426,-86.59499565,LOCAL/CITY ROAD,N,URBAN,N,N,N,"",DARK (NOT LIGHTED),CLOUDY,WET,"",T-INTERSECTION,CURVE/LEVEL,ASPHALT,HEADLIGHT DEFECTIVE OR NOT ON,LEFT TURN,RICHLANDPLAZADRSTATEROAD46WESTRD,LANE CONTROL
628,BLOOMINGTON PD,BLOOMINGTON,2021-10-27T00:00:00,5:29 AM,2,0,0,0,0,"","","",SR 46,KINGSTON DR S,"",,"",39.16424,-86.492944,LOCAL/CITY ROAD,Y,URBAN,N,N,N,"",DARK (NOT LIGHTED),CLEAR,DRY,"",FOUR-WAY INTERSECTION,STRAIGHT/LEVEL,ASPHALT,FOLLOWING TOO CLOSELY,REAR END,E3RDSTSKINGSTONDR,TRAFFIC CONTROL SIGNAL
629,ISP BLOOMINGTON 33,BLOOMINGTON,2021-10-27T00:00:00,7:50 AM,1,,0,0,1,"","","",I-69 S,"","",0,"",39.3306428,-86.51495165,INTERSTATE,"",RURAL,N,N,N,"",DAWN/DUSK,FOG/SMOKE/SMOG,DRY,"",NO JUNCTION INVOLVED,"",ASPHALT,ANIMAL/OBJECT IN ROADWAY,COLLISION WITH DEER,I-69,""
630,MONROE SD,BLOOMINGTON,2021-10-27T00:00:00,8:58 AM,1,0,0,0,0,"","","",SR 45,"","",1000,W,39.09791987,-86.65502648,STATE ROAD,N,RURAL,N,N,N,"",DAYLIGHT,CLEAR,DRY,"",NO JUNCTION INVOLVED,CURVE/GRADE,ASPHALT,RAN OFF ROAD RIGHT,RAN OFF ROAD,SR45WWHINDSRD,NONE
631,BLOOMINGTON PD,BLOOMINGTON,2021-10-27T00:00:00,10:00 AM,2,0,0,0,0,"","","",S ADAMS ST,"","",500,N,39.155952,-86.550592,LOCAL/CITY ROAD,N,URBAN,N,N,N,"",DAYLIGHT,CLEAR,DRY,"",NO JUNCTION INVOLVED,STRAIGHT/GRADE,ASPHALT,UNSAFE BACKING,BACKING CRASH,SADAMSSTWALLENST,NONE
632,INDIANA UNIV BLOOMINGTON PD,BLOOMINGTON,2021-10-27T00:00:00,10:09 AM,1,0,1,0,0,"","","",E UNIVERSITY AVE,"","",500,W,39.160152,-86.51633374,LOCAL/CITY ROAD,Y,URBAN,N,N,N,"",DAYLIGHT,CLEAR,DRY,"",NO JUNCTION INVOLVED,CURVE/LEVEL,ASPHALT,UNSAFE SPEED,OTHER - EXPLAIN IN NARRATIVE,SJORDANAVEUNIVERSITYAVE,NONE
633,INDIANA UNIV BLOOMINGTON PD,BLOOMINGTON,2021-10-27T00:00:00,10:15 AM,2,0,0,0,0,"","","",N WALNUT GROVE ST,E 10TH ST,"",50,N,39.17173729,-86.52090022,LOCAL/CITY ROAD,N,URBAN,N,N,N,"",DAYLIGHT,CLEAR,DRY,"",NO JUNCTION INVOLVED,STRAIGHT/LEVEL,ASPHALT,OTHER (DRIVER) - EXPLAIN IN NARRATIVE,BACKING CRASH,10THSTWALNUTGROVEST,NONE
634,BLOOMINGTON PD,BLOOMINGTON,2021-10-27T00:00:00,11:00 AM,2,0,0,0,0,"","","",N MORTON ST,"","",75,N,39.173216,-86.536,LOCAL/CITY ROAD,Y,URBAN,N,N,N,"",DAYLIGHT,CLEAR,DRY,"",NO JUNCTION INVOLVED,STRAIGHT/GRADE,ASPHALT,UNSAFE BACKING,BACKING CRASH,NORTHMORTONSTWEST11THST,LANE CONTROL
635,BLOOMINGTON PD,BLOOMINGTON,2021-10-27T00:00:00,4:21 PM,1,0,0,0,0,"","","",W 9TH ST,N ELM ST,"",,"",39.170448,-86.5452,UNKNOWN,N,URBAN,N,N,N,"",DAYLIGHT,CLEAR,LOOSE MATERIAL ON ROAD,"",NO JUNCTION INVOLVED,NON-ROADWAY CRASH,GRAVEL,OTHER (DRIVER) - EXPLAIN IN NARRATIVE,OTHER - EXPLAIN IN NARRATIVE,NELMSTW9THST,NONE
636,BLOOMINGTON PD,BLOOMINGTON,2021-10-27T00:00:00,4:33 PM,2,0,0,0,0,"","","",S COLLEGE AVE,W 3RD ST,"",100,S,39.16464,-86.534816,LOCAL/CITY ROAD,N,URBAN,N,N,N,"",DAYLIGHT,CLEAR,DRY,"",FOUR-WAY INTERSECTION,STRAIGHT/GRADE,ASPHALT,IMPROPER TURNING,SAME DIRECTION SIDESWIPE,SOUTHCOLLEGEAVEWEST3RDST,LANE CONTROL
637,BLOOMINGTON PD,BLOOMINGTON,2021-10-27T00:00:00,5:23 PM,2,,0,0,0,"","","",SR 48,S CURRY PIKE,"",0,"",39.16465351,-86.58294833,LOCAL/CITY ROAD,"",URBAN,N,N,N,"",DAYLIGHT,CLEAR,DRY,"",FOUR-WAY INTERSECTION,"",ASPHALT,FAILURE TO YIELD RIGHT OF WAY,LEFT TURN,WHITEHALLROADS.CURRYPIKE,""
638,BLOOMINGTON PD,BLOOMINGTON,2021-10-27T00:00:00,5:51 PM,2,1,0,0,0,"","",Y,SR 45,ENTRANCE TO SAM'S CLUB,"",,"",0,0,LOCAL/CITY ROAD,N,URBAN,N,N,N,"",DAYLIGHT,CLEAR,DRY,"",FOUR-WAY INTERSECTION,STRAIGHT/LEVEL,ASPHALT,FAILURE TO YIELD RIGHT OF WAY,LEFT TURN,I69SOUTHBOUNDEXITHWYWBLOOMFIELDRD,TRAFFIC CONTROL SIGNAL
639,BLOOMINGTON PD,BLOOMINGTON,2021-10-27T00:00:00,6:20 PM,2,0,1,0,0,"","","",S COLLEGE MALL RD,ENTRANCE TO AMC CLASSIC THEATER,"",,"",0,0,LOCAL/CITY ROAD,N,URBAN,N,N,N,"",DAWN/DUSK,RAIN,WET,"",T-INTERSECTION,STRAIGHT/LEVEL,ASPHALT,FAILURE TO YIELD RIGHT OF WAY,RIGHT ANGLE,KERASOTESBLVDSCOLLEGEMALLRD,NONE
640,BLOOMINGTON PD,BLOOMINGTON,2021-10-27T00:00:00,9:06 PM,2,0,0,0,0,"",120,"",I-69 S,SR 45/46,"",100,E,0,0,INTERSTATE,N,URBAN,N,N,N,"",DARK (LIGHTED),CLEAR,DRY,"",RAMP,CURVE/LEVEL,ASPHALT,FOLLOWING TOO CLOSELY,REAR END,I69SSR4546RAMP,OFFICER/CROSSING GUARD/FLAGMAN
641,MONROE SD,ELLETTSVILLE,2021-10-26T00:00:00,8:20 AM,1,0,0,0,0,"","","",OLD CSX RAILWAY LN,"","",300,S,0,0,COUNTY ROAD,Y,URBAN,N,N,N,"",DAYLIGHT,CLEAR,DRY,"",NO JUNCTION INVOLVED,STRAIGHT/GRADE,GRAVEL,RAN OFF ROAD RIGHT,RAN OFF ROAD,OLDCSXRAILWAYXINGWESTMCNEELYST,NONE
642,BLOOMINGTON PD,BLOOMINGTON,2021-10-26T00:00:00,8:29 AM,1,0,0,0,0,"","","",W 15TH ST,N HANCOCK DR,"",10,E,39.177552,-86.548896,LOCAL/CITY ROAD,N,URBAN,N,N,N,"",UNKNOWN,RAIN,WET,"",NO JUNCTION INVOLVED,CURVE/GRADE,ASPHALT,RAN OFF ROAD RIGHT,RAN OFF ROAD,HANCOCKDRW15THST,NONE
643,BLOOMINGTON PD,BLOOMINGTON,2021-10-26T00:00:00,11:16 AM,2,0,0,0,0,"","","",E 1ST ST,S GRANT ST,"",,"",39.159344,-86.529792,LOCAL/CITY ROAD,Y,URBAN,N,N,N,"",DAYLIGHT,CLEAR,DRY,"",T-INTERSECTION,STRAIGHT/LEVEL,ASPHALT,OVERCORRECTING/OVERSTEERING,SAME DIRECTION SIDESWIPE,E1STSTSGRANTST,NONE
644,BLOOMINGTON PD,BLOOMINGTON,2021-10-26T00:00:00,11:19 AM,4,0,0,0,0,"","","",W 3RD ST (N),S PATTERSON DR,"",,"",39.16342,-86.551249,LOCAL/CITY ROAD,N,URBAN,N,N,N,"",DAYLIGHT,CLEAR,DRY,"",NO JUNCTION INVOLVED,STRAIGHT/LEVEL,ASPHALT,UNSAFE LANE MOVEMENT,SAME DIRECTION SIDESWIPE,SPATTERSONDRW3RDST,LANE CONTROL
645,ELLETTSVILLE PD,ELLETTSVILLE,2021-10-26T00:00:00,11:25 AM,2,0,0,0,0,"","","",SR 46,N MATTHEWS DR (S),"",,"",39.234768,-86.626384,STATE ROAD,N,URBAN,N,N,N,"",DAYLIGHT,CLEAR,DRY,"",T-INTERSECTION,STRAIGHT/GRADE,ASPHALT,FAILURE TO YIELD RIGHT OF WAY,RIGHT ANGLE,MATTHEWSDRSR46W,STOP SIGN
646,ELLETTSVILLE PD,ELLETTSVILLE,2021-10-26T00:00:00,12:42 PM,2,0,1,0,0,"","","",SR 46,N SALE ST (N),"",100,W,39.23396399,-86.62501913,STATE ROAD,N,URBAN,N,N,N,"",DAYLIGHT,CLEAR,DRY,"",NO JUNCTION INVOLVED,STRAIGHT/LEVEL,ASPHALT,FAILURE TO YIELD RIGHT OF WAY,RIGHT ANGLE,SALESTSR46W,LANE CONTROL
647,INDIANA UNIV BLOOMINGTON PD,BLOOMINGTON,2021-10-26T00:00:00,2:05 PM,2,0,0,0,0,"","","",N UNION ST,"","",700,N,39.24224092,-86.509427,LOCAL/CITY ROAD,N,URBAN,N,N,N,"",DAYLIGHT,CLEAR,DRY,"",NO JUNCTION INVOLVED,STRAIGHT/LEVEL,ASPHALT,IMPROPER TURNING,SAME DIRECTION SIDESWIPE,E7THSTNUNIONST,NONE
648,BLOOMINGTON PD,BLOOMINGTON,2021-10-26T00:00:00,2:20 PM,2,0,0,0,0,"","","",W 3RD ST,S ROGERS ST,"",200,W,39.164704,-86.537296,LOCAL/CITY ROAD,N,URBAN,N,N,N,"",DAYLIGHT,CLEAR,DRY,"",NO JUNCTION INVOLVED,STRAIGHT/GRADE,ASPHALT,IMPROPER TURNING,RIGHT TURN,SMADISONSTW3RDST,TRAFFIC CONTROL SIGNAL
649,MONROE SD,BLOOMINGTON,2021-10-26T00:00:00,4:20 PM,2,0,0,0,0,"","","",N CURRY PIKE,W JONATHAN DR,"",,"",39.168325,-86.582976,LOCAL/CITY ROAD,N,URBAN,N,N,N,"",DAYLIGHT,CLEAR,DRY,"",FOUR-WAY INTERSECTION,STRAIGHT/GRADE,ASPHALT,FAILURE TO YIELD RIGHT OF WAY,RIGHT ANGLE,JONATHANDRNCURRYPIKE,TRAFFIC CONTROL SIGNAL
650,BLOOMINGTON PD,BLOOMINGTON,2021-10-26T00:00:00,4:58 PM,2,0,0,0,0,"","","",N PINE ST,W KIRKWOOD AVE,"",100,N,39.1668,-86.548288,LOCAL/CITY ROAD,Y,URBAN,N,N,N,"",DAYLIGHT,CLEAR,DRY,"",T-INTERSECTION,STRAIGHT/LEVEL,ASPHALT,FAILURE TO YIELD RIGHT OF WAY,SAME DIRECTION SIDESWIPE,NPINESTWKIRKWOODAVE,NONE
651,BLOOMINGTON PD,BLOOMINGTON,2021-10-26T00:00:00,5:10 PM,2,0,0,0,0,"","","",W PATTERSON DR,S MORTON ST,"",150,W,39.15344,-86.5336,LOCAL/CITY ROAD,Y,URBAN,N,N,N,"",DAYLIGHT,CLEAR,DRY,"",FOUR-WAY INTERSECTION,STRAIGHT/LEVEL,ASPHALT,FOLLOWING TOO CLOSELY,REAR END,SWALNUTSTWGRIMESLN,NONE
652,MONROE SD,BLOOMINGTON,2021-10-26T00:00:00,5:48 PM,2,0,1,0,0,"","","",N CURRY PIKE,N LINTEL DR,"",,"",39.1926406,-86.5755391,COUNTY ROAD,N,RURAL,N,N,N,"",DAYLIGHT,CLEAR,DRY,"",FOUR-WAY INTERSECTION,STRAIGHT/LEVEL,ASPHALT,FAILURE TO YIELD RIGHT OF WAY,LEFT TURN,NCURRYPIKENLINTELDR,STOP SIGN
653,MONROE SD,BLOOMINGTON,2021-10-26T00:00:00,6:43 PM,1,0,0,0,1,"","","",I-69 S,"","",0,S,0,0,INTERSTATE,N,URBAN,N,Y,N,"",DAYLIGHT,CLEAR,DRY,"",NO JUNCTION INVOLVED,CURVE/GRADE,ASPHALT,ANIMAL/OBJECT IN ROADWAY,COLLISION WITH DEER,I69S125.5,NONE
654,INDIANA UNIV BLOOMINGTON PD,BLOOMINGTON,2021-10-26T00:00:00,6:45 PM,2,0,0,0,0,"","","",SR 45/46,SR 45,"",,"",0,0,STATE ROAD,N,URBAN,N,N,N,"",DAYLIGHT,CLEAR,DRY,"",FOUR-WAY INTERSECTION,STRAIGHT/LEVEL,ASPHALT,FOLLOWING TOO CLOSELY,REAR END,SR46UNIONVILLERD,TRAFFIC CONTROL SIGNAL
655,BLOOMINGTON PD,BLOOMINGTON,2021-10-26T00:00:00,7:09 PM,2,0,0,0,0,1285,"","",S COLLEGE MALL RD,ENTRANCE TO GENTRY QUARTERS APARTMENTS,"",,"",39.15248,-86.497297,LOCAL/CITY ROAD,N,URBAN,N,N,N,"",DAYLIGHT,CLEAR,DRY,"",NO JUNCTION INVOLVED,STRAIGHT/LEVEL,ASPHALT,FAILURE TO YIELD RIGHT OF WAY,RIGHT ANGLE,SCOLLEGEMALLRD,NONE
656,BLOOMINGTON PD,BLOOMINGTON,2021-10-25T00:00:00,3:22 AM,1,0,0,0,0,"","","",S COLLEGE AVE,W 1ST ST,"",,"",39.17688,-86.534736,LOCAL/CITY ROAD,N,URBAN,N,N,N,"",DARK (LIGHTED),RAIN,WET,"",FOUR-WAY INTERSECTION,STRAIGHT/LEVEL,ASPHALT,RAN OFF ROAD RIGHT,RAN OFF ROAD,SCOLLEGEAVEW1STST,TRAFFIC CONTROL SIGNAL
657,ELLETTSVILLE PD,ELLETTSVILLE,2021-10-25T00:00:00,7:25 AM,2,0,0,0,0,"","","",SR 46,W GRANT ST,"",,"",39.238848,-86.630096,LOCAL/CITY ROAD,N,URBAN,N,N,N,"",DARK (LIGHTED),CLOUDY,DRY,"",NO JUNCTION INVOLVED,CURVE/HILLCREST,ASPHALT,FAILURE TO YIELD RIGHT OF WAY,SAME DIRECTION SIDESWIPE,MAINSTTEMPERANCEST,LANE CONTROL
658,MONROE SD,BLOOMINGTON,2021-10-25T00:00:00,8:35 AM,4,0,0,0,0,2201,"","",W FULLERTON PIKE,"","",500,E,0,0,LOCAL/CITY ROAD,N,RURAL,N,N,N,"",DAYLIGHT,RAIN,WET,"",NO JUNCTION INVOLVED,STRAIGHT/LEVEL,ASPHALT,DRIVER ASLEEP OR FATIGUED,RAN OFF ROAD,I69SWFULLERTONPIKE,NONE
659,MONROE SD,BLOOMINGTON,2021-10-25T00:00:00,10:44 AM,1,0,0,0,0,"","","",POINT VIEW DR,E POINTE RD,"",,"",39.034385,-86.508552,LOCAL/CITY ROAD,N,RURAL,N,N,N,"",DAYLIGHT,CLEAR,DRY,"",T-INTERSECTION,STRAIGHT/LEVEL,ASPHALT,OTHER (ENVIRONMENTAL) - EXPLAIN IN NARR,OTHER - EXPLAIN IN NARRATIVE,EPOINTECLUBDRPOINTEVIEWDR,OTHER
660,BLOOMINGTON PD,BLOOMINGTON,2021-10-25T00:00:00,12:10 PM,3,0,0,0,0,"","","",S LIBERTY DR,SR 48,"",,"",39.164606,-86.579131,LOCAL/CITY ROAD,N,URBAN,N,N,N,"",DAYLIGHT,RAIN,WET,"",FOUR-WAY INTERSECTION,STRAIGHT/LEVEL,ASPHALT,FAILURE TO YIELD RIGHT OF WAY,RIGHT ANGLE,SLIBERTYDRW3RDST,LANE CONTROL
661,BLOOMINGTON PD,BLOOMINGTON,2021-10-25T00:00:00,2:27 PM,2,0,0,0,0,"","","",N WASHINGTON ST,E KIRKWOOD AVE,"",,"",39.16664,-86.5324,LOCAL/CITY ROAD,N,URBAN,N,N,N,"",DAYLIGHT,RAIN,WET,"",FOUR-WAY INTERSECTION,STRAIGHT/LEVEL,ASPHALT,FAILURE TO YIELD RIGHT OF WAY,SAME DIRECTION SIDESWIPE,EASTKIRKWOODAVENORTHWASHINGTONST,LANE CONTROL
662,INDIANA UNIV BLOOMINGTON PD,BLOOMINGTON,2021-10-25T00:00:00,3:05 PM,2,0,0,0,0,"","","",SR 45/46,E 10TH ST,"",,"",0,0,STATE ROAD,N,URBAN,N,N,N,"",DAYLIGHT,RAIN,WET,"",FOUR-WAY INTERSECTION,STRAIGHT/LEVEL,ASPHALT,FAILURE TO YIELD RIGHT OF WAY,SAME DIRECTION SIDESWIPE,SR46UNIONVILLERD,TRAFFIC CONTROL SIGNAL
663,BLOOMINGTON PD,BLOOMINGTON,2021-10-25T00:00:00,3:16 PM,2,0,0,0,0,"","","",N KINSER PIKE,"","",200,N,39.198144,-86.542096,LOCAL/CITY ROAD,N,URBAN,N,N,N,"",DAYLIGHT,RAIN,WET,"",NO JUNCTION INVOLVED,STRAIGHT/LEVEL,ASPHALT,FOLLOWING TOO CLOSELY,REAR END,NORTHKINSERPIKEWESTWINDINGWAY,LANE CONTROL
664,BLOOMINGTON PD,BLOOMINGTON,2021-10-25T00:00:00,3:46 PM,3,0,1,0,0,"","","",W COUNTRY CLUB DR,ENTRANCE TO FAIRWAY APARTMENTS,"",200,W,39.136219,-86.54480969,LOCAL/CITY ROAD,N,URBAN,N,N,N,"",DAYLIGHT,RAIN,WET,"",T-INTERSECTION,STRAIGHT/GRADE,ASPHALT,SPEED TOO FAST FOR WEATHER CONDITIONS,REAR END,SBANTAAVEWCOUNTRYCLUBDR,NONE
665,BLOOMINGTON PD,BLOOMINGTON,2021-10-25T00:00:00,4:12 PM,2,0,0,0,0,"","","",S ROGERS ST,W HOWE ST,"",,"",39.1624,-86.538592,LOCAL/CITY ROAD,N,URBAN,N,N,N,"",DAYLIGHT,RAIN,WET,"",NO JUNCTION INVOLVED,STRAIGHT/GRADE,ASPHALT,FOLLOWING TOO CLOSELY,REAR END,SOUTHROGERSSTWESTHOWEST,LANE CONTROL
666,BLOOMINGTON PD,BLOOMINGTON,2021-10-25T00:00:00,6:56 PM,3,0,1,0,0,"","","",SR 45/46,N KINSER PIKE,"",,"",39.186544,-86.537888,LOCAL/CITY ROAD,N,URBAN,N,N,N,"",DARK (LIGHTED),RAIN,WET,"",FOUR-WAY INTERSECTION,STRAIGHT/GRADE,ASPHALT,FOLLOWING TOO CLOSELY,REAR END,NORTHKINSERPIKEWESTSTATEROAD4546BYP,TRAFFIC CONTROL SIGNAL