_id,Agency,City,Collision Date,Collision Time,Vehicles Involved,Trailers Involved,Number Injured,Number Dead,Number Deer,House Number,Roadway Interchange,Roadway Ramp,Roadway Id,Intersecting Road,Interchange,Feet From,Direction,Latitude,Longitude,Roadway Class,Hit and Run?,Locality,School Zone?,Rumble Strips?,Construction?,Construction Type,Light Condition,Weather Conditions,Surface Condition,Type of Median,Roadway Junction Type,Road Character,Roadway Surface,Primary Factor,Manner of Collision,Unique Location Id,Traffic Control
667,BLOOMINGTON PD,BLOOMINGTON,2021-10-25T00:00:00,7:00 PM,2,0,2,0,0,"","","",S WALNUT ST,E HILLSIDE DR,"",,"",39.150544,-86.5336,LOCAL/CITY ROAD,N,URBAN,N,N,N,"",DARK (LIGHTED),RAIN,WET,"",FOUR-WAY INTERSECTION,STRAIGHT/LEVEL,ASPHALT,FAILURE TO YIELD RIGHT OF WAY,LEFT TURN,EHILLSIDEDRSWALNUTST,TRAFFIC CONTROL SIGNAL
668,BLOOMINGTON PD,BLOOMINGTON,2021-10-25T00:00:00,7:22 PM,2,0,0,0,0,"","","",SR 48,S CURRY PIKE,"",,"",0,0,LOCAL/CITY ROAD,Y,URBAN,N,N,N,"",DARK (LIGHTED),RAIN,WET,"",FOUR-WAY INTERSECTION,STRAIGHT/LEVEL,ASPHALT,IMPROPER LANE USAGE,RIGHT TURN,E3RDSTSCURRYPIKE,TRAFFIC CONTROL SIGNAL
669,INDIANA UNIV BLOOMINGTON PD,BLOOMINGTON,2021-10-25T00:00:00,7:22 PM,2,0,0,0,0,"","","",N FEE LN,SR 45/46,"",,"",0,0,STATE ROAD,N,URBAN,N,N,N,"",DARK (LIGHTED),RAIN,WET,"",FOUR-WAY INTERSECTION,STRAIGHT/LEVEL,ASPHALT,FAILURE TO YIELD RIGHT OF WAY,RIGHT ANGLE,FEELNSR46,TRAFFIC CONTROL SIGNAL
670,ELLETTSVILLE PD,ELLETTSVILLE,2021-10-25T00:00:00,7:46 PM,1,0,0,0,0,"","","",SR 46,N CONSTABLE DR,"",,"",39.237248,-86.62768,LOCAL/CITY ROAD,N,URBAN,N,N,N,"",DARK (LIGHTED),RAIN,WET,"",T-INTERSECTION,CURVE/GRADE,ASPHALT,ROADWAY SURFACE CONDITION,RAN OFF ROAD,CONSTABLESTMAINST,LANE CONTROL
671,INDIANA UNIV BLOOMINGTON PD,BLOOMINGTON,2021-10-24T00:00:00,12:18 AM,1,0,0,0,0,"","","",N DUNN ST,E VARSITY LN,"",150,N,39.19885911,-86.52834,LOCAL/CITY ROAD,N,URBAN,N,N,N,"",DARK (LIGHTED),CLOUDY,WET,"",NO JUNCTION INVOLVED,STRAIGHT/HILLCREST,ASPHALT,OBSTRUCTION NOT MARKED,COLLISION WITH OBJECT IN ROAD,DUNNSTEVARSITYLN,LANE CONTROL
672,ISP BLOOMINGTON 33,BLOOMINGTON,2021-10-24T00:00:00,12:40 AM,1,,1,0,0,"","","",I-69 N,"","",0,"",39.07345495,-86.65590121,INTERSTATE,"",RURAL,N,N,N,"",DARK (NOT LIGHTED),CLOUDY,WET,"",NO JUNCTION INVOLVED,"",GRAVEL,"",RAN OFF ROAD,I69107.5,""
673,BLOOMINGTON PD,BLOOMINGTON,2021-10-24T00:00:00,7:00 AM,2,0,1,0,0,"","","",SR 45,I-69 S,"",,"",0,0,STATE ROAD,N,URBAN,N,N,N,"",DARK (LIGHTED),RAIN,WET,"",FOUR-WAY INTERSECTION,STRAIGHT/LEVEL,ASPHALT,DISREGARD SIGNAL/REG SIGN,LEFT TURN,I69SSR45W,TRAFFIC CONTROL SIGNAL
674,MONROE SD,BLOOMINGTON,2021-10-24T00:00:00,7:10 AM,1,0,0,0,0,"","","",N SR 37 BUSINESS,E WHISNAND RD,"",,"",39.224641,-86.53978,LOCAL/CITY ROAD,N,URBAN,N,N,N,"",DARK (NOT LIGHTED),RAIN,WET,"",T-INTERSECTION,STRAIGHT/LEVEL,ASPHALT,RAN OFF ROAD RIGHT,RAN OFF ROAD,BUSINESS37RDWHISNANDRD,STOP SIGN
675,MONROE SD,BLOOMINGTON,2021-10-24T00:00:00,10:50 AM,1,0,0,0,0,6266,"","",SR 45,"","",450,W,39.210327,-86.45111509,STATE ROAD,N,RURAL,N,N,N,"",DAYLIGHT,RAIN,WET,"",NO JUNCTION INVOLVED,CURVE/LEVEL,ASPHALT,RAN OFF ROAD RIGHT,RAN OFF ROAD,NBENTPINEDRSR45E,NONE
676,INDIANA UNIV BLOOMINGTON PD,BLOOMINGTON,2021-10-24T00:00:00,11:15 AM,2,0,0,0,0,"","","",E 3RD ST,S HIGHLAND AVE,"",,"",39.1581635,-86.517701,LOCAL/CITY ROAD,N,URBAN,N,N,N,"",DAYLIGHT,RAIN,WET,"",T-INTERSECTION,STRAIGHT/LEVEL,ASPHALT,IMPROPER TURNING,LEFT TURN,3RDSTHIGHLANDAVE,NONE
677,INDIANA UNIV BLOOMINGTON PD,BLOOMINGTON,2021-10-24T00:00:00,11:54 AM,2,0,0,0,0,"","","",SR 45,SR 45/46,"",,"",0,0,LOCAL/CITY ROAD,N,URBAN,N,N,N,"",DAYLIGHT,CLOUDY,WET,"",FOUR-WAY INTERSECTION,STRAIGHT/LEVEL,ASPHALT,OTHER (DRIVER) - EXPLAIN IN NARRATIVE,REAR END,10THST46BYP,TRAFFIC CONTROL SIGNAL
678,BLOOMINGTON PD,BLOOMINGTON,2021-10-24T00:00:00,1:37 PM,2,0,1,0,0,"","","",S ROGERS ST,W 2ND ST,"",,"",39.16152,-86.538592,LOCAL/CITY ROAD,N,URBAN,N,N,N,"",DAYLIGHT,CLOUDY,WET,"",FOUR-WAY INTERSECTION,STRAIGHT/GRADE,CONCRETE,DISREGARD SIGNAL/REG SIGN,RIGHT ANGLE,SOUTHROGERSSTWEST2NDST,TRAFFIC CONTROL SIGNAL
679,BLOOMINGTON PD,BLOOMINGTON,2021-10-24T00:00:00,3:39 PM,2,0,2,0,0,"","","",S WALNUT ST,W COUNTRY CLUB DR,"",,"",39.1359818,-86.5310843,LOCAL/CITY ROAD,N,URBAN,N,N,N,"",DAYLIGHT,CLOUDY,DRY,"",FOUR-WAY INTERSECTION,STRAIGHT/LEVEL,ASPHALT,FAILURE TO YIELD RIGHT OF WAY,LEFT TURN,EWINSLOWRDSWALNUTST,TRAFFIC CONTROL SIGNAL
680,MONROE SD,BLOOMINGTON,2021-10-24T00:00:00,6:14 PM,1,0,0,0,0,"",120A,1,I-69 N,SR 45/46,"",,"",0,0,INTERSTATE,N,RURAL,N,Y,N,"",DAYLIGHT,CLOUDY,WET,"",RAMP,CURVE/LEVEL,ASPHALT,RAN OFF ROAD RIGHT,RAN OFF ROAD,I69N,NONE
681,BLOOMINGTON PD,BLOOMINGTON,2021-10-24T00:00:00,7:05 PM,2,0,0,0,0,"","","",S BASSWOOD DR,S GREENLEAF CT,"",,"",39.153559,-86.572512,LOCAL/CITY ROAD,N,URBAN,N,N,N,"",DARK (NOT LIGHTED),CLEAR,WET,"",T-INTERSECTION,CURVE/GRADE,ASPHALT,FAILURE TO YIELD RIGHT OF WAY,LEFT/RIGHT TURN,SBASSWOODDRSGREENLEAFCT,NONE
682,MONROE SD,BLOOMINGTON,2021-10-24T00:00:00,7:11 PM,1,0,0,0,0,"",123,S,I-69 S,N SR 37 BUSINESS,"",,"",0,0,STATE ROAD,N,RURAL,N,N,N,"",DARK (NOT LIGHTED),CLOUDY,WET,"",RAMP,CURVE/GRADE,ASPHALT,SPEED TOO FAST FOR WEATHER CONDITIONS,RAN OFF ROAD,SR69S,NONE
683,MONROE SD,BLOOMINGTON,2021-10-23T00:00:00,4:30 AM,1,0,0,0,1,"","","",I-69 S,"","",100,S,0,0,STATE ROAD,N,URBAN,N,N,N,"",DARK (NOT LIGHTED),CLOUDY,DRY,"",NO JUNCTION INVOLVED,STRAIGHT/GRADE,ASPHALT,ANIMAL/OBJECT IN ROADWAY,COLLISION WITH DEER,SR69S125.0,LANE CONTROL
684,MONROE SD,BLOOMINGTON,2021-10-23T00:00:00,6:51 AM,2,0,0,0,0,"","","",SR 37,E MONROE DAM RD,"",1,N,39.02005075,-86.536096,STATE ROAD,N,RURAL,N,N,Y,LANE CLOSURE,DARK (NOT LIGHTED),FOG/SMOKE/SMOG,WET,"",RAMP,STRAIGHT/GRADE,ASPHALT,FAILURE TO YIELD RIGHT OF WAY,SAME DIRECTION SIDESWIPE,MONROEDAMRDSR37N,YIELD SIGN
685,MONROE SD,BLOOMINGTON,2021-10-23T00:00:00,7:45 AM,1,0,0,0,1,"","","",SR 37,E MONROE DAM RD,"",6864,N,39.03870793,-86.53579358,STATE ROAD,N,RURAL,N,Y,N,"",DAWN/DUSK,CLEAR,DRY,"",NO JUNCTION INVOLVED,STRAIGHT/LEVEL,ASPHALT,ANIMAL/OBJECT IN ROADWAY,COLLISION WITH DEER,EMONROEDAMRDSR37N,NONE
686,MONROE SD,BLOOMINGTON,2021-10-23T00:00:00,8:54 AM,2,0,0,0,0,"","","",S WALNUT ST,W DILLMAN RD,"",,"",39.092972,-86.544156,COUNTY ROAD,N,RURAL,N,N,N,"",DAYLIGHT,CLEAR,DRY,"",NO JUNCTION INVOLVED,CURVE/GRADE,ASPHALT,FAILURE TO YIELD RIGHT OF WAY,RIGHT ANGLE,SOLDSTATE37RDWDILLMANRD,STOP SIGN
687,MONROE SD,BLOOMINGTON,2021-10-23T00:00:00,9:54 AM,2,0,0,0,0,"","","",SR 46,N CENTENNIAL DR,"",,"",39.210144,-86.5832,STATE ROAD,N,RURAL,N,N,N,"",DAYLIGHT,CLOUDY,DRY,"",FOUR-WAY INTERSECTION,STRAIGHT/GRADE,ASPHALT,FOLLOWING TOO CLOSELY,REAR END,NORTHSMITHPIKESR46W,TRAFFIC CONTROL SIGNAL
688,INDIANA UNIV BLOOMINGTON PD,BLOOMINGTON,2021-10-23T00:00:00,11:25 AM,2,0,0,0,0,"","","",SR 45/46,E DISCOVERY PKWY,"",,"",0,0,STATE ROAD,N,URBAN,N,N,N,"",DAYLIGHT,CLEAR,DRY,"",FOUR-WAY INTERSECTION,STRAIGHT/LEVEL,ASPHALT,FOLLOWING TOO CLOSELY,REAR END,SR46UNIONVILLERD,TRAFFIC CONTROL SIGNAL
689,MONROE SD,BLOOMINGTON,2021-10-23T00:00:00,11:28 AM,2,0,0,0,0,"","","",SR 37,S OLD SR 37,"",,"",39.085462,-86.542568,STATE ROAD,N,RURAL,N,N,N,"",DAYLIGHT,CLEAR,DRY,"",NO JUNCTION INVOLVED,STRAIGHT/LEVEL,ASPHALT,FOLLOWING TOO CLOSELY,REAR END,SOLDSTATE37RDSR37S,TRAFFIC CONTROL SIGNAL
690,MONROE SD,BLOOMINGTON,2021-10-23T00:00:00,12:10 PM,1,1,0,0,0,"","","",E SOUTHSHORE DR,"","",1300,W,0,0,LOCAL/CITY ROAD,N,RURAL,N,N,N,"",DAYLIGHT,CLEAR,DRY,"",NO JUNCTION INVOLVED,STRAIGHT/LEVEL,ASPHALT,RAN OFF ROAD RIGHT,RAN OFF ROAD,ESOUTHSHOREDRSALMONHARBORRD,NONE
691,BLOOMINGTON PD,BLOOMINGTON,2021-10-23T00:00:00,2:20 PM,2,0,1,0,0,"","","",N LINCOLN ST,E 20TH ST,"",,"",39.181744,-86.530192,LOCAL/CITY ROAD,N,URBAN,N,N,N,"",DAYLIGHT,CLEAR,DRY,"",FOUR-WAY INTERSECTION,STRAIGHT/LEVEL,ASPHALT,TRAFFIC CONTROL INOPERATIVE/MISSING/OBSC,RIGHT ANGLE,E20THSTNLINCOLNST,STOP SIGN
692,INDIANA UNIV BLOOMINGTON PD,BLOOMINGTON,2021-10-23T00:00:00,5:02 PM,1,0,0,0,0,"","","",N WALNUT ST,E 10TH ST,"",,"",39.171744,-86.53352,LOCAL/CITY ROAD,N,URBAN,N,N,N,"",DAYLIGHT,CLOUDY,DRY,"",FOUR-WAY INTERSECTION,STRAIGHT/GRADE,ASPHALT,OVERCORRECTING/OVERSTEERING,OTHER - EXPLAIN IN NARRATIVE,10THSTWALNUTST,LANE CONTROL
693,BLOOMINGTON PD,BLOOMINGTON,2021-10-23T00:00:00,5:40 PM,1,0,1,0,0,"","","",S FRANKLIN RD,W 3RD ST,"",,"",39.164688,-86.5712,LOCAL/CITY ROAD,N,URBAN,N,N,N,"",DAYLIGHT,CLOUDY,DRY,"",FOUR-WAY INTERSECTION,STRAIGHT/GRADE,CONCRETE,DISREGARD SIGNAL/REG SIGN,RIGHT TURN,SFRANKLINRDW3RDST,TRAFFIC CONTROL SIGNAL
694,INDIANA UNIV BLOOMINGTON PD,BLOOMINGTON,2021-10-23T00:00:00,7:20 PM,3,0,1,0,0,"","","",SR 45/46,N MILO B SAMPSON LN,"",,"",39.18622,-86.522163,STATE ROAD,N,URBAN,N,N,N,"",DARK (LIGHTED),RAIN,WET,"",NO JUNCTION INVOLVED,STRAIGHT/LEVEL,ASPHALT,OTHER (DRIVER) - EXPLAIN IN NARRATIVE,REAR END,NMILOBSAMPSONLNSR46,LANE CONTROL
695,BLOOMINGTON PD,BLOOMINGTON,2021-10-23T00:00:00,7:50 PM,3,0,0,0,0,"","","",S COLLEGE AVE,W 4TH ST,"",250,N,39.16464,-86.534816,LOCAL/CITY ROAD,N,URBAN,N,N,N,"",DARK (LIGHTED),RAIN,WET,"",NO JUNCTION INVOLVED,STRAIGHT/LEVEL,ASPHALT,IMPROPER LANE USAGE,SAME DIRECTION SIDESWIPE,SCOLLEGEAVEW3RDST,LANE CONTROL
696,INDIANA UNIV BLOOMINGTON PD,BLOOMINGTON,2021-10-23T00:00:00,9:40 PM,2,0,2,0,0,"","","",S MITCHELL ST,E 3RD ST,"",,"",39.16426,-86.514211,LOCAL/CITY ROAD,N,URBAN,N,N,N,"",DARK (LIGHTED),RAIN,WET,"",T-INTERSECTION,STRAIGHT/GRADE,ASPHALT,FOLLOWING TOO CLOSELY,REAR END,MITCHELLSTTHIRDST,NONE
697,INDIANA UNIV BLOOMINGTON PD,BLOOMINGTON,2021-10-23T00:00:00,10:05 PM,2,0,0,0,0,"","","",N INDIANA AVE,E 13TH ST,"",,"",39.175247,-86.527004,LOCAL/CITY ROAD,N,URBAN,N,N,N,"",DARK (LIGHTED),RAIN,WET,"",FOUR-WAY INTERSECTION,STRAIGHT/LEVEL,ASPHALT,LEFT OF CENTER,HEAD ON BETWEEN TWO MOTOR VEHICLES,INDIANAAVETHIRTEENTHST,STOP SIGN
698,BLOOMINGTON PD,BLOOMINGTON,2021-10-23T00:00:00,11:15 PM,2,0,0,0,0,"","","",SR 45/46,N KINSER PIKE,"",,"",39.186544,-86.537888,STATE ROAD,N,URBAN,N,N,N,"",DARK (NOT LIGHTED),RAIN,WET,"",FOUR-WAY INTERSECTION,STRAIGHT/GRADE,ASPHALT,ROADWAY SURFACE CONDITION,REAR END,KINSERPIKESR46E,TRAFFIC CONTROL SIGNAL
699,BLOOMINGTON PD,BLOOMINGTON,2021-10-22T00:00:00,2:15 AM,3,0,1,0,0,"","","",SR 46,E 3RD ST,"",100,N,39.164448,-86.471888,LOCAL/CITY ROAD,N,URBAN,N,N,N,"",DAYLIGHT,CLOUDY,DRY,"",FOUR-WAY INTERSECTION,STRAIGHT/GRADE,ASPHALT,FOLLOWING TOO CLOSELY,REAR END,EAST3RDSTSTATEROAD4546BYP,LANE CONTROL
700,BLOOMINGTON PD,BLOOMINGTON,2021-10-22T00:00:00,7:06 AM,1,0,1,0,0,"","","",E SUMMIT VIEW PL,S HENDERSON ST,"",,"",39.144554,-86.526958,LOCAL/CITY ROAD,N,URBAN,N,N,N,"",DAWN/DUSK,CLEAR,DRY,"",FOUR-WAY INTERSECTION,STRAIGHT/LEVEL,ASPHALT,OTHER (VEHICLE) - EXPLAIN IN NARRATIVE,NON-COLLISION,ESUMMITVIEWPLSHENDERSONST,STOP SIGN
701,BLOOMINGTON PD,BLOOMINGTON,2021-10-22T00:00:00,8:22 AM,2,0,0,0,0,"",I69,N,W 3RD ST,I-69 N,"",,"",0,0,LOCAL/CITY ROAD,N,URBAN,N,N,N,"",DAYLIGHT,CLOUDY,DRY,"",RAMP,CURVE/GRADE,CONCRETE,FOLLOWING TOO CLOSELY,REAR END,W3RDST,YIELD SIGN
702,BLOOMINGTON PD,BLOOMINGTON,2021-10-22T00:00:00,9:18 AM,2,0,1,0,0,"","","",E 2ND ST,S HENDERSON ST,"",200,E,39.16144,-86.527152,LOCAL/CITY ROAD,N,URBAN,N,N,N,"",DAYLIGHT,CLOUDY,DRY,"",NO JUNCTION INVOLVED,STRAIGHT/LEVEL,ASPHALT,FAILURE TO YIELD RIGHT OF WAY,RIGHT ANGLE,E2NDSTSHENDERSONST,NONE
703,INDIANA UNIV BLOOMINGTON PD,BLOOMINGTON,2021-10-22T00:00:00,12:04 PM,2,0,0,0,0,"","","",E 17TH ST,N JORDAN AVE,"",867,W,39.178844,-86.51237499,LOCAL/CITY ROAD,N,URBAN,N,N,N,"",DAYLIGHT,RAIN,WET,"",T-INTERSECTION,STRAIGHT/GRADE,ASPHALT,UNSAFE SPEED,REAR END,EAST17THSTJORDANAVE,NO PASSING ZONE
704,ELLETTSVILLE PD,ELLETTSVILLE,2021-10-22T00:00:00,12:40 PM,2,0,0,0,0,"","","",SR 46,N HARTSTRAIT RD,"",,"",39.227624,-86.615919,STATE ROAD,N,URBAN,N,N,N,"",DAYLIGHT,RAIN,WET,"",NO JUNCTION INVOLVED,STRAIGHT/LEVEL,ASPHALT,OTHER (DRIVER) - EXPLAIN IN NARRATIVE,RIGHT ANGLE,HARTSTRAITRDSR46W,TRAFFIC CONTROL SIGNAL
705,BLOOMINGTON PD,BLOOMINGTON,2021-10-22T00:00:00,1:46 PM,2,0,0,0,0,"","","",E HILLSIDE DR,S WOODLAWN AVE,"",,"",39.15072,-86.522496,LOCAL/CITY ROAD,N,URBAN,N,N,N,"",DAYLIGHT,CLOUDY,DRY,"",FOUR-WAY INTERSECTION,STRAIGHT/GRADE,ASPHALT,FOLLOWING TOO CLOSELY,REAR END,EASTHILLSIDEDRSOUTHWOODLAWNAVE,LANE CONTROL
706,BLOOMINGTON PD,BLOOMINGTON,2021-10-22T00:00:00,3:15 PM,2,0,0,0,0,"","","",S WALNUT ST,W GORDON PIKE,"",150,S,39.12144,-86.526496,LOCAL/CITY ROAD,N,URBAN,N,N,N,"",DAYLIGHT,CLOUDY,DRY,"",FOUR-WAY INTERSECTION,STRAIGHT/GRADE,ASPHALT,FOLLOWING TOO CLOSELY,REAR END,EASTRHORERRDSOUTHWALNUTST,LANE CONTROL
707,ISP BLOOMINGTON 33,BLOOMINGTON,2021-10-22T00:00:00,3:55 PM,2,,0,0,0,"","","",N KINSER PIKE,SR 45/46,"",0,"",39.18644162,-86.53772853,LOCAL/CITY ROAD,"",URBAN,N,N,N,"",DAYLIGHT,CLOUDY,DRY,"",INTERCHANGE,"",ASPHALT,FAILURE TO YIELD RIGHT OF WAY,LEFT TURN,StateRd46NKinserPike,""
708,MONROE SD,BLOOMINGTON,2021-10-22T00:00:00,5:35 PM,1,0,1,0,0,"","","",SR 48,W VERNAL PIKE,"",1500,E,39.16645885,-86.65646929,STATE ROAD,N,RURAL,N,N,N,"",DAYLIGHT,CLOUDY,WET,"",NO JUNCTION INVOLVED,CURVE/LEVEL,ASPHALT,SPEED TOO FAST FOR WEATHER CONDITIONS,RAN OFF ROAD,SR48WWVERNALPIKE,NONE
709,BLOOMINGTON PD,BLOOMINGTON,2021-10-22T00:00:00,6:41 PM,2,0,0,0,0,"","","",E 3RD ST,S OVERHILL DR,"",75,E,39.164272,-86.501488,LOCAL/CITY ROAD,N,URBAN,N,N,N,"",DAWN/DUSK,CLOUDY,DRY,"",T-INTERSECTION,STRAIGHT/GRADE,ASPHALT,FAILURE TO YIELD RIGHT OF WAY,RIGHT ANGLE,EAST3RDSTSOUTHOVERHILLDR,LANE CONTROL
710,ELLETTSVILLE PD,ELLETTSVILLE,2021-10-22T00:00:00,7:57 PM,1,0,1,0,1,"","","",SR 46,"","",500,W,39.24582159,-86.63865929,STATE ROAD,N,RURAL,N,N,N,"",DARK (NOT LIGHTED),CLEAR,DRY,"",NO JUNCTION INVOLVED,CURVE/LEVEL,ASPHALT,ANIMAL/OBJECT IN ROADWAY,COLLISION WITH DEER,REDHILLRDSR46W,NONE
711,BLOOMINGTON PD,BLOOMINGTON,2021-10-22T00:00:00,8:13 PM,2,0,0,0,0,"","","",E 6TH ST,N GRANT ST,"",200,W,39.167712,-86.529696,LOCAL/CITY ROAD,Y,URBAN,N,N,N,"",DARK (LIGHTED),CLOUDY,DRY,"",NO JUNCTION INVOLVED,STRAIGHT/LEVEL,ASPHALT,WRONG WAY ON ONE WAY,OPPOSITE DIRECTION SIDESWIPE,E6THSTNGRANTST,NONE
712,BLOOMINGTON PD,BLOOMINGTON,2021-10-21T00:00:00,1:04 AM,2,0,1,0,0,"","","",N WALNUT ST,W 7TH ST,"",,"",39.16864,-86.533568,LOCAL/CITY ROAD,N,URBAN,N,N,N,"",DARK (LIGHTED),CLEAR,DRY,"",FOUR-WAY INTERSECTION,STRAIGHT/LEVEL,ASPHALT,UNSAFE LANE MOVEMENT,SAME DIRECTION SIDESWIPE,7THSTNWALNUTST,TRAFFIC CONTROL SIGNAL
713,MONROE SD,BLOOMINGTON,2021-10-21T00:00:00,7:24 AM,2,0,0,0,0,"","","",S WALNUT ST,E DILLMAN RD,"",,"",39.092944,-86.544,LOCAL/CITY ROAD,N,RURAL,N,N,N,"",DARK (NOT LIGHTED),CLEAR,DRY,"",FOUR-WAY INTERSECTION,STRAIGHT/GRADE,ASPHALT,FAILURE TO YIELD RIGHT OF WAY,LEFT TURN,EDILLMANRDSOLDSTATEROAD37RD,FLASHING OVERHEAD BEACON
714,BLOOMINGTON PD,BLOOMINGTON,2021-10-21T00:00:00,1:46 PM,2,0,0,0,0,"","","",E WINSLOW RD,S HIGHLAND AVE,"",,"",39.136048,-86.518496,LOCAL/CITY ROAD,Y,URBAN,N,N,N,"",DAYLIGHT,CLEAR,DRY,"",T-INTERSECTION,STRAIGHT/HILLCREST,ASPHALT,FOLLOWING TOO CLOSELY,REAR END,EWINSLOWRDSHIGHLANDAVE,NONE
715,BLOOMINGTON PD,BLOOMINGTON,2021-10-21T00:00:00,4:32 PM,2,0,0,0,0,"","","",E 3RD ST,S MITCHELL ST,"",,"",,,LOCAL/CITY ROAD,N,URBAN,N,N,N,"",DAYLIGHT,CLEAR,DRY,"",Y-INTERSECTION,STRAIGHT/LEVEL,ASPHALT,FAILURE TO YIELD RIGHT OF WAY,SAME DIRECTION SIDESWIPE,ETHIRDSTSMITCHELLST,NONE
716,BLOOMINGTON PD,BLOOMINGTON,2021-10-21T00:00:00,6:22 PM,2,0,0,0,0,"","","",S COLLEGE AVE,W 3RD ST,"",,"",39.16464,-86.534816,LOCAL/CITY ROAD,N,URBAN,N,N,N,"",DAYLIGHT,CLEAR,DRY,"",FOUR-WAY INTERSECTION,STRAIGHT/LEVEL,ASPHALT,DISREGARD SIGNAL/REG SIGN,RIGHT ANGLE,SCOLLEGEAVEW3RDST,TRAFFIC CONTROL SIGNAL
717,BLOOMINGTON PD,BLOOMINGTON,2021-10-21T00:00:00,6:50 PM,3,0,0,0,0,"","","",SR 48,S GATES DR,"",,"",,,LOCAL/CITY ROAD,N,URBAN,N,N,N,"",DAWN/DUSK,CLEAR,DRY,"",T-INTERSECTION,STRAIGHT/GRADE,ASPHALT,DISREGARD SIGNAL/REG SIGN,RIGHT ANGLE,NORTHGATESDRWEST3RDST,TRAFFIC CONTROL SIGNAL
718,ELLETTSVILLE PD,ELLETTSVILLE,2021-10-21T00:00:00,8:00 PM,2,0,0,0,0,"","","",SR 46,N UNION VALLEY RD,"",150,E,39.21486824,-86.59241609,STATE ROAD,N,URBAN,N,N,N,"",DARK (NOT LIGHTED),CLEAR,DRY,"",NO JUNCTION INVOLVED,STRAIGHT/LEVEL,ASPHALT,UNSAFE LANE MOVEMENT,SAME DIRECTION SIDESWIPE,SR46WUNIONVALLEYRD,NONE
719,MONROE SD,BLOOMINGTON,2021-10-20T00:00:00,5:56 AM,1,0,0,0,1,"","","",SR 37,"","",500,N,39.0724256,-86.53572929,STATE ROAD,N,URBAN,N,Y,N,"",DAWN/DUSK,CLEAR,DRY,"",T-INTERSECTION,CURVE/GRADE,ASPHALT,ANIMAL/OBJECT IN ROADWAY,COLLISION WITH DEER,SMITHVILLERDSR37S,NONE
720,MONROE SD,BLOOMINGTON,2021-10-20T00:00:00,6:20 AM,1,0,0,0,1,"","","",SR 37,W DILLMAN RD,"",250,S,39.09229179,-86.54557374,STATE ROAD,N,URBAN,N,N,Y,X-OVER/LANE SHIFT,DARK (NOT LIGHTED),CLEAR,DRY,"",NO JUNCTION INVOLVED,CURVE/HILLCREST,ASPHALT,ANIMAL/OBJECT IN ROADWAY,COLLISION WITH DEER,SR37SWESTDILLMANRD,NONE
721,ELLETTSVILLE PD,ELLETTSVILLE,2021-10-20T00:00:00,7:49 AM,3,,0,0,0,"","","",SR 46,N JACCOB ST,"",0,"",39.24388373,-86.63412147,STATE ROAD,"",URBAN,N,N,N,"",DAYLIGHT,CLEAR,DRY,"",NO JUNCTION INVOLVED,"",ASPHALT,FOLLOWING TOO CLOSELY,REAR END,WStateRd46NJacobSt,""
722,ISP BLOOMINGTON 33,BLOOMINGTON,2021-10-20T00:00:00,7:59 AM,2,,0,0,0,"",118,C,W 3RD ST,I-69 N,"",0,"",39.16465351,-86.57317034,STATE ROAD,"",URBAN,N,N,N,"",DAYLIGHT,CLEAR,DRY,"",NO JUNCTION INVOLVED,"",CONCRETE,FOLLOWING TOO CLOSELY,REAR END,SR48eastofI69-118-C,""
723,BLOOMINGTON PD,BLOOMINGTON,2021-10-20T00:00:00,10:36 AM,1,0,0,0,0,"","","",S SMITH RD,E STONEGATE DR,"",300,N,,,LOCAL/CITY ROAD,N,URBAN,N,N,N,"",DAYLIGHT,CLEAR,DRY,"",NO JUNCTION INVOLVED,STRAIGHT/GRADE,ASPHALT,RAN OFF ROAD RIGHT,RAN OFF ROAD,ESTONEGATEDRSSMITHRD,NONE
724,MONROE SD,BLOOMINGTON,2021-10-20T00:00:00,1:10 PM,2,0,0,0,0,3647,"","",S BLUE SKY,S BLUE SKY,"",,"",,,LOCAL/CITY ROAD,N,URBAN,N,N,N,"",DAYLIGHT,CLEAR,DRY,"",FOUR-WAY INTERSECTION,NON-ROADWAY CRASH,ASPHALT,FAILURE TO YIELD RIGHT OF WAY,LEFT TURN,WSTATEROAD46RD,NONE
725,BLOOMINGTON PD,BLOOMINGTON,2021-10-20T00:00:00,1:34 PM,2,0,0,0,0,"","","",S ROGERS ST,ENTRANCE TO SWITCHYARD PARK,"",200,S,,,LOCAL/CITY ROAD,Y,URBAN,N,N,N,"",DAYLIGHT,CLEAR,DRY,"",T-INTERSECTION,STRAIGHT/LEVEL,ASPHALT,FOLLOWING TOO CLOSELY,REAR END,SROGERSSTWCHEROKEEDR,LANE CONTROL
726,BLOOMINGTON PD,BLOOMINGTON,2021-10-20T00:00:00,2:50 PM,2,0,1,0,0,"","","",E 10TH ST,N WOODLAWN AVE,"",,"",39.171632,-86.523536,LOCAL/CITY ROAD,N,URBAN,N,N,N,"",DAYLIGHT,CLEAR,DRY,"",FOUR-WAY INTERSECTION,STRAIGHT/LEVEL,ASPHALT,FAILURE TO YIELD RIGHT OF WAY,RIGHT ANGLE,E10THSTNWOODLAWNAVE,LANE CONTROL