_id,Agency,City,Collision Date,Collision Time,Vehicles Involved,Trailers Involved,Number Injured,Number Dead,Number Deer,House Number,Roadway Interchange,Roadway Ramp,Roadway Id,Intersecting Road,Interchange,Feet From,Direction,Latitude,Longitude,Roadway Class,Hit and Run?,Locality,School Zone?,Rumble Strips?,Construction?,Construction Type,Light Condition,Weather Conditions,Surface Condition,Type of Median,Roadway Junction Type,Road Character,Roadway Surface,Primary Factor,Manner of Collision,Unique Location Id,Traffic Control
727,BLOOMINGTON PD,BLOOMINGTON,2021-10-20T00:00:00,4:10 PM,2,0,0,0,0,"","","",S LIBERTY DR,SR 45,"",75,N,,,LOCAL/CITY ROAD,N,URBAN,N,N,N,"",DAYLIGHT,CLEAR,DRY,"",FOUR-WAY INTERSECTION,CURVE/LEVEL,ASPHALT,FAILURE TO YIELD RIGHT OF WAY,RIGHT ANGLE,SOUTHLIBERTYDRWESTSTATEROAD45HWY,LANE CONTROL
728,INDIANA UNIV BLOOMINGTON PD,BLOOMINGTON,2021-10-20T00:00:00,6:40 PM,2,0,0,0,0,"","","",N WOODLAWN AVE,E 17TH ST,"",,"",,,LOCAL/CITY ROAD,N,URBAN,N,N,N,"",DAYLIGHT,CLEAR,DRY,"",FOUR-WAY INTERSECTION,STRAIGHT/HILLCREST,ASPHALT,FOLLOWING TOO CLOSELY,REAR END,EAST17THSTWOODLAWNAVE,TRAFFIC CONTROL SIGNAL
729,INDIANA UNIV BLOOMINGTON PD,BLOOMINGTON,2021-10-20T00:00:00,9:20 PM,2,0,0,0,0,"","","",N PARK AVE,E 8TH ST,"",,"",,,LOCAL/CITY ROAD,N,URBAN,N,N,N,"",DARK (NOT LIGHTED),CLEAR,DRY,"",NO JUNCTION INVOLVED,STRAIGHT/LEVEL,ASPHALT,IMPROPER LANE USAGE,OPPOSITE DIRECTION SIDESWIPE,EIGHTHSTPARKAVE,NONE
730,MONROE SD,BLOOMINGTON,2021-10-19T00:00:00,3:19 AM,1,0,0,0,1,"","","",SR 37,"","",500,S,39.06968277,-86.53561755,STATE ROAD,N,URBAN,N,Y,N,"",DARK (NOT LIGHTED),CLEAR,DRY,"",T-INTERSECTION,CURVE/GRADE,ASPHALT,ANIMAL/OBJECT IN ROADWAY,COLLISION WITH DEER,SMITHVILLERDSR37S,NONE
731,ISP BLOOMINGTON 33,BLOOMINGTON,2021-10-19T00:00:00,8:43 AM,2,,0,0,0,"","","",N FOW HOLLOW RD,N WAYPORT RD,"",0,"",39.28776652,-86.51891059,LOCAL/CITY ROAD,"",RURAL,N,N,N,"",DAYLIGHT,CLEAR,DRY,"",T-INTERSECTION,"",ASPHALT,FAILURE TO YIELD RIGHT OF WAY,RIGHT ANGLE,NFoxHollowRdNFoxHollowRd,""
732,BLOOMINGTON PD,BLOOMINGTON,2021-10-19T00:00:00,8:58 AM,2,0,0,0,0,1000,"","",N DYER DR,CHRISTIAN CENTER DR,"",,"",39.177552,-86.547104,LOCAL/CITY ROAD,N,URBAN,Y,N,N,"",DAYLIGHT,FOG/SMOKE/SMOG,DRY,"",NO JUNCTION INVOLVED,STRAIGHT/LEVEL,ASPHALT,IMPROPER PASSING,SAME DIRECTION SIDESWIPE,W15THST,NONE
733,INDIANA UNIV BLOOMINGTON PD,BLOOMINGTON,2021-10-19T00:00:00,1:11 PM,2,0,1,0,0,"","","",E 10TH ST,SR 45/46,"",500,W,,,LOCAL/CITY ROAD,N,URBAN,N,N,N,"",DAYLIGHT,CLEAR,DRY,"",T-INTERSECTION,STRAIGHT/LEVEL,ASPHALT,FAILURE TO YIELD RIGHT OF WAY,OTHER - EXPLAIN IN NARRATIVE,10THSTSTATEROAD4546BYP,OTHER REGULATORY SIGN/MARKING
734,BLOOMINGTON PD,BLOOMINGTON,2021-10-19T00:00:00,1:12 PM,2,0,0,0,0,"","","",E 7TH ST,N GRANT ST,"",,"",39.16864,-86.529696,LOCAL/CITY ROAD,N,URBAN,N,N,N,"",DAYLIGHT,CLEAR,DRY,"",FOUR-WAY INTERSECTION,STRAIGHT/LEVEL,ASPHALT,FAILURE TO YIELD RIGHT OF WAY,RIGHT ANGLE,E7THSTNGRANTST,STOP SIGN
735,BLOOMINGTON PD,BLOOMINGTON,2021-10-19T00:00:00,1:34 PM,2,0,1,0,0,"","","",S PATTERSON DR,W 3RD ST (N),"",,"",,,LOCAL/CITY ROAD,N,URBAN,N,N,N,"",DAYLIGHT,CLEAR,DRY,"",FOUR-WAY INTERSECTION,STRAIGHT/LEVEL,ASPHALT,DISREGARD SIGNAL/REG SIGN,RIGHT ANGLE,SPATTERSONDRW3RDST,LANE CONTROL
736,INDIANA UNIV BLOOMINGTON PD,BLOOMINGTON,2021-10-19T00:00:00,1:40 PM,2,0,0,0,0,1000,"","",FOSTER CIRCLE,"","",,"",,,UNKNOWN,Y,URBAN,N,N,N,"",DAYLIGHT,CLEAR,DRY,"",NO JUNCTION INVOLVED,CURVE/LEVEL,ASPHALT,IMPROPER TURNING,SAME DIRECTION SIDESWIPE,NFEELN,NONE
737,BLOOMINGTON PD,BLOOMINGTON,2021-10-19T00:00:00,3:12 PM,2,0,0,0,0,"","","",N WALNUT ST,SR 45/46,"",,"",39.186368,-86.5344,LOCAL/CITY ROAD,N,URBAN,N,N,N,"",DAYLIGHT,CLEAR,DRY,"",FOUR-WAY INTERSECTION,STRAIGHT/LEVEL,ASPHALT,FAILURE TO YIELD RIGHT OF WAY,LEFT TURN,NWALNUTSTSR4546BYP,TRAFFIC CONTROL SIGNAL
738,BLOOMINGTON PD,BLOOMINGTON,2021-10-19T00:00:00,5:19 PM,3,0,0,0,0,"","","",S COLLEGE MALL RD,PRIVATE,"",,"",,,LOCAL/CITY ROAD,N,URBAN,N,N,N,"",DAYLIGHT,CLEAR,DRY,"",FOUR-WAY INTERSECTION,STRAIGHT/LEVEL,ASPHALT,FOLLOWING TOO CLOSELY,REAR END,PRIVATEDRSCOLLEGEMALLRD,TRAFFIC CONTROL SIGNAL
739,BLOOMINGTON PD,BLOOMINGTON,2021-10-19T00:00:00,5:29 PM,1,0,0,0,0,"","","",N GRANT ST,E 7TH ST,"",,"",39.16864,-86.529696,LOCAL/CITY ROAD,N,URBAN,N,N,N,"",DAYLIGHT,CLEAR,DRY,"",FOUR-WAY INTERSECTION,STRAIGHT/LEVEL,ASPHALT,OVERCORRECTING/OVERSTEERING,COLLISION WITH OBJECT IN ROAD,E7THSTNGRANTST,STOP SIGN
740,BLOOMINGTON PD,BLOOMINGTON,2021-10-19T00:00:00,6:38 PM,2,0,0,0,0,"","","",E 7TH ST,N GRANT ST,"",,"",39.16864,-86.529696,LOCAL/CITY ROAD,N,URBAN,N,N,N,"",DAYLIGHT,CLEAR,DRY,"",FOUR-WAY INTERSECTION,STRAIGHT/LEVEL,ASPHALT,FAILURE TO YIELD RIGHT OF WAY,COLLISION WITH OBJECT IN ROAD,E7THSTNGRANTST,STOP SIGN
741,BLOOMINGTON PD,BLOOMINGTON,2021-10-19T00:00:00,8:07 PM,2,0,0,0,0,"","","",N INDIANA AVE,E 12TH ST,"",,"",39.174368,-86.527088,LOCAL/CITY ROAD,N,URBAN,N,N,N,"",DAWN/DUSK,CLEAR,DRY,"",FOUR-WAY INTERSECTION,STRAIGHT/LEVEL,ASPHALT,FAILURE TO YIELD RIGHT OF WAY,LEFT TURN,E12THSTNINDIANAAVE,STOP SIGN
742,INDIANA UNIV BLOOMINGTON PD,BLOOMINGTON,2021-10-19T00:00:00,8:40 PM,2,0,0,0,0,"","","",SR 45/46,E DISCOVERY PKWY,"",,"",,,STATE ROAD,Y,URBAN,N,N,N,"",DARK (NOT LIGHTED),CLEAR,DRY,"",NO JUNCTION INVOLVED,CURVE/LEVEL,ASPHALT,FOLLOWING TOO CLOSELY,REAR END,EASTDISCOVERYPKWYSR46S,NONE
743,MONROE SD,BLOOMINGTON,2021-10-19T00:00:00,9:09 PM,1,0,0,0,0,"","","",SR 446,"","",300,S,39.04403837,-86.40723003,STATE ROAD,N,RURAL,N,N,N,"",DARK (NOT LIGHTED),CLEAR,DRY,"",T-INTERSECTION,CURVE/LEVEL,ASPHALT,UNSAFE SPEED,RAN OFF ROAD,EHAYSRDSR446S,NONE
744,BLOOMINGTON PD,BLOOMINGTON,2021-10-19T00:00:00,9:23 PM,2,0,0,0,0,"","","",S WASHINGTON ST,E 2ND ST,"",,"",39.161358,-86.532394,LOCAL/CITY ROAD,N,URBAN,N,N,N,"",DARK (LIGHTED),CLEAR,DRY,"",FOUR-WAY INTERSECTION,STRAIGHT/LEVEL,ASPHALT,DISREGARD SIGNAL/REG SIGN,RIGHT ANGLE,E2NDSTWASHINGTONST,STOP SIGN
745,MONROE SD,BLOOMINGTON,2021-10-18T00:00:00,4:09 AM,1,0,0,0,1,"","","",I-69 N,"","",50,S,,,INTERSTATE,N,URBAN,N,Y,N,"",DARK (NOT LIGHTED),CLEAR,DRY,"",NO JUNCTION INVOLVED,CURVE/GRADE,ASPHALT,ANIMAL/OBJECT IN ROADWAY,COLLISION WITH DEER,I69N130.5,NONE
746,BLOOMINGTON PD,BLOOMINGTON,2021-10-18T00:00:00,6:46 AM,2,0,0,0,0,"","","",W 1ST ST,S MORTON ST,"",100,W,39.15947687,-86.53662473,LOCAL/CITY ROAD,N,URBAN,N,N,N,"",DARK (LIGHTED),CLEAR,DRY,"",NO JUNCTION INVOLVED,STRAIGHT/LEVEL,ASPHALT,FOLLOWING TOO CLOSELY,RIGHT TURN,1STSTMORTONST,LANE CONTROL
747,ELLETTSVILLE PD,ELLETTSVILLE,2021-10-18T00:00:00,7:15 AM,2,0,0,0,0,"","","",SR 46,W RAYMOND RUN,"",,"",39.245757,-86.636716,STATE ROAD,N,URBAN,N,N,N,"",DARK (NOT LIGHTED),CLEAR,DRY,"",NO JUNCTION INVOLVED,CURVE/GRADE,ASPHALT,FAILURE TO YIELD RIGHT OF WAY,SAME DIRECTION SIDESWIPE,RAYMONDRUNSR46W,LANE CONTROL
748,BLOOMINGTON PD,BLOOMINGTON,2021-10-18T00:00:00,12:33 PM,2,0,0,0,0,"","","",N COLLEGE AVE,W 10TH ST,"",,"",39.171744,-86.534768,LOCAL/CITY ROAD,N,URBAN,N,N,N,"",DAYLIGHT,CLEAR,DRY,"",FOUR-WAY INTERSECTION,STRAIGHT/LEVEL,ASPHALT,IMPROPER TURNING,LEFT TURN,NCOLLEGEAVEW10THST,NONE
749,ELLETTSVILLE PD,ELLETTSVILLE,2021-10-18T00:00:00,1:34 PM,2,0,0,0,0,"","","",SR 46,N SALE ST (S),"",,"",39.23384,-86.624704,STATE ROAD,N,URBAN,N,N,N,"",DAYLIGHT,CLEAR,DRY,"",NO JUNCTION INVOLVED,STRAIGHT/LEVEL,ASPHALT,DISREGARD SIGNAL/REG SIGN,RIGHT ANGLE,SALESTSR46W,TRAFFIC CONTROL SIGNAL
750,BLOOMINGTON PD,BLOOMINGTON,2021-10-18T00:00:00,3:18 PM,2,0,1,0,0,"","","",N KINSER PIKE,N SKYLINE DR,"",,"",39.193248,-86.539696,LOCAL/CITY ROAD,N,URBAN,N,N,N,"",DAYLIGHT,CLEAR,DRY,"",T-INTERSECTION,STRAIGHT/HILLCREST,ASPHALT,FOLLOWING TOO CLOSELY,REAR END,NKINSERPIKENSKYLINEDR,STOP SIGN
751,ELLETTSVILLE PD,ELLETTSVILLE,2021-10-18T00:00:00,5:19 PM,2,0,0,0,0,"","","",SR 46,N HARTSTRAIT RD,"",,"",,,STATE ROAD,N,URBAN,N,N,N,"",DAYLIGHT,CLEAR,DRY,"",FOUR-WAY INTERSECTION,STRAIGHT/LEVEL,ASPHALT,FAILURE TO YIELD RIGHT OF WAY,LEFT TURN,HARTSTRAITRDSR46W,TRAFFIC CONTROL SIGNAL
752,BLOOMINGTON PD,BLOOMINGTON,2021-10-18T00:00:00,11:10 PM,1,0,0,0,0,"","","",S ADAMS ST,"","",400,E,,,LOCAL/CITY ROAD,N,URBAN,N,N,N,"",DARK (LIGHTED),CLEAR,DRY,"",NO JUNCTION INVOLVED,CURVE/GRADE,ASPHALT,UNSAFE SPEED,RAN OFF ROAD,SPATTERSONDRWADAMSST,NONE
753,MONROE SD,BLOOMINGTON,2021-10-17T00:00:00,12:15 AM,1,0,0,0,1,"","","",SR 46,N CURRY PIKE,"",,"",,,STATE ROAD,N,RURAL,N,Y,N,"",DARK (NOT LIGHTED),CLEAR,DRY,"",FOUR-WAY INTERSECTION,STRAIGHT/GRADE,ASPHALT,ANIMAL/OBJECT IN ROADWAY,COLLISION WITH DEER,CURRYPIKESR46,TRAFFIC CONTROL SIGNAL
754,INDIANA UNIV BLOOMINGTON PD,BLOOMINGTON,2021-10-17T00:00:00,12:31 PM,2,0,0,0,0,"","","",N JORDAN AVE,ENTRANCE TO JORDAN PARKING GARAGE,"",,"",,,UNKNOWN,N,URBAN,N,N,N,"",DAYLIGHT,CLEAR,DRY,"",FOUR-WAY INTERSECTION,STRAIGHT/LEVEL,ASPHALT,FAILURE TO YIELD RIGHT OF WAY,LEFT/RIGHT TURN,NJORDANAVESR46,NONE
755,BLOOMINGTON PD,BLOOMINGTON,2021-10-17T00:00:00,12:33 PM,2,0,1,0,0,"","","",W KIRKWOOD AVE,N ROGERS ST,"",,"",39.166672,-86.538608,LOCAL/CITY ROAD,N,URBAN,N,N,N,"",DARK (LIGHTED),CLEAR,DRY,"",FOUR-WAY INTERSECTION,STRAIGHT/LEVEL,ASPHALT,DISREGARD SIGNAL/REG SIGN,RIGHT ANGLE,KIRKWOODAVEROGERSST,TRAFFIC CONTROL SIGNAL
756,MONROE SD,BLOOMINGTON,2021-10-17T00:00:00,1:37 PM,1,0,1,0,0,6020,"","",SR 45,ENTRANCE TO NEW UNIONVILLE BAPTIST CHURCH,"",500,W,39.209952,-86.463392,STATE ROAD,N,URBAN,N,N,N,"",DAYLIGHT,CLEAR,DRY,"",NO JUNCTION INVOLVED,CURVE/LEVEL,ASPHALT,OTHER (DRIVER) - EXPLAIN IN NARRATIVE,RAN OFF ROAD,BETHELRDSR45E,LANE CONTROL
757,BLOOMINGTON PD,BLOOMINGTON,2021-10-17T00:00:00,7:52 PM,2,0,2,0,0,"","","",SR 48,S GATES DR,"",,"",,,LOCAL/CITY ROAD,N,URBAN,N,N,N,"",DARK (LIGHTED),CLEAR,DRY,"",FOUR-WAY INTERSECTION,STRAIGHT/LEVEL,CONCRETE,DISREGARD SIGNAL/REG SIGN,LEFT TURN,SGATESDRW3RDST,NONE
758,BLOOMINGTON PD,BLOOMINGTON,2021-10-17T00:00:00,11:46 PM,1,0,0,0,0,"","","",W 3RD ST,"","",500,W,39.16464,-86.534816,LOCAL/CITY ROAD,N,URBAN,N,N,N,"",DARK (NOT LIGHTED),CLOUDY,DRY,"",NO JUNCTION INVOLVED,STRAIGHT/LEVEL,ASPHALT,OTHER (DRIVER) - EXPLAIN IN NARRATIVE,COLLISION WITH OBJECT IN ROAD,COLLEGEAVETHIRDST,LANE CONTROL
759,BLOOMINGTON PD,BLOOMINGTON,2021-10-16T00:00:00,2:35 AM,1,0,1,0,0,"","","",W 12TH ST,N MONROE ST,"",500,E,39.174352,-86.547104,LOCAL/CITY ROAD,Y,URBAN,N,N,N,"",DARK (LIGHTED),RAIN,WET,"",NO JUNCTION INVOLVED,STRAIGHT/GRADE,ASPHALT,UNSAFE SPEED,SAME DIRECTION SIDESWIPE,12THSTMONROEST,NONE
760,MONROE SD,BLOOMINGTON,2021-10-16T00:00:00,3:48 AM,1,0,0,0,0,"","",Y,SR 48,I-69 S,"",,"",,,LOCAL/CITY ROAD,N,URBAN,N,N,N,"",DARK (LIGHTED),CLEAR,WET,"",T-INTERSECTION,STRAIGHT/HILLCREST,ASPHALT,IMPROPER TURNING,RAN OFF ROAD,SBI69OFFRAMPRPW3RDST,TRAFFIC CONTROL SIGNAL
761,BLOOMINGTON PD,BLOOMINGTON,2021-10-16T00:00:00,4:57 AM,2,0,0,0,0,"","","",N FAIRVIEW ST,W 9TH ST,"",,"",39.170448,-86.540992,LOCAL/CITY ROAD,Y,URBAN,N,N,N,"",DARK (NOT LIGHTED),CLOUDY,WET,"",FOUR-WAY INTERSECTION,STRAIGHT/LEVEL,ASPHALT,RAN OFF ROAD RIGHT,OPPOSITE DIRECTION SIDESWIPE,NFAIRVIEWSTW9THST,STOP SIGN
762,BLOOMINGTON PD,BLOOMINGTON,2021-10-16T00:00:00,8:57 AM,2,0,0,0,0,"","","",W 3RD ST,S CORY LN,"",50,E,39.16455029,-86.55991978,LOCAL/CITY ROAD,N,URBAN,N,N,N,"",DAYLIGHT,CLEAR,DRY,"",NO JUNCTION INVOLVED,STRAIGHT/GRADE,ASPHALT,FOLLOWING TOO CLOSELY,REAR END,3RDSTCORYLN,LANE CONTROL
763,INDIANA UNIV BLOOMINGTON PD,BLOOMINGTON,2021-10-16T00:00:00,11:20 AM,2,0,1,0,0,"","","",S JORDAN AVE,E 3RD ST,"",,"",,,LOCAL/CITY ROAD,N,URBAN,N,N,N,"",DAYLIGHT,CLEAR,DRY,"",FOUR-WAY INTERSECTION,STRAIGHT/LEVEL,ASPHALT,WRONG WAY ON ONE WAY,RIGHT ANGLE,JORDANAVETHIRDST,TRAFFIC CONTROL SIGNAL
764,BLOOMINGTON PD,BLOOMINGTON,2021-10-16T00:00:00,1:40 PM,2,0,0,0,0,"","","",E 7TH ST,N GRANT ST,"",,"",39.16864,-86.529696,LOCAL/CITY ROAD,N,URBAN,N,N,Y,WORK ON SHOULDER,DAYLIGHT,CLEAR,DRY,"",FOUR-WAY INTERSECTION,STRAIGHT/LEVEL,ASPHALT,FAILURE TO YIELD RIGHT OF WAY,RIGHT ANGLE,E7THSTNGRANTST,STOP SIGN
765,INDIANA UNIV BLOOMINGTON PD,BLOOMINGTON,2021-10-16T00:00:00,2:10 PM,2,0,0,0,0,"","","",SR 45,SR 45/46,"",,"",,,STATE ROAD,N,URBAN,N,N,N,"",DAYLIGHT,CLEAR,DRY,"",FOUR-WAY INTERSECTION,STRAIGHT/LEVEL,ASPHALT,CELL PHONE USAGE,REAR END,SR45SR46,TRAFFIC CONTROL SIGNAL
766,MONROE SD,BLOOMINGTON,2021-10-16T00:00:00,3:30 PM,2,0,0,0,0,4115,"","",S ROGERS ST,"","",100,S,,,LOCAL/CITY ROAD,N,RURAL,N,N,N,"",DAYLIGHT,CLEAR,DRY,"",NO JUNCTION INVOLVED,STRAIGHT/LEVEL,ASPHALT,UNSAFE BACKING,BACKING CRASH,ESTATEDRSOUTHROGERSST,NONE
767,BLOOMINGTON PD,BLOOMINGTON,2021-10-16T00:00:00,4:17 PM,2,0,0,0,0,"","","",SR 45/46,WALNUT KNOLLS APARTMENT DRIVE,"",,"",,,LOCAL/CITY ROAD,N,URBAN,N,N,N,"",DAYLIGHT,CLEAR,DRY,"",FOUR-WAY INTERSECTION,STRAIGHT/LEVEL,ASPHALT,FAILURE TO YIELD RIGHT OF WAY,SAME DIRECTION SIDESWIPE,PRIVATEDRSR4546BYP,NONE
768,INDIANA UNIV BLOOMINGTON PD,BLOOMINGTON,2021-10-16T00:00:00,4:45 PM,2,0,0,0,0,"","","",N JORDAN AVE,E LAW LN,"",,"",,,LOCAL/CITY ROAD,N,URBAN,N,N,N,"",DAYLIGHT,CLEAR,DRY,"",FOUR-WAY INTERSECTION,STRAIGHT/LEVEL,ASPHALT,UNSAFE LANE MOVEMENT,SAME DIRECTION SIDESWIPE,ELAWLNJORDANAVE,TRAFFIC CONTROL SIGNAL
769,BLOOMINGTON PD,BLOOMINGTON,2021-10-16T00:00:00,4:45 PM,2,0,0,0,0,"","","",E 7TH ST,N DUNN ST,"",,"",39.16864,-86.528224,LOCAL/CITY ROAD,N,URBAN,N,N,Y,WORK ON SHOULDER,DAYLIGHT,CLEAR,DRY,"",FOUR-WAY INTERSECTION,STRAIGHT/LEVEL,ASPHALT,FAILURE TO YIELD RIGHT OF WAY,RIGHT ANGLE,EAST7THSTNDUNNST,STOP SIGN
770,BLOOMINGTON PD,BLOOMINGTON,2021-10-16T00:00:00,7:10 PM,2,0,4,0,0,"","","",SR 46,KINGSTON DR S,"",,"",39.16424,-86.492944,LOCAL/CITY ROAD,N,URBAN,N,N,N,"",DARK (LIGHTED),CLEAR,DRY,"",FOUR-WAY INTERSECTION,STRAIGHT/LEVEL,ASPHALT,CELL PHONE USAGE,REAR END,SKINGSTONDRW3RDST,TRAFFIC CONTROL SIGNAL
771,MONROE SD,BLOOMINGTON,2021-10-16T00:00:00,9:12 PM,1,0,0,0,1,"","","",I-69 N,"","",80,N,,,INTERSTATE,N,RURAL,N,Y,N,"",DARK (NOT LIGHTED),CLEAR,DRY,"",NO JUNCTION INVOLVED,STRAIGHT/GRADE,ASPHALT,ANIMAL/OBJECT IN ROADWAY,COLLISION WITH DEER,I69N108,NONE
772,MONROE SD,BLOOMINGTON,2021-10-15T00:00:00,4:02 AM,1,0,0,0,0,"","","",S WALNUT ST PIKE,E CARDINAL GLEN DR,"",1000,S,,,COUNTY ROAD,N,RURAL,N,N,N,"",DARK (NOT LIGHTED),RAIN,WET,"",NO JUNCTION INVOLVED,STRAIGHT/GRADE,ASPHALT,RAN OFF ROAD RIGHT,RAN OFF ROAD,ECARDINALGLENNDRSWALNUTSTREETPIKE,LANE CONTROL
773,MONROE SD,ELLETTSVILLE,2021-10-15T00:00:00,12:00 PM,2,0,2,0,0,"","","",N UNION VALLEY RD,W MCNEELY ST,"",,"",,,LOCAL/CITY ROAD,N,RURAL,N,N,N,"",DAYLIGHT,CLOUDY,WET,"",T-INTERSECTION,STRAIGHT/HILLCREST,ASPHALT,DISREGARD SIGNAL/REG SIGN,RIGHT ANGLE,NUNIONVALLEYRDWMCNEELYST,STOP SIGN
774,BLOOMINGTON PD,BLOOMINGTON,2021-10-15T00:00:00,12:24 PM,2,0,0,0,0,"","","",N WALNUT ST,E 6TH ST,"",,"",39.167648,-86.533584,LOCAL/CITY ROAD,N,URBAN,N,N,N,"",DAYLIGHT,CLOUDY,DRY,"",FOUR-WAY INTERSECTION,STRAIGHT/LEVEL,ASPHALT,FOLLOWING TOO CLOSELY,REAR END,E6THSTNWALNUTST,TRAFFIC CONTROL SIGNAL
775,MONROE SD,BLOOMINGTON,2021-10-15T00:00:00,2:44 PM,1,0,0,0,0,5237,"","",W VERNAL PIKE,N ANGELINA LN,"",500,E,,,LOCAL/CITY ROAD,N,RURAL,N,N,N,"",DAYLIGHT,CLEAR,DRY,"",NO JUNCTION INVOLVED,STRAIGHT/GRADE,ASPHALT,DRIVER ILLNESS,RAN OFF ROAD,ANGELINALNVERNALPIKE,NONE
776,BLOOMINGTON PD,BLOOMINGTON,2021-10-15T00:00:00,2:52 PM,2,0,0,0,0,"","","",E 8TH ST,N LINCOLN ST,"",,"",39.169552,-86.530992,LOCAL/CITY ROAD,N,URBAN,N,N,N,"",DAYLIGHT,CLOUDY,DRY,"",FOUR-WAY INTERSECTION,STRAIGHT/LEVEL,ASPHALT,FAILURE TO YIELD RIGHT OF WAY,RIGHT ANGLE,EAST8THSTNORTHLINCOLNST,STOP SIGN
777,BLOOMINGTON PD,BLOOMINGTON,2021-10-15T00:00:00,3:00 PM,2,0,1,0,0,"","","",N WALNUT ST,SR 45/46,"",,"",39.186368,-86.5344,LOCAL/CITY ROAD,N,URBAN,N,N,N,"",DAYLIGHT,CLEAR,DRY,"",FOUR-WAY INTERSECTION,STRAIGHT/LEVEL,ASPHALT,FOLLOWING TOO CLOSELY,REAR END,NWALNUTSTSR4546BYP,TRAFFIC CONTROL SIGNAL
778,BLOOMINGTON PD,BLOOMINGTON,2021-10-15T00:00:00,3:47 PM,2,0,0,0,0,"","","",E HILLSIDE DR,S WASHINGTON ST,"",,"",39.15056,-86.5324,LOCAL/CITY ROAD,N,URBAN,N,N,N,"",DAYLIGHT,CLOUDY,DRY,"",T-INTERSECTION,STRAIGHT/GRADE,ASPHALT,FAILURE TO YIELD RIGHT OF WAY,RIGHT ANGLE,EASTHILLSIDEDRSOUTHWASHINGTONST,STOP SIGN
779,ISP BLOOMINGTON 33,"",2021-10-15T00:00:00,4:58 PM,2,,0,0,0,"","","",SR 37,"","",500,S,39.04733284,-86.53605571,STATE ROAD,"",RURAL,N,N,N,"",DAYLIGHT,CLOUDY,DRY,"",NO JUNCTION INVOLVED,"",ASPHALT,"",SAME DIRECTION SIDESWIPE,StateRd37.S.ZikesRd,""
780,BLOOMINGTON PD,BLOOMINGTON,2021-10-15T00:00:00,5:00 PM,2,0,0,0,0,1307,"","",S ADAMS ST,ENTRANCE TO MARATHON GAS STATION,"",,"",,,LOCAL/CITY ROAD,N,URBAN,N,N,N,"",DAYLIGHT,CLEAR,DRY,"",NO JUNCTION INVOLVED,STRAIGHT/LEVEL,ASPHALT,FOLLOWING TOO CLOSELY,REAR END,WTHIRDST,NONE
781,BLOOMINGTON PD,BLOOMINGTON,2021-10-15T00:00:00,6:26 PM,1,0,0,0,0,"","","",W ARLINGTON RD,"","",500,N,39.179248,-86.547104,LOCAL/CITY ROAD,N,URBAN,N,N,N,"",DAYLIGHT,CLOUDY,DRY,"",NO JUNCTION INVOLVED,CURVE/GRADE,ASPHALT,DRIVER ASLEEP OR FATIGUED,RAN OFF ROAD,WEST17THSTWESTARLINGTONRD,LANE CONTROL
782,ELLETTSVILLE PD,ELLETTSVILLE,2021-10-15T00:00:00,9:30 PM,1,0,0,0,1,"","","",W MCNEELY ST,N ABIGAIL LN,"",,"",,,LOCAL/CITY ROAD,N,RURAL,N,N,N,"",DARK (NOT LIGHTED),CLEAR,DRY,"",T-INTERSECTION,CURVE/HILLCREST,ASPHALT,ANIMAL/OBJECT IN ROADWAY,COLLISION WITH DEER,ABIGAILLNMCNEELYST,NONE
783,ELLETTSVILLE PD,ELLETTSVILLE,2021-10-15T00:00:00,9:53 PM,3,0,1,0,0,"","","",SR 46,W FORREST PARK DR,"",,"",,,STATE ROAD,N,URBAN,N,N,N,"",DARK (NOT LIGHTED),RAIN,WET,"",T-INTERSECTION,STRAIGHT/LEVEL,ASPHALT,FAILURE TO YIELD RIGHT OF WAY,LEFT TURN,FORRESTPARDRSR46W,LANE CONTROL
784,BLOOMINGTON PD,BLOOMINGTON,2021-10-14T00:00:00,9:36 AM,1,0,0,0,0,703,"","",E COLONIAL CREST RD,"","",,"",39.185232,-86.54060206,UNKNOWN,Y,URBAN,N,N,N,"",UNKNOWN,CLEAR,DRY,"",NO JUNCTION INVOLVED,NON-ROADWAY CRASH,ASPHALT,UNSAFE BACKING,RAN OFF ROAD,WGOURLEYPIKE,NONE
785,BLOOMINGTON PD,BLOOMINGTON,2021-10-14T00:00:00,9:55 AM,2,0,0,0,0,"","","",W 17TH ST,N MADISON ST,"",,"",39.178992,-86.537792,LOCAL/CITY ROAD,N,URBAN,N,N,N,"",DAYLIGHT,CLOUDY,DRY,"",FOUR-WAY INTERSECTION,STRAIGHT/LEVEL,ASPHALT,DISREGARD SIGNAL/REG SIGN,RIGHT ANGLE,NMADISONSTW17THST,TRAFFIC CONTROL SIGNAL
786,INDIANA UNIV BLOOMINGTON PD,BLOOMINGTON,2021-10-14T00:00:00,10:30 AM,2,0,0,0,0,"","","",SR 45/46,E 10TH ST,"",,"",0,0,STATE ROAD,N,URBAN,N,N,N,"",DAYLIGHT,CLOUDY,DRY,"",FOUR-WAY INTERSECTION,STRAIGHT/LEVEL,ASPHALT,CELL PHONE USAGE,REAR END,SR46UNIONVILLERD,TRAFFIC CONTROL SIGNAL
787,MONROE SD,BLOOMINGTON,2021-10-14T00:00:00,11:35 AM,2,0,1,0,0,"","","",W 4TH ST,S WALNUT ST,"",,"",39.165648,-86.5336,"",Y,URBAN,N,N,N,"",DARK (LIGHTED),CLEAR,DRY,"",FOUR-WAY INTERSECTION,STRAIGHT/LEVEL,ASPHALT,FAILURE TO YIELD RIGHT OF WAY,RIGHT ANGLE,SWALNUTSTWFOURTHST,TRAFFIC CONTROL SIGNAL