_id,Agency,City,Collision Date,Collision Time,Vehicles Involved,Trailers Involved,Number Injured,Number Dead,Number Deer,House Number,Roadway Interchange,Roadway Ramp,Roadway Id,Intersecting Road,Interchange,Feet From,Direction,Latitude,Longitude,Roadway Class,Hit and Run?,Locality,School Zone?,Rumble Strips?,Construction?,Construction Type,Light Condition,Weather Conditions,Surface Condition,Type of Median,Roadway Junction Type,Road Character,Roadway Surface,Primary Factor,Manner of Collision,Unique Location Id,Traffic Control
788,BLOOMINGTON PD,BLOOMINGTON,2021-10-14T00:00:00,11:46 AM,2,0,0,0,0,"","","",N WALNUT ST,E 6TH ST,"",,"",39.167648,-86.533584,LOCAL/CITY ROAD,N,URBAN,N,N,N,"",DAYLIGHT,CLEAR,DRY,"",FOUR-WAY INTERSECTION,STRAIGHT/GRADE,ASPHALT,UNSAFE LANE MOVEMENT,SAME DIRECTION SIDESWIPE,E6THSTNWALNUTST,TRAFFIC CONTROL SIGNAL
789,BLOOMINGTON PD,BLOOMINGTON,2021-10-14T00:00:00,12:07 PM,1,0,0,0,0,1020,"","",S WOODLAWN AVE,ENTRANCE TO BRYAN PARK PARKING LOT,"",,"",39.15551347,-86.52252474,LOCAL/CITY ROAD,N,URBAN,N,N,N,"",DAYLIGHT,CLEAR,DRY,"",NO JUNCTION INVOLVED,STRAIGHT/GRADE,ASPHALT,RAN OFF ROAD RIGHT,RAN OFF ROAD,SWOODLAWNAVE,LANE CONTROL
790,INDIANA UNIV BLOOMINGTON PD,BLOOMINGTON,2021-10-14T00:00:00,1:05 PM,1,0,0,0,0,"","","",E LAW LN,N FEE LN,"",,"",39.173984,-86.518919,LOCAL/CITY ROAD,N,URBAN,N,N,N,"",DAYLIGHT,CLEAR,DRY,"",T-INTERSECTION,STRAIGHT/HILLCREST,ASPHALT,FAILURE TO YIELD RIGHT OF WAY,LEFT TURN,ELAWLNFEELN,NONE
791,BLOOMINGTON PD,BLOOMINGTON,2021-10-14T00:00:00,1:56 PM,2,0,0,0,0,"","","",E BURKS DR,S WALNUT ST PIKE,"",,"",39.125585,-86.526715,LOCAL/CITY ROAD,Y,URBAN,N,N,N,"",DAYLIGHT,CLEAR,DRY,"",T-INTERSECTION,STRAIGHT/HILLCREST,ASPHALT,IMPROPER LANE USAGE,RIGHT TURN,EBURKSDRSWALNUTSTREETPIKE,STOP SIGN
792,BLOOMINGTON PD,BLOOMINGTON,2021-10-14T00:00:00,1:57 PM,2,0,0,0,0,"","","",S WEIMER RD,W BLOOMFIELD RD,"",,"",39.154272,-86.564176,LOCAL/CITY ROAD,Y,URBAN,N,N,N,"",DAYLIGHT,CLEAR,DRY,"",T-INTERSECTION,STRAIGHT/GRADE,ASPHALT,FOLLOWING TOO CLOSELY,REAR END,SWIEMERRDWBLOOMFIELDRD,STOP SIGN
793,BLOOMINGTON PD,BLOOMINGTON,2021-10-14T00:00:00,3:33 PM,2,0,0,0,0,"","","",S COLLEGE MALL RD,PRIVATE,"",,"",0,0,LOCAL/CITY ROAD,N,URBAN,N,N,N,"",DAYLIGHT,CLEAR,DRY,"",FOUR-WAY INTERSECTION,STRAIGHT/HILLCREST,ASPHALT,FOLLOWING TOO CLOSELY,REAR END,PRIVATEDRSCOLLEGEMALLRD,TRAFFIC CONTROL SIGNAL
794,BLOOMINGTON PD,BLOOMINGTON,2021-10-14T00:00:00,4:30 PM,2,0,0,0,0,"","","",SR 46,KINGSTON DR S,"",,"",39.16424,-86.492944,LOCAL/CITY ROAD,Y,URBAN,N,N,N,"",DAYLIGHT,CLEAR,DRY,"",FOUR-WAY INTERSECTION,STRAIGHT/LEVEL,ASPHALT,UNSAFE LANE MOVEMENT,SAME DIRECTION SIDESWIPE,E3RDSTSKINGSTONDR,TRAFFIC CONTROL SIGNAL
795,INDIANA UNIV BLOOMINGTON PD,BLOOMINGTON,2021-10-14T00:00:00,8:55 PM,2,0,0,0,0,"","","",SR 46,SR 45,"",264,S,,,STATE ROAD,N,URBAN,N,N,N,"",DARK (LIGHTED),CLEAR,DRY,"",FOUR-WAY INTERSECTION,STRAIGHT/LEVEL,ASPHALT,FOLLOWING TOO CLOSELY,REAR END,SR46UNIONVILLERD,LANE CONTROL
796,MONROE SD,BLOOMINGTON,2021-10-14T00:00:00,10:43 PM,1,0,0,0,0,"","","",W OLD SR 37,E SAMPLE RD,"",1200,N,,,STATE ROAD,N,RURAL,N,N,N,"",DARK (NOT LIGHTED),RAIN,WET,"",NO JUNCTION INVOLVED,CURVE/GRADE,ASPHALT,SPEED TOO FAST FOR WEATHER CONDITIONS,RAN OFF ROAD,ESAMPLERDSR37N,LANE CONTROL
797,MONROE SD,BLOOMINGTON,2021-10-13T00:00:00,12:48 AM,1,0,0,0,1,"","","",I-69 S,"","",300,N,,,STATE ROAD,N,URBAN,N,N,N,"",DARK (LIGHTED),CLEAR,DRY,"",NO JUNCTION INVOLVED,STRAIGHT/LEVEL,ASPHALT,ANIMAL/OBJECT IN ROADWAY,COLLISION WITH DEER,SR69S125.0,LANE CONTROL
798,ELLETTSVILLE PD,ELLETTSVILLE,2021-10-13T00:00:00,7:41 AM,2,0,0,0,0,"","","",SR 46,W RIDGE SPRINGS LN,"",,"",39.24104,-86.632096,STATE ROAD,N,URBAN,N,N,N,"",DAWN/DUSK,CLEAR,DRY,"",NO JUNCTION INVOLVED,STRAIGHT/GRADE,ASPHALT,DRIVER ASLEEP OR FATIGUED,REAR END,RIDGESPRINGSLNSR46W,LANE CONTROL
799,MONROE SD,BLOOMINGTON,2021-10-13T00:00:00,9:14 AM,1,0,0,0,1,"","","",S GARRISON CHAPEL RD,"","",200,S,39.122416,-86.64296,LOCAL/CITY ROAD,N,RURAL,N,N,N,"",DAYLIGHT,CLEAR,DRY,"",NO JUNCTION INVOLVED,CURVE/LEVEL,ASPHALT,ANIMAL/OBJECT IN ROADWAY,COLLISION WITH DEER,SGARRISONCHAPELRDWELLERRD,NONE
800,BLOOMINGTON PD,BLOOMINGTON,2021-10-13T00:00:00,9:15 AM,2,0,1,0,0,"","","",W TAPP RD,S ADAMS ST,"",,"",39.136643,-86.554158,LOCAL/CITY ROAD,Y,URBAN,N,N,N,"",DAYLIGHT,CLOUDY,DRY,"",TRAFFIC CIRCLE/ROUNDABOUT,STRAIGHT/GRADE,ASPHALT,FOLLOWING TOO CLOSELY,REAR END,SADAMSSTWTAPPRD,YIELD SIGN
801,BLOOMINGTON PD,BLOOMINGTON,2021-10-13T00:00:00,10:25 AM,1,0,1,0,0,"","","",W GRIMES LN,S WALNUT ST,"",,"",39.153344,-86.533757,LOCAL/CITY ROAD,N,URBAN,N,N,N,"",DAYLIGHT,CLEAR,DRY,"",NO JUNCTION INVOLVED,STRAIGHT/LEVEL,ASPHALT,FAILURE TO YIELD RIGHT OF WAY,LEFT/RIGHT TURN,SWALNUTSTWGRIMESLN,TRAFFIC CONTROL SIGNAL
802,MONROE SD,BLOOMINGTON,2021-10-13T00:00:00,10:54 AM,1,0,0,0,0,2375,"","",N MT GILEAD RD,"","",,"",,,LOCAL/CITY ROAD,N,RURAL,N,N,N,"",DAYLIGHT,CLOUDY,DRY,"",NO JUNCTION INVOLVED,STRAIGHT/GRADE,ASPHALT,ANIMAL/OBJECT IN ROADWAY,COLLISION WITH OBJECT IN ROAD,NMTGILEADRD,NONE
803,INDIANA UNIV BLOOMINGTON PD,BLOOMINGTON,2021-10-13T00:00:00,12:31 PM,2,0,0,0,0,"","","",STADIUM DR,"","",,"",39.168475,-86.522317,LOCAL/CITY ROAD,N,URBAN,N,N,N,"",DAYLIGHT,CLEAR,DRY,"",NO JUNCTION INVOLVED,STRAIGHT/LEVEL,ASPHALT,UNSAFE BACKING,BACKING CRASH,E7THSTNFORRESTAVE,STOP SIGN
804,MONROE SD,BLOOMINGTON,2021-10-13T00:00:00,12:40 PM,2,0,0,0,0,"","","",SR 46,S LORI LN,"",1000,W,39.16644499,-86.46601504,STATE ROAD,N,URBAN,N,N,N,"",DAYLIGHT,CLOUDY,DRY,"",T-INTERSECTION,STRAIGHT/LEVEL,ASPHALT,FAILURE TO YIELD RIGHT OF WAY,RIGHT ANGLE,EKERRCREEKRDSR46E,NONE
805,BLOOMINGTON PD,BLOOMINGTON,2021-10-13T00:00:00,1:47 PM,2,0,0,0,0,"","","",E 7TH ST,N GRANT ST,"",,"",39.16864,-86.529696,LOCAL/CITY ROAD,N,URBAN,N,N,N,"",DAYLIGHT,CLEAR,DRY,"",FOUR-WAY INTERSECTION,STRAIGHT/LEVEL,ASPHALT,FAILURE TO YIELD RIGHT OF WAY,RIGHT ANGLE,E7THSTNGRANTST,STOP SIGN
806,INDIANA UNIV BLOOMINGTON PD,BLOOMINGTON,2021-10-13T00:00:00,1:55 PM,2,0,1,0,0,"","","",N WALNUT GROVE ST,E 17TH ST,"",,"",39.179039,-86.521096,LOCAL/CITY ROAD,N,URBAN,N,N,N,"",DAYLIGHT,CLOUDY,DRY,"",FOUR-WAY INTERSECTION,STRAIGHT/LEVEL,ASPHALT,FOLLOWING TOO CLOSELY,REAR END,EAST17THSTWALNUTGROVEST,NONE
807,BLOOMINGTON PD,BLOOMINGTON,2021-10-13T00:00:00,4:35 PM,2,0,1,0,0,"","","",E 3RD ST,S OVERHILL DR,"",35,E,39.164272,-86.501488,LOCAL/CITY ROAD,N,URBAN,N,N,N,"",DAYLIGHT,CLEAR,DRY,"",NO JUNCTION INVOLVED,STRAIGHT/LEVEL,ASPHALT,FOLLOWING TOO CLOSELY,REAR END,E3RDSTSOVERHILLDR,LANE CONTROL
808,MONROE SD,ELLETTSVILLE,2021-10-13T00:00:00,4:53 PM,2,0,0,0,0,"","","",SR 46,W ARLINGTON RD,"",500,E,39.20686465,-86.57234221,STATE ROAD,N,RURAL,N,N,N,"",DAYLIGHT,CLEAR,WET,"",T-INTERSECTION,STRAIGHT/LEVEL,ASPHALT,BRAKE FAILURE OR DEFECTIVE,REAR END,SR46WWARLINGTONRD,NONE
809,MONROE SD,BLOOMINGTON,2021-10-13T00:00:00,8:28 PM,1,0,0,0,0,"","","",SR 46,"","",250,W,39.151865,-86.3900319,STATE ROAD,N,RURAL,N,N,N,"",DARK (NOT LIGHTED),RAIN,WET,"",NO JUNCTION INVOLVED,STRAIGHT/LEVEL,ASPHALT,ANIMAL/OBJECT IN ROADWAY,RAN OFF ROAD,BRUMMETTSCRKSR46E,NONE
810,BLOOMINGTON PD,BLOOMINGTON,2021-10-12T00:00:00,7:13 AM,2,0,0,0,0,"","","",SR 48,S LIBERTY DR,"",75,W,39.164606,-86.5791245,LOCAL/CITY ROAD,N,URBAN,N,N,N,"",DARK (LIGHTED),CLOUDY,DRY,"",NO JUNCTION INVOLVED,STRAIGHT/LEVEL,ASPHALT,FAILURE TO YIELD RIGHT OF WAY,RIGHT ANGLE,3RDSTLIBERTYDR,LANE CONTROL
811,ISP BLOOMINGTON 33,BLOOMINGTON,2021-10-12T00:00:00,7:15 AM,1,,0,0,1,"","","",I-69 N,W FULLERTON PIKE,"",0,"",39.11950321,-86.5690679,INTERSTATE,"",URBAN,N,N,N,"",DARK (NOT LIGHTED),CLEAR,DRY,"",NO JUNCTION INVOLVED,"",ASPHALT,ANIMAL/OBJECT IN ROADWAY,COLLISION WITH DEER,I-69115,""
812,ISP BLOOMINGTON 33,CHAPELHILL,2021-10-12T00:00:00,1:15 PM,1,,1,0,0,"","","",SR 446,"","",0,"",39.06428226,-86.41432842,STATE ROAD,"",RURAL,N,N,N,"",DAYLIGHT,CLOUDY,DRY,"",NO JUNCTION INVOLVED,"",ASPHALT,"",RAN OFF ROAD,StateRd446,""
813,BLOOMINGTON PD,BLOOMINGTON,2021-10-12T00:00:00,2:57 PM,2,0,0,0,0,"","","",N MONROE ST,N ORRIS DR,"",,"",39.17504,-86.547104,LOCAL/CITY ROAD,Y,URBAN,N,N,N,"",DAYLIGHT,CLOUDY,DRY,"",T-INTERSECTION,STRAIGHT/LEVEL,ASPHALT,FOLLOWING TOO CLOSELY,REAR END,NMONROESTNORRISDR,NONE
814,MONROE SD,ELLETTSVILLE,2021-10-12T00:00:00,4:15 PM,1,0,0,0,0,"","","",N MAPLE GROVE RD,"","",500,N,39.21158522,-86.56134698,LOCAL/CITY ROAD,N,RURAL,N,N,N,"",DAYLIGHT,CLEAR,DRY,"",NO JUNCTION INVOLVED,CURVE/GRADE,ASPHALT,RAN OFF ROAD RIGHT,RAN OFF ROAD,AMHERSTRDMAPLEGROVERD,NONE
815,BLOOMINGTON PD,BLOOMINGTON,2021-10-12T00:00:00,4:32 PM,2,0,0,0,0,"","","",W BLOOMFIELD RD,S WEIMER RD,"",,"",39.154272,-86.564176,LOCAL/CITY ROAD,N,URBAN,N,N,N,"",DAYLIGHT,CLEAR,DRY,"",T-INTERSECTION,STRAIGHT/LEVEL,ASPHALT,FAILURE TO YIELD RIGHT OF WAY,RIGHT ANGLE,WBLOOMFIELDRDWEIMERRD,NONE
816,MONROE SD,BLOOMINGTON,2021-10-12T00:00:00,4:52 PM,2,0,2,0,0,"","","",SR 37,E SMITHVILLE RD,"",,"",39.071056,-86.5356,STATE ROAD,N,RURAL,N,N,N,"",DAYLIGHT,CLEAR,DRY,"",FOUR-WAY INTERSECTION,STRAIGHT/GRADE,ASPHALT,FAILURE TO YIELD RIGHT OF WAY,RIGHT ANGLE,SMITHVILLERDSR37S,STOP SIGN
817,MONROE SD,BLOOMINGTON,2021-10-12T00:00:00,5:07 PM,3,0,3,0,0,"","","",SR 37,"","",1000,N,,,STATE ROAD,N,RURAL,N,Y,Y,LANE CLOSURE,DAYLIGHT,CLEAR,DRY,"",FOUR-WAY INTERSECTION,STRAIGHT/GRADE,ASPHALT,FOLLOWING TOO CLOSELY,REAR END,DILLMANRDSR37S,LANE CONTROL
818,BLOOMINGTON PD,BLOOMINGTON,2021-10-12T00:00:00,5:09 PM,2,0,0,0,0,"","","",N SMITH RD,SR 45,"",,"",39.172752,-86.482288,LOCAL/CITY ROAD,N,URBAN,N,N,N,"",DAYLIGHT,CLEAR,DRY,"",T-INTERSECTION,CURVE/GRADE,ASPHALT,FOLLOWING TOO CLOSELY,REAR END,EAST10THSTNORTHSMITHRD,STOP SIGN
819,MONROE SD,BLOOMINGTON,2021-10-12T00:00:00,5:56 PM,2,0,0,0,0,"","","",I-69 S,"","",250,N,0,0,INTERSTATE,N,RURAL,N,Y,N,"",DAYLIGHT,CLEAR,DRY,"",NO JUNCTION INVOLVED,CURVE/GRADE,ASPHALT,DRIVER ASLEEP OR FATIGUED,SAME DIRECTION SIDESWIPE,I69S104.5,NONE
820,BLOOMINGTON PD,BLOOMINGTON,2021-10-12T00:00:00,5:59 PM,1,0,0,0,0,"","","",S ROGERS ST,W 1ST ST,"",,"",39.159504,-86.538592,LOCAL/CITY ROAD,N,URBAN,N,N,N,"",DAYLIGHT,CLEAR,DRY,"",FOUR-WAY INTERSECTION,STRAIGHT/GRADE,ASPHALT,OTHER (DRIVER) - EXPLAIN IN NARRATIVE,RAN OFF ROAD,SOUTHROGERSSTWEST1STST,STOP SIGN
821,MONROE SD,BLOOMINGTON,2021-10-12T00:00:00,6:04 PM,2,0,0,0,0,"","","",SR 48,N PROFILE PKWY,"",,"",39.1647962,-86.59256644,STATE ROAD,N,RURAL,N,N,N,"",DAYLIGHT,CLEAR,DRY,"",FOUR-WAY INTERSECTION,STRAIGHT/LEVEL,ASPHALT,DISREGARD SIGNAL/REG SIGN,RIGHT ANGLE,SPROFILEPKWYSR45W,TRAFFIC CONTROL SIGNAL
822,BLOOMINGTON PD,BLOOMINGTON,2021-10-12T00:00:00,7:35 PM,2,0,0,0,0,"","","",SR 45,N SMITH RD,"",,"",39.172752,-86.482288,LOCAL/CITY ROAD,N,URBAN,Y,N,N,"",DARK (LIGHTED),CLEAR,DRY,"",FOUR-WAY INTERSECTION,CURVE/GRADE,ASPHALT,FAILURE TO YIELD RIGHT OF WAY,LEFT TURN,E10THSTNSMITHAVE,STOP SIGN
823,BLOOMINGTON PD,BLOOMINGTON,2021-10-11T00:00:00,12:30 AM,1,1,0,0,0,"","","",S EUCLID AVE,W HOWE ST,"",75,S,39.15447361,-86.543365,LOCAL/CITY ROAD,N,URBAN,N,N,N,"",DAYLIGHT,CLEAR,DRY,"",T-INTERSECTION,STRAIGHT/GRADE,ASPHALT,OBSTRUCTION NOT MARKED,OTHER - EXPLAIN IN NARRATIVE,EUCLIDAVEHOWEST,NONE
824,MONROE SD,BLOOMINGTON,2021-10-11T00:00:00,3:07 AM,1,0,1,0,0,9130,"","",S CHAPEL HILL RD,"","",,"",39.018733,-86.4180775,COUNTY ROAD,N,RURAL,N,N,N,"",DARK (NOT LIGHTED),CLEAR,DRY,"",T-INTERSECTION,CURVE/GRADE,ASPHALT,RAN OFF ROAD RIGHT,RAN OFF ROAD,9130SOUTHCHAPELHILLRDCHAPLELHILLRADL,NONE
825,BLOOMINGTON PD,BLOOMINGTON,2021-10-11T00:00:00,7:45 AM,2,0,0,0,0,"","","",S PARK AVE,E ATWATER AVE,"",,"",39.163117,-86.524016,LOCAL/CITY ROAD,Y,URBAN,N,N,N,"",DAYLIGHT,CLEAR,DRY,"",FOUR-WAY INTERSECTION,STRAIGHT/LEVEL,ASPHALT,IMPROPER TURNING,LEFT/RIGHT TURN,EATWATERAVESPARKAVE,STOP SIGN
826,BLOOMINGTON PD,BLOOMINGTON,2021-10-11T00:00:00,8:08 AM,2,0,0,0,0,"","","",W 17TH ST,N LISMORE DR,"",,"",39.1791162,-86.5548699,LOCAL/CITY ROAD,N,URBAN,N,N,N,"",DAYLIGHT,CLEAR,DRY,"",T-INTERSECTION,STRAIGHT/HILLCREST,ASPHALT,INSECURE/LEAKY LOAD,OTHER - EXPLAIN IN NARRATIVE,NLISMOREDRW17THST,LANE CONTROL
827,INDIANA UNIV BLOOMINGTON PD,BLOOMINGTON,2021-10-11T00:00:00,8:30 AM,1,0,0,0,1,"","","",E 3RD ST,N WOODLAWN AVE,"",50,E,39.164352,-86.52241559,LOCAL/CITY ROAD,N,URBAN,N,N,N,"",DAYLIGHT,CLEAR,DRY,"",NO JUNCTION INVOLVED,STRAIGHT/LEVEL,ASPHALT,ANIMAL/OBJECT IN ROADWAY,COLLISION WITH DEER,3RDSTWOODLAWNAVE,NONE
828,ELLETTSVILLE PD,ELLETTSVILLE,2021-10-11T00:00:00,8:42 AM,2,0,0,0,0,"","","",SR 46,N CYPRESS LN,"",,"",39.2136915,-86.5909345,STATE ROAD,N,URBAN,N,N,N,"",DAYLIGHT,CLEAR,DRY,"",T-INTERSECTION,STRAIGHT/LEVEL,ASPHALT,DRIVER DISTRACTED - EXPLAIN IN NARRATIVE,REAR END,CYPRESSLNSR46W,LANE CONTROL
829,MONROE SD,BLOOMINGTON,2021-10-11T00:00:00,9:36 AM,2,0,1,0,0,6196,"","",SR 46,"","",470,W,39.163636,-86.43791637,STATE ROAD,N,RURAL,N,N,N,"",DAYLIGHT,CLEAR,DRY,"",NO JUNCTION INVOLVED,STRAIGHT/GRADE,ASPHALT,DRIVER ASLEEP OR FATIGUED,RAN OFF ROAD,EBENDERRDSR46E,LANE CONTROL
830,INDIANA UNIV BLOOMINGTON PD,BLOOMINGTON,2021-10-11T00:00:00,12:25 PM,2,0,0,0,0,"","","",E 10TH ST,N FEE LN,"",,"",39.171606,-86.519002,LOCAL/CITY ROAD,Y,URBAN,N,N,N,"",DAYLIGHT,CLEAR,DRY,"",T-INTERSECTION,STRAIGHT/GRADE,ASPHALT,FOLLOWING TOO CLOSELY,REAR END,FEELNTENTHST,TRAFFIC CONTROL SIGNAL
831,BLOOMINGTON PD,BLOOMINGTON,2021-10-11T00:00:00,1:07 PM,2,0,1,0,0,3840,"","",S LAURA WAY,E HEATHER DR,"",,"",0,0,LOCAL/CITY ROAD,N,URBAN,N,N,N,"",DAYLIGHT,CLEAR,DRY,"",T-INTERSECTION,STRAIGHT/LEVEL,ASPHALT,FAILURE TO YIELD RIGHT OF WAY,LEFT TURN,3840SLAURAWAYEHEATHERDR,NONE
832,BLOOMINGTON PD,BLOOMINGTON,2021-10-11T00:00:00,4:21 PM,2,0,0,0,0,"","","",N WALNUT ST,W 17TH ST,"",50,S,39.17880668,-86.53339399,LOCAL/CITY ROAD,N,URBAN,N,N,N,"",DAYLIGHT,CLOUDY,DRY,"",NO JUNCTION INVOLVED,STRAIGHT/LEVEL,ASPHALT,UNSAFE LANE MOVEMENT,LEFT TURN,17THSTWALNUTST,LANE CONTROL
833,MONROE SD,BLOOMINGTON,2021-10-11T00:00:00,5:09 PM,2,0,0,0,0,"","","",S WALNUT ST PIKE,E RHORER RD,"",,"",,,LOCAL/CITY ROAD,N,RURAL,N,N,N,"",DAYLIGHT,CLEAR,WET,"",FOUR-WAY INTERSECTION,STRAIGHT/LEVEL,ASPHALT,DRIVER DISTRACTED - EXPLAIN IN NARRATIVE,REAR END,ERHORERRDSWALNUTSTREETPIKE,TRAFFIC CONTROL SIGNAL
834,INDIANA UNIV BLOOMINGTON PD,BLOOMINGTON,2021-10-11T00:00:00,7:00 PM,2,0,0,0,0,"","","",E 10TH ST,N FORREST AVE,"",100,W,39.17162,-86.52236334,LOCAL/CITY ROAD,N,URBAN,N,N,N,"",DAYLIGHT,RAIN,WET,"",NO JUNCTION INVOLVED,STRAIGHT/LEVEL,ASPHALT,FOLLOWING TOO CLOSELY,REAR END,E10THSTNFORRESTAVE,NONE
835,BLOOMINGTON PD,BLOOMINGTON,2021-10-11T00:00:00,11:42 PM,2,0,0,0,0,"","","",SR 45/46,N WALNUT ST,"",,"",0,0,LOCAL/CITY ROAD,N,URBAN,N,N,N,"",DARK (LIGHTED),CLOUDY,DRY,"",FOUR-WAY INTERSECTION,STRAIGHT/GRADE,ASPHALT,FAILURE TO YIELD RIGHT OF WAY,LEFT TURN,STRD4546BYPWALNUTST,TRAFFIC CONTROL SIGNAL
836,INDIANA UNIV BLOOMINGTON PD,BLOOMINGTON,2021-10-10T00:00:00,11:20 AM,2,0,0,0,0,"","","",E 6TH ST,N DUNN ST,"",,"",39.167463,-86.5280657,LOCAL/CITY ROAD,N,URBAN,N,N,N,"",DAYLIGHT,CLEAR,DRY,"",NO JUNCTION INVOLVED,STRAIGHT/LEVEL,ASPHALT,IMPROPER TURNING,SAME DIRECTION SIDESWIPE,DUNNSTSIXTHST,NONE
837,BLOOMINGTON PD,BLOOMINGTON,2021-10-10T00:00:00,12:58 PM,2,0,0,0,0,"","","",S HIGHLAND AVE,E HUNTER AVE,"",,"",39.162191,-86.517714,LOCAL/CITY ROAD,N,URBAN,N,N,N,"",DAYLIGHT,CLEAR,DRY,"",FOUR-WAY INTERSECTION,STRAIGHT/LEVEL,ASPHALT,FAILURE TO YIELD RIGHT OF WAY,RIGHT ANGLE,EHUNTERAVESHIGHLANDAVE,NONE
838,BLOOMINGTON PD,BLOOMINGTON,2021-10-10T00:00:00,3:45 PM,2,0,0,0,0,"","","",S COLLEGE MALL RD,E COVENANTER DR,"",,"",39.155152,-86.497888,LOCAL/CITY ROAD,N,URBAN,N,N,N,"",DAYLIGHT,CLEAR,DRY,"",FOUR-WAY INTERSECTION,STRAIGHT/LEVEL,ASPHALT,FAILURE TO YIELD RIGHT OF WAY,LEFT TURN,ECOVENANTERDRSCOLLEGEMALLRD,TRAFFIC CONTROL SIGNAL
839,BLOOMINGTON PD,BLOOMINGTON,2021-10-10T00:00:00,9:20 PM,2,0,0,0,0,"","","",W 3RD ST,I-69,"",,"",0,0,LOCAL/CITY ROAD,N,URBAN,N,N,N,"",DARK (LIGHTED),CLEAR,DRY,"",FOUR-WAY INTERSECTION,STRAIGHT/GRADE,ASPHALT,DISREGARD SIGNAL/REG SIGN,RIGHT ANGLE,3RDSTI69N,TRAFFIC CONTROL SIGNAL
840,BLOOMINGTON PD,BLOOMINGTON,2021-10-09T00:00:00,9:30 AM,2,0,0,0,0,"","","",N MORTON ST,"","",150,S,39.170544,-86.536,LOCAL/CITY ROAD,Y,URBAN,N,N,N,"",UNKNOWN,CLEAR,DRY,"",NO JUNCTION INVOLVED,STRAIGHT/LEVEL,ASPHALT,IMPROPER TURNING,REAR END,NMORTONSTW9THST,NONE
841,BLOOMINGTON PD,BLOOMINGTON,2021-10-09T00:00:00,11:41 AM,2,0,0,0,0,2218,"","",S BENT TREE DR,"","",300,S,39.10958156,-86.52172817,LOCAL/CITY ROAD,N,URBAN,N,N,N,"",DAYLIGHT,CLEAR,DRY,"",NO JUNCTION INVOLVED,STRAIGHT/LEVEL,ASPHALT,UNSAFE BACKING,BACKING CRASH,2200BLKSBENTTREEDRWYLIEFARMRD,NONE
842,MONROE SD,BLOOMINGTON,2021-10-09T00:00:00,3:39 PM,1,0,0,0,0,"","","",S WALNUT ST PIKE,"","",5000,S,39.12144,-86.526496,LOCAL/CITY ROAD,N,RURAL,N,N,N,"",DAYLIGHT,CLEAR,DRY,"",NO JUNCTION INVOLVED,STRAIGHT/GRADE,ASPHALT,RAN OFF ROAD RIGHT,RAN OFF ROAD,ERHORERRDSWALNUTSTREETPIKE,LANE CONTROL
843,BLOOMINGTON PD,BLOOMINGTON,2021-10-09T00:00:00,6:00 PM,2,0,0,0,0,"","","",W ILLINOIS CT,N ILLINOIS ST,"",,"",39.173344,-86.550304,LOCAL/CITY ROAD,Y,"",N,N,N,"",DARK (LIGHTED),CLEAR,DRY,"",T-INTERSECTION,STRAIGHT/LEVEL,ASPHALT,IMPROPER TURNING,RIGHT TURN,NILLINOISSTWILLINOISCT,STOP SIGN
844,ELLETTSVILLE PD,ELLETTSVILLE,2021-10-08T00:00:00,6:00 AM,1,0,0,0,0,3700,"","",W ARLINGTON RD,"","",,"",39.2019408,-86.5606547,LOCAL/CITY ROAD,Y,URBAN,N,N,N,"",DARK (NOT LIGHTED),CLOUDY,WET,"",NO JUNCTION INVOLVED,CURVE/LEVEL,ASPHALT,RAN OFF ROAD RIGHT,RAN OFF ROAD,WESTARLINGTONRD,LANE CONTROL
845,BLOOMINGTON PD,BLOOMINGTON,2021-10-08T00:00:00,9:30 AM,2,0,0,0,0,501,"","",E DODDS ST,S DUNN ST,"",,"",39.157634,-86.527924,LOCAL/CITY ROAD,Y,URBAN,N,N,N,"",DAYLIGHT,CLEAR,DRY,"",NO JUNCTION INVOLVED,STRAIGHT/LEVEL,ASPHALT,FAILURE TO YIELD RIGHT OF WAY,"",EDODDSST,NONE
846,ISP BLOOMINGTON 33,BLOOMINGTON,2021-10-08T00:00:00,12:15 PM,1,,1,0,0,"","","",I-69 N,"","",0,"",39.22242282,-86.54899228,INTERSTATE,"",RURAL,N,N,N,"",DAYLIGHT,CLEAR,DRY,"",NO JUNCTION INVOLVED,"",CONCRETE,"","",I-69123,""
847,ELLETTSVILLE PD,ELLETTSVILLE,2021-10-08T00:00:00,1:51 PM,2,0,0,0,0,"","","",SR 46,W GRANT ST,"",,"",39.243666,-86.63401399,STATE ROAD,N,URBAN,N,N,N,"",DAYLIGHT,CLEAR,DRY,"",NO JUNCTION INVOLVED,STRAIGHT/GRADE,ASPHALT,FOLLOWING TOO CLOSELY,REAR END,GRANTSTSR46W,LANE CONTROL
848,BLOOMINGTON PD,BLOOMINGTON,2021-10-08T00:00:00,3:48 PM,2,0,0,0,0,"","","",E 7TH ST,N LINCOLN ST,"",,"",39.16864,-86.530992,LOCAL/CITY ROAD,N,URBAN,N,N,Y,WORK ON SHOULDER,DAYLIGHT,CLEAR,DRY,"",FOUR-WAY INTERSECTION,STRAIGHT/LEVEL,ASPHALT,FAILURE TO YIELD RIGHT OF WAY,RIGHT ANGLE,EAST7THSTNORTHLINCOLNST,STOP SIGN