_id,Agency,City,Collision Date,Collision Time,Vehicles Involved,Trailers Involved,Number Injured,Number Dead,Number Deer,House Number,Roadway Interchange,Roadway Ramp,Roadway Id,Intersecting Road,Interchange,Feet From,Direction,Latitude,Longitude,Roadway Class,Hit and Run?,Locality,School Zone?,Rumble Strips?,Construction?,Construction Type,Light Condition,Weather Conditions,Surface Condition,Type of Median,Roadway Junction Type,Road Character,Roadway Surface,Primary Factor,Manner of Collision,Unique Location Id,Traffic Control
849,MONROE SD,BLOOMINGTON,2021-10-08T00:00:00,5:17 PM,2,0,0,0,0,"","","",S HARRELL RD,E RHORER RD,"",,"",39.121808,-86.498784,UNKNOWN,N,URBAN,N,N,N,"",DAYLIGHT,CLEAR,DRY,"",T-INTERSECTION,STRAIGHT/GRADE,ASPHALT,UNSAFE BACKING,BACKING CRASH,ERHORERRDSHARRELLRD,STOP SIGN
850,BLOOMINGTON PD,BLOOMINGTON,2021-10-08T00:00:00,7:08 PM,2,0,2,0,0,"","","",SR 45,S LEONARD SPRINGS RD,"",,"",39.1420168,-86.5825852,LOCAL/CITY ROAD,N,URBAN,N,N,N,"",DAWN/DUSK,CLEAR,DRY,"",FOUR-WAY INTERSECTION,STRAIGHT/GRADE,ASPHALT,DISREGARD SIGNAL/REG SIGN,RIGHT ANGLE,SOUTHCURRYPIKEWESTSTATEROAD45HWY,TRAFFIC CONTROL SIGNAL
851,BLOOMINGTON PD,BLOOMINGTON,2021-10-08T00:00:00,7:15 PM,2,0,0,0,0,"","","",E TYLERS TURN,S MAXWELL ST,"",,"",,,LOCAL/CITY ROAD,Y,URBAN,N,N,N,"",DAYLIGHT,CLEAR,DRY,"",T-INTERSECTION,STRAIGHT/LEVEL,ASPHALT,OTHER (VEHICLE) - EXPLAIN IN NARRATIVE,OTHER - EXPLAIN IN NARRATIVE,ETYLERSTURNSMAXWELLST,NONE
852,INDIANA UNIV BLOOMINGTON PD,BLOOMINGTON,2021-10-08T00:00:00,10:45 PM,2,0,0,0,0,"","","",SR 45/46,E 17TH ST,"",,"",39.17984,-86.507088,STATE ROAD,N,URBAN,N,N,N,"",DAYLIGHT,CLEAR,DRY,"",T-INTERSECTION,STRAIGHT/LEVEL,ASPHALT,FOLLOWING TOO CLOSELY,REAR END,17THSTSR46E,TRAFFIC CONTROL SIGNAL
853,MONROE SD,BLOOMINGTON,2021-10-07T00:00:00,2:40 AM,1,0,0,0,0,"","","",W WOODYARD RD,"","",500,W,39.190638,-86.5830707,LOCAL/CITY ROAD,N,URBAN,N,N,N,"",DARK (NOT LIGHTED),CLOUDY,WET,"",NO JUNCTION INVOLVED,STRAIGHT/LEVEL,ASPHALT,SPEED TOO FAST FOR WEATHER CONDITIONS,RAN OFF ROAD,NSMITHPIKEWWOODYARDRD,LANE CONTROL
854,MONROE SD,BLOOMINGTON,2021-10-07T00:00:00,8:29 AM,1,0,0,0,0,"",123,S,I-69 N,"","",,"",0,0,INTERSTATE,N,URBAN,N,N,N,"",DAYLIGHT,CLOUDY,WET,"",RAMP,CURVE/GRADE,ASPHALT,SPEED TOO FAST FOR WEATHER CONDITIONS,RAN OFF ROAD,I69N,NONE
855,INDIANA UNIV BLOOMINGTON PD,BLOOMINGTON,2021-10-07T00:00:00,12:40 PM,1,0,1,0,0,"","","",N WALNUT GROVE ST,"","",250,S,39.17896,-86.521088,LOCAL/CITY ROAD,N,URBAN,N,N,N,"",DAYLIGHT,CLEAR,DRY,"",NO JUNCTION INVOLVED,STRAIGHT/LEVEL,ASPHALT,UNSAFE LANE MOVEMENT,NON-COLLISION,17THSTNORTHWALNUTGROVEST,NONE
856,BLOOMINGTON PD,BLOOMINGTON,2021-10-07T00:00:00,12:44 PM,2,0,0,0,0,"","","",S ROGERS ST,W 2ND ST,"",,"",39.16152,-86.538592,LOCAL/CITY ROAD,N,URBAN,N,N,N,"",DAYLIGHT,CLOUDY,WET,"",FOUR-WAY INTERSECTION,STRAIGHT/LEVEL,ASPHALT,FOLLOWING TOO CLOSELY,REAR END,SROGERSSTW2NDST,TRAFFIC CONTROL SIGNAL
857,BLOOMINGTON PD,BLOOMINGTON,2021-10-07T00:00:00,2:36 PM,1,0,0,0,0,"","","",W 2ND ST,S WALNUT ST,"",,"",39.161363,-86.533648,LOCAL/CITY ROAD,N,URBAN,N,N,N,"",DAYLIGHT,CLOUDY,WET,"",FOUR-WAY INTERSECTION,STRAIGHT/LEVEL,ASPHALT,FAILURE TO YIELD RIGHT OF WAY,OTHER - EXPLAIN IN NARRATIVE,E2NDSTSWALNUTST,TRAFFIC CONTROL SIGNAL
858,INDIANA UNIV BLOOMINGTON PD,BLOOMINGTON,2021-10-07T00:00:00,3:15 PM,2,0,0,0,0,"","","",E 3RD ST,S ROSE AVE,"",,"",39.164263,-86.510912,LOCAL/CITY ROAD,Y,URBAN,N,N,N,"",DAYLIGHT,CLOUDY,DRY,"",NO JUNCTION INVOLVED,STRAIGHT/GRADE,ASPHALT,"",REAR END,ROSEAVETHIRDST,NONE
859,MONROE SD,BLOOMINGTON,2021-10-07T00:00:00,9:24 PM,2,0,0,0,0,"","","",SR 37,S VICTOR PIKE,"",,"",39.1055865,-86.551363,STATE ROAD,N,RURAL,N,N,N,"",DARK (LIGHTED),CLEAR,DRY,"",FOUR-WAY INTERSECTION,STRAIGHT/LEVEL,ASPHALT,DISREGARD SIGNAL/REG SIGN,LEFT TURN,SVICTORPIKESR37S,TRAFFIC CONTROL SIGNAL
860,BLOOMINGTON PD,BLOOMINGTON,2021-10-07T00:00:00,10:26 PM,2,0,0,0,0,"","","",S ROGERS ST,W 6TH ST,"",,"",39.16768,-86.538592,LOCAL/CITY ROAD,N,URBAN,N,N,N,"",DARK (NOT LIGHTED),CLOUDY,WET,"",NO JUNCTION INVOLVED,STRAIGHT/LEVEL,ASPHALT,FAILURE TO YIELD RIGHT OF WAY,RIGHT ANGLE,6THSTROGERSST,STOP SIGN
861,ISP BLOOMINGTON 33,BLOOMINGTON,2021-10-06T00:00:00,6:20 AM,1,,0,0,1,"","","",SR 37,I-69 N,"",2130,"",39.10859771,-86.55672327,STATE ROAD,"",RURAL,N,N,N,"",DARK (LIGHTED),CLEAR,DRY,"",RAMP,"",ASPHALT,ANIMAL/OBJECT IN ROADWAY,COLLISION WITH DEER,VictorPikeStateRd37,""
862,BLOOMINGTON PD,BLOOMINGTON,2021-10-06T00:00:00,9:55 AM,2,0,1,0,0,"","","",W BLOOMFIELD RD,I-69 N,"",,"",39.1492153,-86.5697037,LOCAL/CITY ROAD,N,URBAN,N,N,N,"",DAYLIGHT,CLOUDY,DRY,"",FOUR-WAY INTERSECTION,STRAIGHT/LEVEL,ASPHALT,FOLLOWING TOO CLOSELY,REAR END,NSTATE69RDWBLOOMFIELDRD,TRAFFIC CONTROL SIGNAL
863,BLOOMINGTON PD,BLOOMINGTON,2021-10-06T00:00:00,12:09 PM,2,0,0,0,0,"","","",S CURRY PIKE,SR 48,"",,"",39.16465,-86.582939,LOCAL/CITY ROAD,N,URBAN,N,N,N,"",DAYLIGHT,CLOUDY,DRY,"",FOUR-WAY INTERSECTION,STRAIGHT/LEVEL,ASPHALT,UNSAFE LANE MOVEMENT,SAME DIRECTION SIDESWIPE,SCURRYPIKEW3RDST,TRAFFIC CONTROL SIGNAL
864,BLOOMINGTON PD,BLOOMINGTON,2021-10-06T00:00:00,12:52 PM,2,0,0,0,0,"","","",W BLOOMFIELD RD,S WEIMER RD,"",,"",39.154272,-86.564176,LOCAL/CITY ROAD,N,URBAN,N,N,N,"",DAYLIGHT,CLOUDY,DRY,"",T-INTERSECTION,STRAIGHT/HILLCREST,ASPHALT,UNSAFE LANE MOVEMENT,OPPOSITE DIRECTION SIDESWIPE,SWEIMERRDWBLOOMFIELDRD,NONE
865,INDIANA UNIV BLOOMINGTON PD,BLOOMINGTON,2021-10-06T00:00:00,1:30 PM,2,0,0,0,0,"","","",E 10TH ST,ENTRANCE TO TULIPTREE APARTMENTS,"",,"",0,0,LOCAL/CITY ROAD,N,URBAN,N,N,N,"",DAYLIGHT,RAIN,WET,"",T-INTERSECTION,STRAIGHT/LEVEL,ASPHALT,FOLLOWING TOO CLOSELY,REAR END,DRIVETOHILLTOPGARDENDREAST10THST,NONE
866,BLOOMINGTON PD,BLOOMINGTON,2021-10-06T00:00:00,2:59 PM,2,0,0,0,0,"","","",W 3RD ST,S WALNUT ST,"",,"",39.16464,-86.5336,LOCAL/CITY ROAD,N,URBAN,N,N,N,"",DAYLIGHT,CLOUDY,DRY,"",FOUR-WAY INTERSECTION,STRAIGHT/LEVEL,ASPHALT,FOLLOWING TOO CLOSELY,REAR END,ETHIRDSTSWALNUTST,TRAFFIC CONTROL SIGNAL
867,BLOOMINGTON PD,BLOOMINGTON,2021-10-06T00:00:00,4:28 PM,2,0,1,0,0,"","","",SR 48,RUNKLE LN,"",,"",0,0,LOCAL/CITY ROAD,N,URBAN,N,N,N,"",DAYLIGHT,CLOUDY,DRY,"",FOUR-WAY INTERSECTION,STRAIGHT/LEVEL,ASPHALT,FAILURE TO YIELD RIGHT OF WAY,SAME DIRECTION SIDESWIPE,RUNKLELNWEST3RDST,LANE CONTROL
868,MONROE SD,BLOOMINGTON,2021-10-06T00:00:00,4:34 PM,2,0,0,0,0,"","","",S CURRY PIKE,W CONSTITUTION WAY,"",,"",39.148865,-86.582603,COUNTY ROAD,N,RURAL,N,N,N,"",DAYLIGHT,CLOUDY,DRY,"",FOUR-WAY INTERSECTION,STRAIGHT/GRADE,ASPHALT,FAILURE TO YIELD RIGHT OF WAY,RIGHT ANGLE,CONSTITUTIONAVECURRYPIKE,NONE
869,BLOOMINGTON PD,BLOOMINGTON,2021-10-06T00:00:00,5:58 PM,2,0,0,0,0,"","",Y,W 3RD ST,I-69 N,"",,"",0,0,LOCAL/CITY ROAD,N,URBAN,N,N,N,"",DAYLIGHT,CLOUDY,WET,"",INTERCHANGE,CURVE/GRADE,ASPHALT,FOLLOWING TOO CLOSELY,REAR END,I69NHWYW3RDST,TRAFFIC CONTROL SIGNAL
870,BLOOMINGTON PD,BLOOMINGTON,2021-10-06T00:00:00,6:48 PM,2,0,0,0,0,"","","",SR 45/46,N WALNUT ST,"",500,E,39.186368,-86.5344,STATE ROAD,Y,URBAN,N,N,N,"",DAWN/DUSK,CLEAR,DRY,"",FOUR-WAY INTERSECTION,STRAIGHT/LEVEL,ASPHALT,FOLLOWING TOO CLOSELY,REAR END,NWALNUTSTSR4546W,NONE
871,BLOOMINGTON PD,BLOOMINGTON,2021-10-06T00:00:00,7:04 PM,2,0,0,0,0,"","","",E 3RD ST,S OVERHILL DR,"",,"",39.164272,-86.501488,LOCAL/CITY ROAD,N,URBAN,N,N,N,"",DAWN/DUSK,CLOUDY,WET,"",T-INTERSECTION,STRAIGHT/LEVEL,ASPHALT,FOLLOWING TOO CLOSELY,REAR END,E3RDSTSOVERHILLDR,NONE
872,INDIANA UNIV BLOOMINGTON PD,BLOOMINGTON,2021-10-06T00:00:00,7:08 PM,1,0,0,0,0,"","","",S FACULTY AVE,E ATWATER AVE,"",,"",39.163095,-86.521067,UNKNOWN,N,URBAN,N,N,N,"",DAYLIGHT,CLOUDY,WET,"",NO JUNCTION INVOLVED,STRAIGHT/LEVEL,CONCRETE,OTHER (DRIVER) - EXPLAIN IN NARRATIVE,OTHER - EXPLAIN IN NARRATIVE,ATWATERAVEFACULTYAVE,OTHER
873,BLOOMINGTON PD,BLOOMINGTON,2021-10-06T00:00:00,7:20 PM,3,0,0,0,0,"","","",E 3RD ST,N GRANT ST,"",,"",39.16464,-86.529728,LOCAL/CITY ROAD,N,URBAN,N,N,N,"",DAWN/DUSK,CLOUDY,WET,"",FOUR-WAY INTERSECTION,STRAIGHT/GRADE,ASPHALT,FAILURE TO YIELD RIGHT OF WAY,RIGHT ANGLE,EAST3RDSTNORTHGRANTST,STOP SIGN
874,MONROE SD,BLOOMINGTON,2021-10-06T00:00:00,7:47 PM,2,0,0,0,0,"","","",W TAPP RD,I-69 S,"",,"",39.136767,-86.576087,COUNTY ROAD,N,URBAN,N,N,N,"",DARK (LIGHTED),CLEAR,DRY,"",NO JUNCTION INVOLVED,STRAIGHT/LEVEL,ASPHALT,UNSAFE SPEED,OTHER - EXPLAIN IN NARRATIVE,DANLYNRDTAPPRD,ROUNDABOUT INTERSECTION
875,MONROE SD,BLOOMINGTON,2021-10-06T00:00:00,8:08 PM,2,0,0,0,0,"","","",W TAPP RD,I-69,"",,"",0,0,LOCAL/CITY ROAD,N,URBAN,N,N,N,"",DARK (LIGHTED),RAIN,WET,"",TRAFFIC CIRCLE/ROUNDABOUT,STRAIGHT/GRADE,ASPHALT,FAILURE TO YIELD RIGHT OF WAY,REAR END,I69TAPPRD,ROUNDABOUT INTERSECTION
876,BLOOMINGTON PD,BLOOMINGTON,2021-10-05T00:00:00,3:57 AM,2,0,0,0,0,"","","",E MOORES PIKE,S RENWICK BLVD,"",,"",39.1500768,-86.5009805,LOCAL/CITY ROAD,N,URBAN,N,N,N,"",DAYLIGHT,CLEAR,DRY,"",TRAFFIC CIRCLE/ROUNDABOUT,CURVE/LEVEL,ASPHALT,FOLLOWING TOO CLOSELY,REAR END,EASTMOORESPIKESOUTHRENWICKBLVD,ROUNDABOUT INTERSECTION
877,ISP BLOOMINGTON 33,BLOOMINGTON,2021-10-05T00:00:00,7:14 AM,1,,0,0,1,"","","",SR 37,"","",1500,N,39.02936579,-86.5343923,STATE ROAD,"",RURAL,N,N,N,"",DARK (NOT LIGHTED),FOG/SMOKE/SMOG,DRY,"",NO JUNCTION INVOLVED,"",ASPHALT,ANIMAL/OBJECT IN ROADWAY,COLLISION WITH DEER,SR37MonroeDamRd,""
878,BLOOMINGTON PD,BLOOMINGTON,2021-10-05T00:00:00,7:37 AM,2,0,0,0,0,"","","",W KIRKWOOD AVE,N ELM ST,"",,"",39.166768,-86.5452,LOCAL/CITY ROAD,Y,URBAN,N,N,N,"",DAWN/DUSK,CLEAR,DRY,"",FOUR-WAY INTERSECTION,STRAIGHT/GRADE,ASPHALT,LEFT OF CENTER,OPPOSITE DIRECTION SIDESWIPE,NORTHELMSTWESTKIRKWOODAVE,LANE CONTROL
879,ISP BLOOMINGTON 33,BLOOMINGTON,2021-10-05T00:00:00,8:10 AM,2,,0,0,0,"","","",W 3RD ST,I-69 N,"",0,"",39.1647367,-86.57403535,STATE ROAD,"",URBAN,N,N,N,"",DAYLIGHT,FOG/SMOKE/SMOG,DRY,"",RAMP,"",ASPHALT,DRIVER DISTRACTED - EXPLAIN IN NARRATIVE,REAR END,W3RDST,""
880,MONROE SD,ELLETTSVILLE,2021-10-05T00:00:00,1:57 PM,1,0,1,0,0,"","","",W REEVES RD,"","",2000,E,39.241764,-86.68435536,LOCAL/CITY ROAD,N,RURAL,N,N,N,"",DAYLIGHT,CLEAR,DRY,"",NO JUNCTION INVOLVED,CURVE/GRADE,ASPHALT,RAN OFF ROAD RIGHT,RAN OFF ROAD,NCOUNTYLINERDWREEVESRD,NONE
881,ISP BLOOMINGTON 33,BLOOMINGTON,2021-10-05T00:00:00,3:10 PM,2,,0,0,0,"","","",I-69 S,"","",0,"",39.12414799,-86.57229088,INTERSTATE,"",RURAL,N,N,N,"",DAYLIGHT,CLEAR,DRY,"",NO JUNCTION INVOLVED,"",CONCRETE,ANIMAL/OBJECT IN ROADWAY,COLLISION WITH OBJECT IN ROAD,I-69115,""
882,BLOOMINGTON PD,BLOOMINGTON,2021-10-05T00:00:00,3:11 PM,2,0,0,0,0,"","","",N KINSER PIKE,W GOURLEY PIKE,"",,"",39.185392,-86.537856,LOCAL/CITY ROAD,N,URBAN,N,N,N,"",DAYLIGHT,CLEAR,DRY,"",FOUR-WAY INTERSECTION,STRAIGHT/GRADE,ASPHALT,FAILURE TO YIELD RIGHT OF WAY,OPPOSITE DIRECTION SIDESWIPE,NORTHKINSERPIKEWESTGOURLEYPIKE,STOP SIGN
883,BLOOMINGTON PD,BLOOMINGTON,2021-10-05T00:00:00,3:13 PM,2,0,0,0,0,"","","",N WALNUT ST,SR 45/46,"",,"",39.186368,-86.5344,LOCAL/CITY ROAD,N,URBAN,Y,N,N,"",DAYLIGHT,CLEAR,DRY,"",FOUR-WAY INTERSECTION,STRAIGHT/LEVEL,ASPHALT,FAILURE TO YIELD RIGHT OF WAY,SAME DIRECTION SIDESWIPE,NWALNUTSTSR4546HWY,TRAFFIC CONTROL SIGNAL
884,MONROE SD,BLOOMINGTON,2021-10-05T00:00:00,4:21 PM,2,0,0,0,0,"","","",E MOFFETT LN,S HARRELL RD,"",,"",39.099792,-86.498448,LOCAL/CITY ROAD,N,RURAL,N,N,N,"",DAYLIGHT,CLEAR,DRY,"",T-INTERSECTION,STRAIGHT/GRADE,ASPHALT,FAILURE TO YIELD RIGHT OF WAY,RIGHT ANGLE,HARRELLRDMOFFETTLN,NONE
885,MONROE SD,BLOOMINGTON,2021-10-05T00:00:00,5:04 PM,2,0,0,0,0,3923,"","",W NORWAY CT,"","",460,E,39.203762,-86.58722783,LOCAL/CITY ROAD,N,RURAL,N,N,N,"",DAYLIGHT,CLEAR,DRY,"",NO JUNCTION INVOLVED,STRAIGHT/LEVEL,ASPHALT,OTHER (DRIVER) - EXPLAIN IN NARRATIVE,BACKING CRASH,NNORWAYDRWNORWAYCT,NONE
886,BLOOMINGTON PD,BLOOMINGTON,2021-10-05T00:00:00,6:09 PM,1,0,0,0,0,"","","",I-69 N,W 3RD ST,"",0,N,0,0,INTERSTATE,N,URBAN,N,N,N,"",DAYLIGHT,CLEAR,DRY,"",NO JUNCTION INVOLVED,STRAIGHT/LEVEL,ASPHALT,DRIVER ASLEEP OR FATIGUED,OTHER - EXPLAIN IN NARRATIVE,I69N118,NONE
887,BLOOMINGTON PD,BLOOMINGTON,2021-10-05T00:00:00,6:19 PM,2,0,0,0,0,"","","",N DUNN ST,E 15TH ST,"",40,S,39.176944,-86.528272,LOCAL/CITY ROAD,N,URBAN,N,N,N,"",DAYLIGHT,CLEAR,DRY,"",FOUR-WAY INTERSECTION,STRAIGHT/GRADE,ASPHALT,FAILURE TO YIELD RIGHT OF WAY,RIGHT ANGLE,EAST15THSTNORTHDUNNST,LANE CONTROL
888,INDIANA UNIV BLOOMINGTON PD,BLOOMINGTON,2021-10-05T00:00:00,6:30 PM,2,0,0,0,0,1005,"","",N JORDAN AVE,"","",624,E,0,0,LOCAL/CITY ROAD,Y,URBAN,N,N,N,"",DAYLIGHT,CLEAR,DRY,"",NO JUNCTION INVOLVED,STRAIGHT/LEVEL,ASPHALT,UNSAFE BACKING,BACKING CRASH,JORDANAVENFOSTERDR,NONE
889,ELLETTSVILLE PD,ELLETTSVILLE,2021-10-04T00:00:00,12:14 AM,2,0,2,0,0,"","","",SR 46,N HARTSTRAIT RD,"",,"",39.227624,-86.615919,STATE ROAD,N,URBAN,N,N,N,"",DAYLIGHT,CLEAR,DRY,"",NO JUNCTION INVOLVED,STRAIGHT/LEVEL,ASPHALT,FAILURE TO YIELD RIGHT OF WAY,HEAD ON BETWEEN TWO MOTOR VEHICLES,HARTSTRAITRDSR46W,NONE
890,BLOOMINGTON PD,BLOOMINGTON,2021-10-04T00:00:00,5:22 AM,2,0,0,0,0,"","","",N COLLEGE AVE,W 17TH ST,"",,"",39.17896,-86.53472,LOCAL/CITY ROAD,N,URBAN,N,N,N,"",DARK (LIGHTED),CLEAR,DRY,"",NO JUNCTION INVOLVED,STRAIGHT/LEVEL,ASPHALT,IMPROPER TURNING,SAME DIRECTION SIDESWIPE,17THSTCOLLEGEAVE,TRAFFIC CONTROL SIGNAL
891,BLOOMINGTON PD,BLOOMINGTON,2021-10-04T00:00:00,9:11 AM,2,0,0,0,0,1409,"","",W ALLEN ST (W/I WHITTINGTON COMMONS),"","",,"",39.155856,-86.5489696,LOCAL/CITY ROAD,Y,URBAN,N,N,N,"",UNKNOWN,"","","",NO JUNCTION INVOLVED,STRAIGHT/LEVEL,ASPHALT,IMPROPER LANE USAGE,SAME DIRECTION SIDESWIPE,WALLENST,NONE
892,BLOOMINGTON PD,BLOOMINGTON,2021-10-04T00:00:00,9:31 AM,2,0,0,0,0,"","","",W KIRKWOOD AVE,N RITTER ST,"",50,W,39.1668348,-86.55116838,LOCAL/CITY ROAD,N,URBAN,Y,N,N,"",DAYLIGHT,CLOUDY,DRY,"",NO JUNCTION INVOLVED,STRAIGHT/GRADE,ASPHALT,UNSAFE BACKING,BACKING CRASH,KIRKWOODAVERITTERST,NONE
893,INDIANA UNIV BLOOMINGTON PD,BLOOMINGTON,2021-10-04T00:00:00,11:35 AM,2,0,0,0,0,"","","",SR 45/46,E 10TH ST,"",,"",0,0,STATE ROAD,N,URBAN,N,N,N,"",DAYLIGHT,CLOUDY,DRY,"",FOUR-WAY INTERSECTION,STRAIGHT/LEVEL,ASPHALT,OTHER (DRIVER) - EXPLAIN IN NARRATIVE,REAR END,SR46UNIONVILLERD,TRAFFIC CONTROL SIGNAL
894,BLOOMINGTON PD,BLOOMINGTON,2021-10-04T00:00:00,12:48 PM,2,0,0,0,0,"","","",E 4TH ST,S DUNN ST,"",,"",39.165648,-86.528144,LOCAL/CITY ROAD,N,URBAN,N,N,N,"",DAYLIGHT,CLOUDY,DRY,"",NO JUNCTION INVOLVED,STRAIGHT/LEVEL,ASPHALT,FAILURE TO YIELD RIGHT OF WAY,SAME DIRECTION SIDESWIPE,4THSTSDUNNST,NONE
895,MONROE SD,BLOOMINGTON,2021-10-04T00:00:00,1:30 PM,2,0,1,0,0,"","","",S OLD SR 37,S DELLSVILLE RD,"",,"",39.065905,-86.541437,COUNTY ROAD,N,RURAL,N,N,N,"",DAYLIGHT,CLOUDY,DRY,"",NO JUNCTION INVOLVED,CURVE/LEVEL,ASPHALT,FOLLOWING TOO CLOSELY,REAR END,SOUTHDELLSVILLERDSOUTHOLDSTATE37RD,NONE
896,BLOOMINGTON PD,BLOOMINGTON,2021-10-04T00:00:00,1:38 PM,2,0,0,0,0,"","","",SR 48,S GATES DR,"",50,W,0,0,LOCAL/CITY ROAD,N,URBAN,N,N,N,"",DAYLIGHT,CLOUDY,DRY,"",FOUR-WAY INTERSECTION,STRAIGHT/GRADE,ASPHALT,FAILURE TO YIELD RIGHT OF WAY,SAME DIRECTION SIDESWIPE,NORTHGATESDRWEST3RDST,TRAFFIC CONTROL SIGNAL
897,BLOOMINGTON PD,BLOOMINGTON,2021-10-04T00:00:00,1:44 PM,2,0,0,0,0,"","","",N COLLEGE AVE,W 8TH ST,"",,"",39.169552,-86.534784,LOCAL/CITY ROAD,N,URBAN,N,N,N,"",DAYLIGHT,CLOUDY,DRY,"",NO JUNCTION INVOLVED,STRAIGHT/LEVEL,ASPHALT,UNSAFE LANE MOVEMENT,SAME DIRECTION SIDESWIPE,NCOLLEGEAVEW8THST,LANE CONTROL
898,BLOOMINGTON PD,BLOOMINGTON,2021-10-04T00:00:00,2:44 PM,2,0,0,0,0,"","","",W 3RD ST (N),S PATTERSON DR,"",300,W,39.16342,-86.55122303,LOCAL/CITY ROAD,N,URBAN,N,N,N,"",DAYLIGHT,CLOUDY,DRY,"",T-INTERSECTION,STRAIGHT/GRADE,ASPHALT,FOLLOWING TOO CLOSELY,REAR END,SOUTHPATTERSONDRWEST3RDST,LANE CONTROL
899,INDIANA UNIV BLOOMINGTON PD,BLOOMINGTON,2021-10-04T00:00:00,2:45 PM,2,0,0,0,0,"","","",N JORDAN AVE,E LAW LN,"",,"",39.173403,-86.515448,LOCAL/CITY ROAD,N,URBAN,N,N,N,"",DAYLIGHT,CLOUDY,DRY,"",NO JUNCTION INVOLVED,STRAIGHT/LEVEL,ASPHALT,FOLLOWING TOO CLOSELY,REAR END,ELAWLNJORDANAVE,NONE
900,BLOOMINGTON PD,BLOOMINGTON,2021-10-04T00:00:00,3:03 PM,2,0,0,0,0,"","","",SR 45/46,N KINSER PIKE,"",,"",0,0,LOCAL/CITY ROAD,N,URBAN,Y,N,N,"",DAYLIGHT,CLEAR,DRY,"",FOUR-WAY INTERSECTION,STRAIGHT/LEVEL,ASPHALT,FAILURE TO YIELD RIGHT OF WAY,SAME DIRECTION SIDESWIPE,NKINSERPIKEWSTATERD4546BYP,NONE
901,BLOOMINGTON PD,BLOOMINGTON,2021-10-04T00:00:00,3:09 PM,2,0,0,0,0,"","","",N WALNUT ST,W 6TH ST,"",,"",39.167648,-86.533584,LOCAL/CITY ROAD,Y,URBAN,N,N,N,"",DAYLIGHT,CLEAR,DRY,"",FOUR-WAY INTERSECTION,STRAIGHT/GRADE,ASPHALT,UNSAFE LANE MOVEMENT,SAME DIRECTION SIDESWIPE,NWALNUTSTW6THST,TRAFFIC CONTROL SIGNAL
902,ISP BLOOMINGTON 33,BLOOMINGTON,2021-10-04T00:00:00,8:00 PM,1,,0,0,1,"","","",I-69 N,"","",0,"",39.23718041,-86.5390036,INTERSTATE,"",RURAL,N,N,N,"",DARK (NOT LIGHTED),CLOUDY,WET,"",NO JUNCTION INVOLVED,"",ASPHALT,ANIMAL/OBJECT IN ROADWAY,COLLISION WITH DEER,I-69124,""
903,BLOOMINGTON PD,BLOOMINGTON,2021-10-03T00:00:00,8:45 AM,2,0,0,0,0,"","","",S DUNN ST,E 4TH ST,"",,"",39.165648,-86.528144,LOCAL/CITY ROAD,N,URBAN,N,N,N,"",DAYLIGHT,CLOUDY,WET,"",FOUR-WAY INTERSECTION,STRAIGHT/LEVEL,ASPHALT,IMPROPER LANE USAGE,BACKING CRASH,E4THSTSDUNNST,STOP SIGN
904,BLOOMINGTON PD,BLOOMINGTON,2021-10-03T00:00:00,9:40 AM,2,0,0,0,0,"","","",E MOORES PIKE,S CLARIZZ BLVD,"",,"",39.150326,-86.491312,LOCAL/CITY ROAD,N,URBAN,N,N,N,"",DAYLIGHT,CLOUDY,WET,"",T-INTERSECTION,STRAIGHT/GRADE,ASPHALT,FOLLOWING TOO CLOSELY,REAR END,CLARIZZBLVDMOORESPIKE,NONE
905,MONROE SD,BLOOMINGTON,2021-10-03T00:00:00,9:48 AM,1,0,0,0,0,"","","",W CHURCH LN,S ROGERS ST,"",100,W,39.107456,-86.540064,LOCAL/CITY ROAD,N,RURAL,N,N,N,"",UNKNOWN,RAIN,WET,"",NO JUNCTION INVOLVED,CURVE/GRADE,ASPHALT,ROADWAY SURFACE CONDITION,RAN OFF ROAD,SROGERSSTWCHURCHLN,LANE CONTROL
906,BLOOMINGTON PD,BLOOMINGTON,2021-10-03T00:00:00,11:00 AM,2,0,0,0,0,"","","",N GATES DR,W ALEXANDER DR,"",,"",39.17302,-86.54929749,LOCAL/CITY ROAD,N,URBAN,N,N,N,"",DARK (LIGHTED),RAIN,WET,"",FOUR-WAY INTERSECTION,STRAIGHT/LEVEL,ASPHALT,FAILURE TO YIELD RIGHT OF WAY,LEFT TURN,ALEXANDERSTGATESDR,STOP SIGN
907,MONROE SD,BLOOMINGTON,2021-10-03T00:00:00,11:35 AM,2,0,0,0,0,"","","",N HARTSTRAIT RD,W RATLIFF RD,"",,"",39.209109,-86.611378,LOCAL/CITY ROAD,N,RURAL,N,N,N,"",DAYLIGHT,CLOUDY,WET,"",NO JUNCTION INVOLVED,CURVE/HILLCREST,ASPHALT,LEFT OF CENTER,OPPOSITE DIRECTION SIDESWIPE,HARTSTRAITRDWRATLIFFRD,STOP SIGN