_id,Agency,City,Collision Date,Collision Time,Vehicles Involved,Trailers Involved,Number Injured,Number Dead,Number Deer,House Number,Roadway Interchange,Roadway Ramp,Roadway Id,Intersecting Road,Interchange,Feet From,Direction,Latitude,Longitude,Roadway Class,Hit and Run?,Locality,School Zone?,Rumble Strips?,Construction?,Construction Type,Light Condition,Weather Conditions,Surface Condition,Type of Median,Roadway Junction Type,Road Character,Roadway Surface,Primary Factor,Manner of Collision,Unique Location Id,Traffic Control
908,MONROE SD,BLOOMINGTON,2021-10-03T00:00:00,12:15 PM,1,0,0,0,0,5094,"","",SR 45,"","",2400,E,39.22883379,-86.4243407,STATE ROAD,N,RURAL,N,N,N,"",DAYLIGHT,CLEAR,WET,"",NO JUNCTION INVOLVED,CURVE/GRADE,ASPHALT,RAN OFF ROAD RIGHT,RAN OFF ROAD,NMTGILEADRDSR45E,LANE CONTROL
909,INDIANA UNIV BLOOMINGTON PD,BLOOMINGTON,2021-10-03T00:00:00,3:45 PM,2,0,1,0,0,"","","",N JORDAN AVE,E 17TH ST,"",,"",39.178844,-86.51245,LOCAL/CITY ROAD,N,URBAN,N,N,N,"",DAYLIGHT,CLOUDY,WET,"",T-INTERSECTION,STRAIGHT/LEVEL,ASPHALT,FAILURE TO YIELD RIGHT OF WAY,LEFT TURN,EAST17THSTJORDANAVE,STOP SIGN
910,BLOOMINGTON PD,BLOOMINGTON,2021-10-03T00:00:00,10:40 PM,2,0,1,0,0,"","","",SR 45/46,N KINSER PIKE,"",100,W,39.18655971,-86.53824035,STATE ROAD,N,URBAN,N,N,N,"",DARK (NOT LIGHTED),CLEAR,DRY,"",NO JUNCTION INVOLVED,STRAIGHT/LEVEL,ASPHALT,FOLLOWING TOO CLOSELY,REAR END,NKINSERPIKESR46E,TRAFFIC CONTROL SIGNAL
911,MONROE SD,BLOOMINGTON,2021-10-02T00:00:00,9:34 AM,1,0,0,0,0,"","","",SR 46,N CURRY PIKE,"",500,E,39.193635,-86.57141728,STATE ROAD,N,RURAL,N,N,N,"",DAYLIGHT,CLOUDY,DRY,"",NO JUNCTION INVOLVED,CURVE/GRADE,ASPHALT,RAN OFF ROAD RIGHT,RAN OFF ROAD,NORTHCURRYPIKESR46W,NONE
912,BLOOMINGTON PD,BLOOMINGTON,2021-10-02T00:00:00,11:49 AM,3,0,0,0,0,"","",Y,W BLOOMFIELD RD,I-69 N,"",,"",0,0,LOCAL/CITY ROAD,N,URBAN,N,N,N,"",DAYLIGHT,RAIN,WET,"",RAMP,CURVE/LEVEL,CONCRETE,FOLLOWING TOO CLOSELY,REAR END,WBLOOMFIELDRD,YIELD SIGN
913,MONROE SD,BLOOMINGTON,2021-10-02T00:00:00,11:50 AM,2,0,0,0,0,"","","",W OLD SR 37,"","",900,S,39.11764458,-86.52313,COUNTY ROAD,N,RURAL,N,N,N,"",DAYLIGHT,RAIN,WET,"",NO JUNCTION INVOLVED,STRAIGHT/GRADE,ASPHALT,FAILURE TO YIELD RIGHT OF WAY,LEFT TURN,EASTAUDUBONDRNORTHOLDSTATEROAD37RD,NONE
914,BLOOMINGTON PD,BLOOMINGTON,2021-10-02T00:00:00,1:37 PM,2,0,0,0,0,"","","",W ISAACS DR,"","",200,W,39.1633081,-86.55224008,LOCAL/CITY ROAD,N,URBAN,N,N,N,"",DAYLIGHT,CLOUDY,WET,"",NO JUNCTION INVOLVED,STRAIGHT/LEVEL,ASPHALT,OTHER (VEHICLE) - EXPLAIN IN NARRATIVE,OTHER - EXPLAIN IN NARRATIVE,SDOLIMAHAVEWISAACDR,NONE
915,BLOOMINGTON PD,BLOOMINGTON,2021-10-02T00:00:00,3:08 PM,2,0,0,0,0,"","","",E ROGERS RD,S SARE RD,"",,"",39.135917,-86.4963307,LOCAL/CITY ROAD,N,URBAN,N,N,N,"",DAYLIGHT,CLOUDY,DRY,"",FOUR-WAY INTERSECTION,CURVE/LEVEL,ASPHALT,FAILURE TO YIELD RIGHT OF WAY,RIGHT ANGLE,EROGERSRDSSARERD,NONE
916,BLOOMINGTON PD,BLOOMINGTON,2021-10-02T00:00:00,7:18 PM,2,0,0,0,0,"","","",W 10TH ST,N COLLEGE AVE,"",,"",39.171744,-86.534768,LOCAL/CITY ROAD,N,URBAN,N,N,N,"",DAWN/DUSK,CLOUDY,WET,"",T-INTERSECTION,STRAIGHT/GRADE,ASPHALT,FOLLOWING TOO CLOSELY,REAR END,NCOLLEGEAVEW10THST,TRAFFIC CONTROL SIGNAL
917,BLOOMINGTON PD,BLOOMINGTON,2021-10-02T00:00:00,9:21 PM,2,0,0,0,0,"","","",S COLLEGE MALL RD,E 3RD ST,"",,"",39.16424,-86.4984,LOCAL/CITY ROAD,N,URBAN,N,N,N,"",DARK (LIGHTED),RAIN,WET,"",NO JUNCTION INVOLVED,STRAIGHT/LEVEL,ASPHALT,FAILURE TO YIELD RIGHT OF WAY,SAME DIRECTION SIDESWIPE,3RDSTCOLLEGEMALLRD,TRAFFIC CONTROL SIGNAL
918,INDIANA UNIV BLOOMINGTON PD,BLOOMINGTON,2021-10-02T00:00:00,11:15 PM,4,0,2,0,0,"","","",E 10TH ST,N INDIANA AVE,"",154,E,39.171653,-86.52699232,LOCAL/CITY ROAD,N,URBAN,N,N,N,"",DARK (LIGHTED),RAIN,WET,"",FOUR-WAY INTERSECTION,STRAIGHT/GRADE,ASPHALT,FOLLOWING TOO CLOSELY,REAR END,INDIANAAVETENTHST,TRAFFIC CONTROL SIGNAL
919,MONROE SD,BLOOMINGTON,2021-10-01T00:00:00,6:02 AM,1,0,0,0,1,"","","",SR 446,E ALLENS CREEK RD,"",,"",39.034112,-86.408208,STATE ROAD,N,RURAL,N,Y,N,"",DARK (NOT LIGHTED),CLEAR,DRY,"",T-INTERSECTION,CURVE/GRADE,ASPHALT,ANIMAL/OBJECT IN ROADWAY,COLLISION WITH DEER,EALLENSCREEKRDSR446S,LANE CONTROL
920,MONROE SD,BLOOMINGTON,2021-10-01T00:00:00,7:20 AM,1,0,0,0,1,4131,"","",W ARLINGTON RD,"","",1200,E,39.197648,-86.558304,LOCAL/CITY ROAD,N,RURAL,N,N,N,"",DAWN/DUSK,CLEAR,DRY,"",NO JUNCTION INVOLVED,CURVE/GRADE,ASPHALT,ANIMAL/OBJECT IN ROADWAY,COLLISION WITH DEER,NSTOUTESCREEKRDWARLINGTONRD,LANE CONTROL
921,INDIANA UNIV BLOOMINGTON PD,BLOOMINGTON,2021-10-01T00:00:00,11:22 AM,2,0,0,0,0,"","","",SR 45/46,E DISCOVERY PKWY,"",,"",39.1735071,-86.5030998,STATE ROAD,N,RURAL,N,N,N,"",DAYLIGHT,CLEAR,DRY,"",T-INTERSECTION,STRAIGHT/LEVEL,ASPHALT,DRIVER DISTRACTED - EXPLAIN IN NARRATIVE,REAR END,DISCOVERYPKWYSR46S,TRAFFIC CONTROL SIGNAL
922,MONROE SD,BLOOMINGTON,2021-10-01T00:00:00,11:39 AM,1,0,0,0,0,9302,"","",S ROCKPORT RD,"","",5000,N,39.002752,-86.59,LOCAL/CITY ROAD,N,RURAL,N,N,N,"",DAYLIGHT,CLEAR,DRY,"",NO JUNCTION INVOLVED,CURVE/GRADE,ASPHALT,RAN OFF ROAD RIGHT,RAN OFF ROAD,9302SROCKPORTRDPOPCORNRD,NONE
923,BLOOMINGTON PD,BLOOMINGTON,2021-10-01T00:00:00,1:51 PM,2,0,0,0,0,1400,"","",W RCA PARK DR,"","",,"",39.14492585,-86.54700133,UNKNOWN,Y,URBAN,N,N,N,"",DAYLIGHT,CLEAR,DRY,"",NO JUNCTION INVOLVED,STRAIGHT/LEVEL,ASPHALT,UNSAFE BACKING,BACKING CRASH,WRCAPARKDR,NONE
924,BLOOMINGTON PD,BLOOMINGTON,2021-10-01T00:00:00,2:00 PM,1,0,1,0,0,"",120,A,SR 45/46,I-69 N,"",,"",0,0,STATE ROAD,N,URBAN,N,Y,N,"",DAYLIGHT,CLEAR,DRY,"",RAMP,CURVE/GRADE,ASPHALT,UNSAFE SPEED,RAN OFF ROAD,SR45W,NONE
925,BLOOMINGTON PD,BLOOMINGTON,2021-10-01T00:00:00,2:56 PM,2,0,0,0,0,"","","",S LINCOLN ST,E 1ST ST,"",,"",39.159344,-86.531088,LOCAL/CITY ROAD,N,URBAN,N,N,N,"",DAYLIGHT,CLEAR,DRY,"",FOUR-WAY INTERSECTION,STRAIGHT/LEVEL,ASPHALT,FAILURE TO YIELD RIGHT OF WAY,RIGHT ANGLE,E1STSTSLINCOLNST,STOP SIGN
926,BLOOMINGTON PD,BLOOMINGTON,2021-10-01T00:00:00,2:58 PM,2,0,0,0,0,"","","",SR 46,E 3RD ST,"",,"",39.164448,-86.471888,STATE ROAD,Y,URBAN,N,N,N,"",DAYLIGHT,CLEAR,DRY,"",FOUR-WAY INTERSECTION,STRAIGHT/LEVEL,ASPHALT,IMPROPER LANE USAGE,SAME DIRECTION SIDESWIPE,E3RDSTSR4546S,TRAFFIC CONTROL SIGNAL
927,INDIANA UNIV BLOOMINGTON PD,BLOOMINGTON,2021-10-01T00:00:00,7:48 PM,2,0,0,0,0,"","","",S INDIANA AVE,E 3RD ST,"",,"",39.164287,-86.526904,LOCAL/CITY ROAD,N,URBAN,N,N,N,"",DAWN/DUSK,CLEAR,DRY,"",FOUR-WAY INTERSECTION,STRAIGHT/LEVEL,ASPHALT,FOLLOWING TOO CLOSELY,REAR END,HENDERSONSTTHIRDST,TRAFFIC CONTROL SIGNAL
928,MONROE SD,BLOOMINGTON,2021-10-01T00:00:00,7:51 PM,2,0,0,0,0,"","","",S FAIRFAX RD,E MOFFETT LN,"",,"",39.099862,-86.51781,LOCAL/CITY ROAD,N,RURAL,N,N,N,"",DAWN/DUSK,CLEAR,DRY,"",T-INTERSECTION,CURVE/LEVEL,ASPHALT,FAILURE TO YIELD RIGHT OF WAY,RIGHT ANGLE,EMOFFETTLNSFAIRFAXRD,NONE
929,INDIANA UNIV BLOOMINGTON PD,BLOOMINGTON,2021-10-01T00:00:00,9:30 PM,2,0,0,0,0,"","","",SR 46,SR 45,"",,"",0,0,STATE ROAD,N,URBAN,N,N,N,"",DARK (NOT LIGHTED),CLEAR,DRY,"",FOUR-WAY INTERSECTION,STRAIGHT/LEVEL,ASPHALT,FAILURE TO YIELD RIGHT OF WAY,SAME DIRECTION SIDESWIPE,SR46UNIONVILLERD,TRAFFIC CONTROL SIGNAL
930,INDIANA UNIV BLOOMINGTON PD,BLOOMINGTON,2021-10-01T00:00:00,10:00 PM,2,0,1,0,0,"","","",E 10TH ST,"","",200,W,39.171564,-86.50942769,LOCAL/CITY ROAD,N,URBAN,N,N,N,"",DARK (LIGHTED),CLEAR,DRY,"",NO JUNCTION INVOLVED,STRAIGHT/LEVEL,ASPHALT,FAILURE TO YIELD RIGHT OF WAY,HEAD ON BETWEEN TWO MOTOR VEHICLES,EAST10THSTUNIONST,NONE
931,ISP BLOOMINGTON 33,BLOOMINGTON,2021-09-30T00:00:00,1:00 AM,2,,0,0,0,"","","",S PALMER AVE,"","",158,N,39.15081964,-86.5292599,LOCAL/CITY ROAD,"",URBAN,N,N,N,"",DARK (LIGHTED),CLEAR,DRY,"",NO JUNCTION INVOLVED,"",ASPHALT,OTHER (DRIVER) - EXPLAIN IN NARRATIVE,OTHER - EXPLAIN IN NARRATIVE,SPalmerAveEHillsideDr,""
932,BLOOMINGTON PD,BLOOMINGTON,2021-09-30T00:00:00,6:10 AM,1,0,0,0,0,"","","",N WASHINGTON ST,E 10TH ST,"",,"",39.171728,-86.5324,LOCAL/CITY ROAD,N,URBAN,N,N,N,"",DAWN/DUSK,CLEAR,DRY,"",FOUR-WAY INTERSECTION,STRAIGHT/LEVEL,ASPHALT,FAILURE TO YIELD RIGHT OF WAY,LEFT TURN,E10THSTNWASHINGTONST,NONE
933,ISP BLOOMINGTON 33,BLOOMINGTON,2021-09-30T00:00:00,8:55 AM,2,,1,0,0,"","","",SR 37,S WALNUT ST,"",0,"",39.08542842,-86.54248352,STATE ROAD,"",RURAL,N,N,N,"",DAYLIGHT,CLEAR,DRY,"",FOUR-WAY INTERSECTION,"",ASPHALT,UNSAFE SPEED,REAR END,SR37OldSR37S,""
934,BLOOMINGTON PD,BLOOMINGTON,2021-09-30T00:00:00,9:00 AM,2,0,0,0,0,"","","",S WALNUT ST,ENTRANCE TO STARBUCKS,"",2000,N,39.144752,-86.531888,LOCAL/CITY ROAD,N,URBAN,N,N,N,"",DAYLIGHT,CLEAR,DRY,"",NO JUNCTION INVOLVED,STRAIGHT/LEVEL,ASPHALT,UNSAFE BACKING,BACKING CRASH,ENORTHDRSWALNUTST,NONE
935,INDIANA UNIV BLOOMINGTON PD,BLOOMINGTON,2021-09-30T00:00:00,9:12 AM,2,0,0,0,0,"","","",SR 45/46,E DISCOVERY PKWY,"",,"",39.22590355,-86.61344224,STATE ROAD,N,URBAN,N,N,N,"",DAYLIGHT,CLEAR,DRY,"",NO JUNCTION INVOLVED,STRAIGHT/LEVEL,ASPHALT,FOLLOWING TOO CLOSELY,REAR END,DISCOVERYPKWYSR46S,NONE
936,MONROE SD,BLOOMINGTON,2021-09-30T00:00:00,11:18 AM,1,0,0,0,0,"","","",W ELLER RD,S RENDY LN,"",,"",39.122208,-86.615792,LOCAL/CITY ROAD,N,URBAN,N,N,N,"",DAYLIGHT,CLEAR,DRY,"",T-INTERSECTION,STRAIGHT/GRADE,ASPHALT,DRIVER ILLNESS,RAN OFF ROAD,SRENDYWAYWELLERRD,NONE
937,BLOOMINGTON PD,BLOOMINGTON,2021-09-30T00:00:00,2:00 PM,2,0,0,0,0,340,"","",SR 45,"","",,"",39.02795131,-86.7213452,LOCAL/CITY ROAD,Y,URBAN,N,N,N,"",DAYLIGHT,CLEAR,DRY,"",NO JUNCTION INVOLVED,CURVE/GRADE,ASPHALT,FAILURE TO YIELD RIGHT OF WAY,"",ESTATERD45HWY,NONE
938,BLOOMINGTON PD,BLOOMINGTON,2021-09-30T00:00:00,2:06 PM,2,0,0,0,0,"","","",S WALNUT ST,E 4TH ST,"",1000,N,39.165648,-86.5336,LOCAL/CITY ROAD,Y,URBAN,N,N,Y,"",DAYLIGHT,CLEAR,DRY,"",NO JUNCTION INVOLVED,STRAIGHT/LEVEL,ASPHALT,IMPROPER LANE USAGE,SAME DIRECTION SIDESWIPE,E4THSTSWALNUTST,NONE
939,BLOOMINGTON PD,BLOOMINGTON,2021-09-30T00:00:00,2:40 PM,2,0,0,0,0,"","","",S ROGERS ST,W CHEROKEE DR,"",,"",39.146944,-86.538856,LOCAL/CITY ROAD,N,URBAN,N,N,N,"",DAYLIGHT,CLOUDY,DRY,"",T-INTERSECTION,STRAIGHT/LEVEL,ASPHALT,BRAKE FAILURE OR DEFECTIVE,LEFT TURN,SRODGERSSTWCHEROKEEDR,NONE
940,MONROE SD,BLOOMINGTON,2021-09-30T00:00:00,3:56 PM,2,0,0,0,0,"","","",SR 46,N SMITH PIKE,"",,"",39.210144,-86.5832,STATE ROAD,N,URBAN,N,N,N,"",DAYLIGHT,CLEAR,DRY,"",FOUR-WAY INTERSECTION,STRAIGHT/LEVEL,ASPHALT,FAILURE TO YIELD RIGHT OF WAY,RIGHT ANGLE,NSMITHPIKESR46W,TRAFFIC CONTROL SIGNAL
941,MONROE SD,ELLETTSVILLE,2021-09-30T00:00:00,5:12 PM,2,0,0,0,0,"","","",SR 37,W DILLMAN RD,"",100,N,39.1035221,-86.545791,STATE ROAD,N,RURAL,N,Y,Y,LANE CLOSURE,DAYLIGHT,CLEAR,DRY,"",FOUR-WAY INTERSECTION,STRAIGHT/LEVEL,ASPHALT,IMPROPER LANE USAGE,SAME DIRECTION SIDESWIPE,SR37SWDILLMANRD,NONE
942,BLOOMINGTON PD,BLOOMINGTON,2021-09-30T00:00:00,5:14 PM,2,0,0,0,0,"","","",SR 46,E 7TH ST,"",50,N,39.17293123,-86.5002018,LOCAL/CITY ROAD,N,URBAN,N,N,N,"",DAYLIGHT,CLEAR,DRY,"",T-INTERSECTION,STRAIGHT/GRADE,ASPHALT,FAILURE TO YIELD RIGHT OF WAY,SAME DIRECTION SIDESWIPE,EAST7THSTNORTHSTATEROAD46BYP,LANE CONTROL
943,BLOOMINGTON PD,BLOOMINGTON,2021-09-30T00:00:00,5:56 PM,2,0,0,0,0,"","","",W 2ND ST,S COLLEGE AVE,"",,"",39.161366,-86.534943,LOCAL/CITY ROAD,N,URBAN,N,N,N,"",DAYLIGHT,CLEAR,DRY,"",FOUR-WAY INTERSECTION,STRAIGHT/GRADE,ASPHALT,FOLLOWING TOO CLOSELY,REAR END,SOUTHCOLLEGEAVEWEST2NDST,TRAFFIC CONTROL SIGNAL
944,BLOOMINGTON PD,BLOOMINGTON,2021-09-30T00:00:00,6:15 PM,2,0,0,0,0,"","","",W 3RD ST,S CORY LN,"",,"",39.164544,-86.560096,LOCAL/CITY ROAD,N,URBAN,N,N,N,"",DAYLIGHT,CLEAR,DRY,"",FOUR-WAY INTERSECTION,STRAIGHT/LEVEL,ASPHALT,FAILURE TO YIELD RIGHT OF WAY,LEFT TURN,SOUTHCORYLNW3RDST,TRAFFIC CONTROL SIGNAL
945,INDIANA UNIV BLOOMINGTON PD,BLOOMINGTON,2021-09-30T00:00:00,9:00 PM,1,0,0,0,0,"","","",E ATWATER AVE,S FESS AVE,"",,"",39.163132,-86.525907,LOCAL/CITY ROAD,N,URBAN,N,N,N,"",DARK (LIGHTED),CLEAR,DRY,"",T-INTERSECTION,STRAIGHT/LEVEL,CONCRETE,OTHER (DRIVER) - EXPLAIN IN NARRATIVE,NON-COLLISION,ATWATERAVEFESSAVE,LANE CONTROL
946,MONROE SD,BLOOMINGTON,2021-09-29T00:00:00,1:37 AM,1,0,0,0,0,"","","",SR 45,N RICHARDSON RD,"",,"",39.23984,-86.387696,STATE ROAD,N,RURAL,N,N,N,"",DARK (NOT LIGHTED),CLEAR,DRY,"",T-INTERSECTION,CURVE/GRADE,ASPHALT,RAN OFF ROAD RIGHT,RAN OFF ROAD,RICHARDSONRDSR45E,NONE
947,BLOOMINGTON PD,BLOOMINGTON,2021-09-29T00:00:00,2:20 AM,1,0,2,0,0,"","","",S SARE RD,E WINSTON ST,"",,"",0,0,LOCAL/CITY ROAD,N,URBAN,N,N,N,"",DARK (NOT LIGHTED),CLEAR,DRY,"",T-INTERSECTION,CURVE/GRADE,ASPHALT,UNSAFE SPEED,RAN OFF ROAD,SARERDWINSTONST,NONE
948,ELLETTSVILLE PD,ELLETTSVILLE,2021-09-29T00:00:00,8:35 AM,2,0,0,0,0,"","","",S SALE ST,W OAK ST,"",,"",39.232512,-86.626224,LOCAL/CITY ROAD,N,URBAN,N,N,N,"",DAYLIGHT,CLEAR,DRY,"",NO JUNCTION INVOLVED,STRAIGHT/HILLCREST,ASPHALT,FAILURE TO YIELD RIGHT OF WAY,LEFT TURN,OAKSTSALEST,LANE CONTROL
949,MONROE SD,ELLETTSVILLE,2021-09-29T00:00:00,11:35 AM,2,0,0,0,0,"","","",SR 46,N SMITH PIKE,"",,"",39.210144,-86.5832,STATE ROAD,N,URBAN,N,N,N,"",DAYLIGHT,CLEAR,DRY,"",T-INTERSECTION,STRAIGHT/GRADE,ASPHALT,FOLLOWING TOO CLOSELY,REAR END,NSMITHPIKESR46W,NONE
950,BLOOMINGTON PD,BLOOMINGTON,2021-09-29T00:00:00,1:51 PM,2,0,0,0,0,"","","",W 11TH ST,N LINDBERGH DR,"",50,W,39.173235,-86.55252067,LOCAL/CITY ROAD,N,URBAN,N,N,N,"",DAYLIGHT,CLEAR,DRY,"",T-INTERSECTION,STRAIGHT/GRADE,ASPHALT,LEFT OF CENTER,OPPOSITE DIRECTION SIDESWIPE,NORTHLINDBURGHDRWEST11THST,LANE CONTROL
951,INDIANA UNIV BLOOMINGTON PD,BLOOMINGTON,2021-09-29T00:00:00,3:19 PM,1,0,0,0,0,150,"","",ENTRANCE TO JORDAN PARKING GARAGE,"","",,"",39.1655783,-86.5179533,UNKNOWN,N,URBAN,N,N,N,"",DAYLIGHT,CLEAR,DRY,"",NO JUNCTION INVOLVED,CURVE/LEVEL,ASPHALT,OTHER (DRIVER) - EXPLAIN IN NARRATIVE,OTHER - EXPLAIN IN NARRATIVE,NJORDANAVE,NONE
952,BLOOMINGTON PD,BLOOMINGTON,2021-09-29T00:00:00,4:58 PM,2,0,0,0,0,"","","",W COUNTRY CLUB DR,ENTRANCE TO GREASE MONKEY,"",,"",39.1359818,-86.5310843,LOCAL/CITY ROAD,N,URBAN,N,N,N,"",DAYLIGHT,CLEAR,DRY,"",FOUR-WAY INTERSECTION,STRAIGHT/LEVEL,ASPHALT,FAILURE TO YIELD RIGHT OF WAY,RIGHT ANGLE,COUNTRYCLUBDRSWALNUTST,STOP SIGN
953,BLOOMINGTON PD,BLOOMINGTON,2021-09-29T00:00:00,7:08 PM,2,0,0,0,0,"","","",S FESS AVE,E ATWATER AVE,"",50,S,39.163328,-86.525808,LOCAL/CITY ROAD,N,URBAN,N,N,N,"",DAYLIGHT,CLEAR,DRY,"",T-INTERSECTION,STRAIGHT/LEVEL,ASPHALT,FAILURE TO YIELD RIGHT OF WAY,LEFT TURN,ATWATERAVESOUTHFESSAVE,LANE CONTROL
954,MONROE SD,BLOOMINGTON,2021-09-29T00:00:00,7:40 PM,2,0,1,0,0,"","","",S CURRY PIKE,W BELLE AVE,"",,"",39.163552,-86.582896,COUNTY ROAD,N,RURAL,N,N,N,"",DARK (LIGHTED),CLEAR,DRY,"",T-INTERSECTION,STRAIGHT/LEVEL,ASPHALT,FOLLOWING TOO CLOSELY,REAR END,SCURRYPIKEWBELLEAVE,NONE
955,MONROE SD,BLOOMINGTON,2021-09-28T00:00:00,7:19 AM,2,0,0,0,0,"","","",N HARTSTRAIT RD,"","",200,S,0,0,LOCAL/CITY ROAD,N,RURAL,N,N,N,"",DARK (NOT LIGHTED),CLEAR,DRY,"",NO JUNCTION INVOLVED,STRAIGHT/GRADE,ASPHALT,FOLLOWING TOO CLOSELY,REAR END,NHARTSTRAITRDVERNALPIKE,NONE
956,ISP BLOOMINGTON 33,BLOOMINGTON,2021-09-28T00:00:00,8:03 AM,2,,0,0,0,"","","",SR 37,"","",1250,"",39.08858608,-86.54499223,STATE ROAD,"",RURAL,N,N,Y,LANE CLOSURE,DAYLIGHT,CLEAR,DRY,"",NO JUNCTION INVOLVED,"",ASPHALT,UNSAFE LANE MOVEMENT,SAME DIRECTION SIDESWIPE,StateRd37S.WalnutSt.,""
957,BLOOMINGTON PD,BLOOMINGTON,2021-09-28T00:00:00,9:08 AM,2,0,2,0,0,"","","",S ROGERS ST,W PATTERSON DR,"",,"",39.153791,-86.538749,LOCAL/CITY ROAD,N,URBAN,N,N,N,"",DAYLIGHT,CLEAR,DRY,"",FOUR-WAY INTERSECTION,STRAIGHT/GRADE,ASPHALT,FAILURE TO YIELD RIGHT OF WAY,RIGHT ANGLE,PATTERSONDRROGERSST,TRAFFIC CONTROL SIGNAL
958,BLOOMINGTON PD,BLOOMINGTON,2021-09-28T00:00:00,12:13 PM,2,0,0,0,0,"","","",E HILLSIDE DR,S WOODLAWN AVE,"",,"",39.15072,-86.522496,LOCAL/CITY ROAD,N,URBAN,Y,N,N,"",DAYLIGHT,CLEAR,DRY,"",T-INTERSECTION,STRAIGHT/LEVEL,ASPHALT,FAILURE TO YIELD RIGHT OF WAY,RIGHT ANGLE,EHILLSIDEDRSWOODLAWNAVE,LANE CONTROL
959,INDIANA UNIV BLOOMINGTON PD,BLOOMINGTON,2021-09-28T00:00:00,1:06 PM,1,0,1,0,0,"","","",E 10TH ST,N WOODLAWN AVE,"",,"",39.171632,-86.523536,LOCAL/CITY ROAD,N,URBAN,N,N,N,"",DAYLIGHT,CLEAR,DRY,"",FOUR-WAY INTERSECTION,STRAIGHT/LEVEL,ASPHALT,FAILURE TO YIELD RIGHT OF WAY,LEFT TURN,10THSTWOODLAWNAVE,TRAFFIC CONTROL SIGNAL
960,BLOOMINGTON PD,BLOOMINGTON,2021-09-28T00:00:00,1:54 PM,2,0,0,0,0,"","","",W 3RD ST,S WALNUT ST,"",,"",39.16464,-86.5336,LOCAL/CITY ROAD,N,URBAN,N,N,Y,LANE CLOSURE,DAYLIGHT,CLEAR,DRY,"",FOUR-WAY INTERSECTION,STRAIGHT/LEVEL,ASPHALT,UNSAFE LANE MOVEMENT,SAME DIRECTION SIDESWIPE,E3RDSTSWALNUTST,NONE
961,BLOOMINGTON PD,BLOOMINGTON,2021-09-28T00:00:00,2:51 PM,2,0,0,0,0,"","","",S BASSWOOD CIR (S),S BASSWOOD DR,"",50,E,39.149456,-86.57024,LOCAL/CITY ROAD,N,URBAN,N,N,N,"",DAYLIGHT,CLEAR,DRY,"",T-INTERSECTION,STRAIGHT/LEVEL,ASPHALT,UNSAFE BACKING,BACKING CRASH,SOUTHBASSWOODCIRSOUTHBASSWOODDR,NONE
962,BLOOMINGTON PD,BLOOMINGTON,2021-09-28T00:00:00,3:18 PM,2,0,0,0,0,"","","",E RHORER RD,S WALNUT ST,"",,"",39.12144,-86.526496,LOCAL/CITY ROAD,N,URBAN,N,N,N,"",DAYLIGHT,CLEAR,DRY,"",FOUR-WAY INTERSECTION,STRAIGHT/LEVEL,ASPHALT,FOLLOWING TOO CLOSELY,REAR END,ERHORERRDSWALNUTST,TRAFFIC CONTROL SIGNAL
963,MONROE SD,BLOOMINGTON,2021-09-28T00:00:00,3:50 PM,2,1,0,0,0,"","","",SR 37,"","",1000,N,39.02275305,-86.53550942,STATE ROAD,N,RURAL,N,N,Y,LANE CLOSURE,DAYLIGHT,CLEAR,DRY,"",NO JUNCTION INVOLVED,STRAIGHT/GRADE,ASPHALT,FOLLOWING TOO CLOSELY,REAR END,MONROEDAMNRDSR37S,NONE
964,BLOOMINGTON PD,BLOOMINGTON,2021-09-28T00:00:00,4:48 PM,2,0,0,0,0,"","","",E 3RD ST,S ROOSEVELT ST,"",,"",39.164304,-86.505792,LOCAL/CITY ROAD,N,URBAN,N,N,N,"",DAYLIGHT,CLEAR,DRY,"",T-INTERSECTION,STRAIGHT/GRADE,ASPHALT,FAILURE TO YIELD RIGHT OF WAY,RIGHT ANGLE,EAST3RDSTSOUTHROOSEVELTST,LANE CONTROL
965,BLOOMINGTON PD,BLOOMINGTON,2021-09-28T00:00:00,4:59 PM,2,0,0,0,0,3205,"","",SR 45,ENTRANCE TO SAM'S CLUB,"",,"",39.144451,-86.576037,LOCAL/CITY ROAD,N,URBAN,N,N,N,"",DAYLIGHT,CLEAR,DRY,"",NO JUNCTION INVOLVED,STRAIGHT/LEVEL,ASPHALT,UNSAFE BACKING,REAR END,WSTATERD45HWY,TRAFFIC CONTROL SIGNAL
966,MONROE SD,BLOOMINGTON,2021-09-28T00:00:00,5:51 PM,2,0,0,0,0,"","","",S WALNUT ST PIKE,E RHORER RD,"",,"",39.12144,-86.526496,LOCAL/CITY ROAD,N,URBAN,N,N,N,"",DAYLIGHT,CLEAR,DRY,"",FOUR-WAY INTERSECTION,STRAIGHT/GRADE,ASPHALT,OTHER (DRIVER) - EXPLAIN IN NARRATIVE,REAR END,ERHORERRDWALNUTSTREETPIKE,TRAFFIC CONTROL SIGNAL
967,BLOOMINGTON PD,BLOOMINGTON,2021-09-28T00:00:00,7:20 PM,2,0,0,0,0,"","","",N WALNUT ST,SR 45/46,"",,"",39.186368,-86.5344,LOCAL/CITY ROAD,N,URBAN,N,N,N,"",DAYLIGHT,CLEAR,DRY,"",FOUR-WAY INTERSECTION,STRAIGHT/LEVEL,ASPHALT,FOLLOWING TOO CLOSELY,REAR END,NWALNUTSTSR45W,NONE