_id,Agency,City,Collision Date,Collision Time,Vehicles Involved,Trailers Involved,Number Injured,Number Dead,Number Deer,House Number,Roadway Interchange,Roadway Ramp,Roadway Id,Intersecting Road,Interchange,Feet From,Direction,Latitude,Longitude,Roadway Class,Hit and Run?,Locality,School Zone?,Rumble Strips?,Construction?,Construction Type,Light Condition,Weather Conditions,Surface Condition,Type of Median,Roadway Junction Type,Road Character,Roadway Surface,Primary Factor,Manner of Collision,Unique Location Id,Traffic Control
968,BLOOMINGTON PD,BLOOMINGTON,2021-09-28T00:00:00,8:53 PM,2,0,0,0,0,"","","",W 8TH ST,N SPRING ST,"",,"",39.169728,-86.5548,LOCAL/CITY ROAD,N,URBAN,N,N,N,"",DARK (NOT LIGHTED),CLEAR,DRY,"",FOUR-WAY INTERSECTION,STRAIGHT/LEVEL,ASPHALT,UNSAFE LANE MOVEMENT,SAME DIRECTION SIDESWIPE,NSPRINGSTW8THST,NONE
969,INDIANA UNIV BLOOMINGTON PD,BLOOMINGTON,2021-09-27T00:00:00,8:00 AM,1,0,0,0,0,"","","",N UNION ST,E LAW LN,"",,"",39.172319,-86.509656,LOCAL/CITY ROAD,Y,URBAN,N,N,N,"",DAYLIGHT,CLEAR,DRY,"",T-INTERSECTION,STRAIGHT/LEVEL,ASPHALT,FAILURE TO YIELD RIGHT OF WAY,LEFT TURN,LAWLNUNIONST,STOP SIGN
970,INDIANA UNIV BLOOMINGTON PD,BLOOMINGTON,2021-09-27T00:00:00,10:00 AM,2,0,0,0,0,"","","",N WOODLAWN AVE,E 17TH ST,"",,"",39.1790372,-86.523554,LOCAL/CITY ROAD,N,URBAN,N,N,N,"",DAYLIGHT,CLEAR,DRY,"",FOUR-WAY INTERSECTION,STRAIGHT/LEVEL,ASPHALT,FOLLOWING TOO CLOSELY,REAR END,EAST17THSTWOODLAWNAVE,TRAFFIC CONTROL SIGNAL
971,BLOOMINGTON PD,BLOOMINGTON,2021-09-27T00:00:00,10:27 AM,2,0,0,0,0,"","","",S MITCHELL ST,"","",500,N,39.21389739,-86.514175,LOCAL/CITY ROAD,N,URBAN,N,N,N,"",DAYLIGHT,CLEAR,DRY,"",NO JUNCTION INVOLVED,STRAIGHT/LEVEL,ASPHALT,OTHER (DRIVER) - EXPLAIN IN NARRATIVE,REAR END,E2NDSTSMITCHELLST,NONE
972,ELLETTSVILLE PD,ELLETTSVILLE,2021-09-27T00:00:00,10:45 AM,2,0,0,0,0,"","","",SR 46,"","",1500,W,39.245757,-86.63658604,STATE ROAD,N,RURAL,N,N,N,"",DAYLIGHT,CLEAR,DRY,"",NO JUNCTION INVOLVED,STRAIGHT/LEVEL,ASPHALT,LEFT OF CENTER,OTHER - EXPLAIN IN NARRATIVE,REDHILLRDSR46W,LANE CONTROL
973,BLOOMINGTON PD,BLOOMINGTON,2021-09-27T00:00:00,11:55 AM,2,0,0,0,0,"","","",N KINSER PIKE,W 17TH ST,"",,"",39.178992,-86.537792,LOCAL/CITY ROAD,N,URBAN,Y,N,N,"",DAYLIGHT,CLEAR,DRY,"",FOUR-WAY INTERSECTION,STRAIGHT/HILLCREST,ASPHALT,FOLLOWING TOO CLOSELY,REAR END,NKINSERPIKEW17THST,NONE
974,BLOOMINGTON PD,BLOOMINGTON,2021-09-27T00:00:00,1:49 PM,2,0,0,0,0,"","","",N WALNUT ST,W 10TH ST,"",,"",39.171744,-86.53352,LOCAL/CITY ROAD,N,URBAN,N,N,N,"",DAYLIGHT,CLEAR,DRY,"",FOUR-WAY INTERSECTION,STRAIGHT/GRADE,ASPHALT,FOLLOWING TOO CLOSELY,REAR END,NORTHWALNUTSTWEST10THST,TRAFFIC CONTROL SIGNAL
975,BLOOMINGTON PD,BLOOMINGTON,2021-09-27T00:00:00,3:47 PM,2,0,0,0,0,"","","",E ATWATER AVE,S EASTSIDE DR,"",,"",39.16312,-86.513088,LOCAL/CITY ROAD,N,URBAN,N,N,N,"",DAYLIGHT,CLEAR,DRY,"",FOUR-WAY INTERSECTION,STRAIGHT/GRADE,ASPHALT,FAILURE TO YIELD RIGHT OF WAY,RIGHT ANGLE,EASTATWATERAVESOUTHEASTSIDEDR,STOP SIGN
976,INDIANA UNIV BLOOMINGTON PD,BLOOMINGTON,2021-09-27T00:00:00,8:15 PM,2,0,0,0,0,"","","",N JORDAN AVE,E 10TH ST,"",,"",39.171584,-86.515629,LOCAL/CITY ROAD,N,URBAN,N,N,N,"",DAWN/DUSK,CLEAR,DRY,"",FOUR-WAY INTERSECTION,STRAIGHT/LEVEL,ASPHALT,FOLLOWING TOO CLOSELY,REAR END,JORDANAVETENTHST,TRAFFIC CONTROL SIGNAL
977,BLOOMINGTON PD,BLOOMINGTON,2021-09-26T00:00:00,3:10 AM,1,0,0,0,1,"","","",E HILLSIDE DR,S MAXWELL ST,"",150,W,39.150532,-86.51509202,LOCAL/CITY ROAD,N,URBAN,N,N,N,"",DARK (NOT LIGHTED),CLEAR,DRY,"",NO JUNCTION INVOLVED,STRAIGHT/GRADE,ASPHALT,ANIMAL/OBJECT IN ROADWAY,COLLISION WITH DEER,HILLSIDEDRMAXWELLST,LANE CONTROL
978,INDIANA UNIV BLOOMINGTON PD,BLOOMINGTON,2021-09-26T00:00:00,3:22 AM,3,0,1,0,0,"","","",N JORDAN AVE,N FISHER CT,"",,"",39.183754,-86.516856,LOCAL/CITY ROAD,N,URBAN,N,N,N,"",DARK (LIGHTED),CLEAR,DRY,"",NO JUNCTION INVOLVED,CURVE/LEVEL,ASPHALT,RAN OFF ROAD RIGHT,REAR END,NFISHERCTNJORDANAVE,NONE
979,BLOOMINGTON PD,BLOOMINGTON,2021-09-26T00:00:00,5:25 AM,1,0,0,0,0,"","","",N DUNN ST,"","",300,N,39.198528,-86.528624,LOCAL/CITY ROAD,N,URBAN,N,N,N,"",DARK (NOT LIGHTED),CLEAR,DRY,"",NO JUNCTION INVOLVED,STRAIGHT/LEVEL,ASPHALT,RAN OFF ROAD RIGHT,RAN OFF ROAD,EKENWOODPLNDUNNST,NONE
980,BLOOMINGTON PD,BLOOMINGTON,2021-09-26T00:00:00,5:27 AM,2,0,0,0,0,"","","",E 13TH ST,N INDIANA AVE,"",,"",39.175504,-86.527104,LOCAL/CITY ROAD,N,URBAN,N,N,N,"",DAYLIGHT,CLEAR,DRY,"",FOUR-WAY INTERSECTION,STRAIGHT/LEVEL,ASPHALT,FAILURE TO YIELD RIGHT OF WAY,RIGHT ANGLE,E13THSTNINDIANAAVE,STOP SIGN
981,BLOOMINGTON PD,BLOOMINGTON,2021-09-26T00:00:00,1:30 PM,3,0,4,0,0,"","","",SR 45/46,N KINSER PIKE,"",,"",39.186544,-86.537888,STATE ROAD,N,URBAN,N,Y,N,"",DAYLIGHT,CLEAR,DRY,"",FOUR-WAY INTERSECTION,STRAIGHT/LEVEL,ASPHALT,FAILURE TO YIELD RIGHT OF WAY,LEFT TURN,NKINSERPIKESR4546W,TRAFFIC CONTROL SIGNAL
982,MONROE SD,BLOOMINGTON,2021-09-26T00:00:00,5:29 PM,1,1,0,0,0,"","","",SR 48,"","",500,W,39.16345193,-86.63082546,STATE ROAD,N,RURAL,N,N,N,"",DAYLIGHT,CLEAR,DRY,"",T-INTERSECTION,CURVE/GRADE,ASPHALT,RAN OFF ROAD RIGHT,RAN OFF ROAD,CAVERDSR48W,NONE
983,BLOOMINGTON PD,BLOOMINGTON,2021-09-26T00:00:00,6:00 PM,2,0,0,0,0,"","","",E ATWATER AVE,S SWAIN AVE,"",,"",39.163152,-86.515168,LOCAL/CITY ROAD,N,URBAN,N,N,N,"",DAYLIGHT,CLEAR,DRY,"",FOUR-WAY INTERSECTION,STRAIGHT/GRADE,ASPHALT,FAILURE TO YIELD RIGHT OF WAY,RIGHT ANGLE,ATWATERAVESWAINAVE,STOP SIGN
984,MONROE SD,BLOOMINGTON,2021-09-25T00:00:00,12:32 AM,1,0,0,0,0,"","","",S WALNUT ST,"","",1000,N,39.21280949,-86.531496,LOCAL/CITY ROAD,N,RURAL,N,N,N,"",DARK (NOT LIGHTED),CLEAR,DRY,"",NO JUNCTION INVOLVED,STRAIGHT/LEVEL,ASPHALT,ANIMAL/OBJECT IN ROADWAY,COLLISION WITH DEER,FAIRFAXSTWALNUTST,NONE
985,MONROE SD,BLOOMINGTON,2021-09-25T00:00:00,6:51 AM,1,0,0,0,0,"","","",SR 48,"","",2000,E,39.1634378,-86.64606399,STATE ROAD,N,RURAL,N,N,N,"",DARK (NOT LIGHTED),RAIN,WET,"",NO JUNCTION INVOLVED,CURVE/LEVEL,ASPHALT,SPEED TOO FAST FOR WEATHER CONDITIONS,RAN OFF ROAD,SR48WWVERNALPIKE,NONE
986,MONROE SD,BLOOMINGTON,2021-09-25T00:00:00,7:50 AM,2,0,0,0,0,"","","",S ROGERS ST,W THAT RD,"",,"",39.11464,-86.539392,LOCAL/CITY ROAD,N,URBAN,N,N,N,"",DAYLIGHT,RAIN,WET,"",T-INTERSECTION,STRAIGHT/LEVEL,ASPHALT,SPEED TOO FAST FOR WEATHER CONDITIONS,RIGHT ANGLE,SROGERSSTWTHATRD,LANE CONTROL
987,MONROE SD,BLOOMINGTON,2021-09-25T00:00:00,10:39 AM,1,0,0,0,0,"","","",E FARR RD,"","",4000,E,39.306784,-86.475408,LOCAL/CITY ROAD,N,RURAL,N,N,N,"",DAYLIGHT,CLEAR,WET,"",NO JUNCTION INVOLVED,CURVE/LEVEL,ASPHALT,RAN OFF ROAD RIGHT,RAN OFF ROAD,EFARRRDNLEWISLN,NONE
988,BLOOMINGTON PD,BLOOMINGTON,2021-09-25T00:00:00,1:53 PM,2,0,0,0,0,"","","",N COLLEGE AVE,W 8TH ST,"",,"",39.169552,-86.534784,LOCAL/CITY ROAD,N,URBAN,N,N,N,"",DAYLIGHT,CLEAR,DRY,"",FOUR-WAY INTERSECTION,STRAIGHT/GRADE,ASPHALT,FAILURE TO YIELD RIGHT OF WAY,RIGHT ANGLE,NCOLLEGEAVEW8THST,STOP SIGN
989,INDIANA UNIV BLOOMINGTON PD,BLOOMINGTON,2021-09-25T00:00:00,8:14 PM,1,0,0,0,1,"","","",SR 45/46,E 17TH ST,"",,"",0,0,STATE ROAD,N,URBAN,N,N,N,"",DARK (LIGHTED),CLEAR,DRY,"",NO JUNCTION INVOLVED,CURVE/LEVEL,ASPHALT,ANIMAL/OBJECT IN ROADWAY,COLLISION WITH DEER,EAST17THSTSR46,NONE
990,BLOOMINGTON PD,BLOOMINGTON,2021-09-24T00:00:00,12:57 AM,2,0,0,0,0,"","","",N HILLSDALE DR,"","",300,S,39.16567744,-86.50328993,LOCAL/CITY ROAD,Y,URBAN,N,N,N,"",DARK (NOT LIGHTED),CLEAR,DRY,"",NO JUNCTION INVOLVED,STRAIGHT/GRADE,ASPHALT,DRIVER DISTRACTED - EXPLAIN IN NARRATIVE,REAR END,5THSTHILLSDALEDR,LANE CONTROL
991,BLOOMINGTON PD,BLOOMINGTON,2021-09-24T00:00:00,10:26 AM,2,0,0,0,0,"","","",N MORTON ST,W 11TH ST,"",,"",39.173216,-86.536,LOCAL/CITY ROAD,N,URBAN,N,N,N,"",DAYLIGHT,CLEAR,DRY,"",FOUR-WAY INTERSECTION,STRAIGHT/GRADE,ASPHALT,FAILURE TO YIELD RIGHT OF WAY,RIGHT ANGLE,NMORTONSTW11THST,LANE CONTROL
992,INDIANA UNIV BLOOMINGTON PD,BLOOMINGTON,2021-09-24T00:00:00,11:39 AM,2,0,0,0,0,"","","",N JORDAN AVE,E LAW LN,"",,"",39.173403,-86.515448,LOCAL/CITY ROAD,N,URBAN,N,N,N,"",DAYLIGHT,CLEAR,DRY,"",FOUR-WAY INTERSECTION,STRAIGHT/LEVEL,ASPHALT,IMPROPER TURNING,RIGHT TURN,ELAWLNJORDANAVE,TRAFFIC CONTROL SIGNAL
993,ISP BLOOMINGTON 33,HARRODSBURG,2021-09-24T00:00:00,12:12 PM,2,,0,0,0,"",Y,NB,E MONROE DAM RD,SR 37,"",0,"",39.02000547,-86.53635256,STATE ROAD,"",RURAL,N,N,Y,LANE CLOSURE,DAYLIGHT,CLEAR,DRY,"",RAMP,"",ASPHALT,FAILURE TO YIELD RIGHT OF WAY,SAME DIRECTION SIDESWIPE,EMonroeDamRdEMonroeDamRd,""
994,BLOOMINGTON PD,BLOOMINGTON,2021-09-24T00:00:00,12:15 PM,2,0,0,0,0,"","","",S FESS AVE,E 2ND ST,"",,"",39.16133399,-86.52684056,LOCAL/CITY ROAD,Y,URBAN,N,N,N,"",DAYLIGHT,CLEAR,DRY,"",FOUR-WAY INTERSECTION,STRAIGHT/LEVEL,ASPHALT,FAILURE TO YIELD RIGHT OF WAY,"",E2NDSTSFESSAVE,STOP SIGN
995,BLOOMINGTON PD,BLOOMINGTON,2021-09-24T00:00:00,1:25 PM,2,0,0,0,0,4023,"","",SR 48,"","",500,E,39.165031,-86.58352429,LOCAL/CITY ROAD,N,URBAN,N,N,N,"",DAYLIGHT,CLEAR,DRY,"",NO JUNCTION INVOLVED,STRAIGHT/LEVEL,ASPHALT,FAILURE TO YIELD RIGHT OF WAY,LEFT TURN,4000BLKW3RDSTHICKORYDR,LANE CONTROL
996,BLOOMINGTON PD,BLOOMINGTON,2021-09-24T00:00:00,2:52 PM,1,0,1,0,0,"","","",S WALNUT ST,"","",250,N,39.107344,-86.5264,LOCAL/CITY ROAD,N,URBAN,Y,N,N,"",DAYLIGHT,CLEAR,DRY,"",NO JUNCTION INVOLVED,CURVE/GRADE,ASPHALT,RAN OFF ROAD RIGHT,RAN OFF ROAD,SWALNUTSTPIKESWALNUTST,NONE
997,ELLETTSVILLE PD,ELLETTSVILLE,2021-09-24T00:00:00,3:44 PM,3,0,0,0,0,"","","",SR 46,N LAKEVIEW DR,"",,"",39.221152,-86.6056,STATE ROAD,N,URBAN,N,N,N,"",DAYLIGHT,CLEAR,DRY,"",NO JUNCTION INVOLVED,STRAIGHT/GRADE,ASPHALT,FOLLOWING TOO CLOSELY,REAR END,LAKEVIEWDRSR46W,LANE CONTROL
998,INDIANA UNIV BLOOMINGTON PD,BLOOMINGTON,2021-09-24T00:00:00,4:12 PM,2,0,0,0,0,"","","",S HAWTHORNE DR,E ATWATER AVE,"",,"",39.163089,-86.520197,LOCAL/CITY ROAD,N,URBAN,N,N,N,"",DAYLIGHT,CLEAR,DRY,"",FOUR-WAY INTERSECTION,STRAIGHT/LEVEL,ASPHALT,IMPROPER TURNING,LEFT TURN,ATWATERAVEHAWTHORNELN,NONE
999,MONROE SD,BLOOMINGTON,2021-09-24T00:00:00,4:43 PM,2,0,0,0,0,"","","",N KIMBLE DR,"","",520,S,39.171152,-86.567904,LOCAL/CITY ROAD,N,RURAL,N,N,N,"",DAYLIGHT,CLEAR,DRY,"",NO JUNCTION INVOLVED,STRAIGHT/LEVEL,CONCRETE,UNSAFE BACKING,BACKING CRASH,NKIMBLEDRWEVERGREENDR,NONE
1000,INDIANA UNIV BLOOMINGTON PD,BLOOMINGTON,2021-09-24T00:00:00,5:00 PM,3,0,1,0,0,"","","",E 17TH ST,N INDIANA AVE,"",,"",39.179024,-86.52706,LOCAL/CITY ROAD,N,URBAN,N,N,N,"",DAYLIGHT,CLEAR,DRY,"",NO JUNCTION INVOLVED,STRAIGHT/LEVEL,ASPHALT,FOLLOWING TOO CLOSELY,REAR END,EAST17THSTINDIANAAVE,TRAFFIC CONTROL SIGNAL
1001,BLOOMINGTON PD,BLOOMINGTON,2021-09-23T00:00:00,9:45 AM,2,0,0,0,0,"","","",SR 48,S LIBERTY DR,"",300,W,0,0,LOCAL/CITY ROAD,N,URBAN,N,N,N,"",DAYLIGHT,CLEAR,DRY,"",NO JUNCTION INVOLVED,STRAIGHT/LEVEL,ASPHALT,FOLLOWING TOO CLOSELY,REAR END,3700W3RDSTSLIBERTYDR,LANE CONTROL
1002,ISP BLOOMINGTON 33,ELLETTSVILLE,2021-09-23T00:00:00,10:12 AM,2,,0,0,0,"","","",SR 46,N SISCOE LN,"",200,"",39.27344081,-86.67377449,STATE ROAD,"",RURAL,N,N,N,"",DAYLIGHT,CLEAR,DRY,"",NO JUNCTION INVOLVED,"",ASPHALT,UNSAFE SPEED,REAR END,SR46NSISCOELANE,""
1003,BLOOMINGTON PD,BLOOMINGTON,2021-09-23T00:00:00,10:26 AM,2,0,0,0,0,"","","",W PINEWOOD DR,"","",300,W,39.131495,-86.53140604,LOCAL/CITY ROAD,N,URBAN,N,N,N,"",DAYLIGHT,CLEAR,DRY,"",NO JUNCTION INVOLVED,CURVE/LEVEL,ASPHALT,LEFT OF CENTER,OPPOSITE DIRECTION SIDESWIPE,SWALNUTSTWPINEWOODDR,NONE
1004,ISP BLOOMINGTON 33,BLOOMINGTON,2021-09-23T00:00:00,10:38 AM,2,,0,0,0,"",Y,SB,I-69 S,W TAPP RD,"",0,"",39.13160963,-86.57296571,INTERSTATE,"",RURAL,N,N,N,"",DAYLIGHT,CLEAR,DRY,"",NO JUNCTION INVOLVED,"",CONCRETE,UNSAFE LANE MOVEMENT,REAR END,I-69116,""
1005,BLOOMINGTON PD,BLOOMINGTON,2021-09-23T00:00:00,3:57 PM,2,0,0,0,0,"","","",W 2ND ST,S COLLEGE AVE,"",,"",39.161366,-86.534943,LOCAL/CITY ROAD,N,URBAN,N,N,N,"",DAYLIGHT,CLEAR,DRY,"",FOUR-WAY INTERSECTION,STRAIGHT/LEVEL,ASPHALT,FOLLOWING TOO CLOSELY,REAR END,SCOLLEGEAVEWSECONDST,TRAFFIC CONTROL SIGNAL
1006,BLOOMINGTON PD,BLOOMINGTON,2021-09-23T00:00:00,5:30 PM,2,0,1,0,0,"","","",S ROGERS ST,W HILLSIDE DR,"",100,S,39.15064,-86.538592,LOCAL/CITY ROAD,N,URBAN,N,N,N,"",DAYLIGHT,CLEAR,DRY,"",NO JUNCTION INVOLVED,STRAIGHT/LEVEL,ASPHALT,FOLLOWING TOO CLOSELY,REAR END,SROGERSSTWHILLSIDEDR,NONE
1007,INDIANA UNIV BLOOMINGTON PD,BLOOMINGTON,2021-09-23T00:00:00,6:44 PM,2,0,0,0,0,"","","",SR 45/46,E DISCOVERY PKWY,"",,"",39.171474,-86.495398,STATE ROAD,N,URBAN,N,N,N,"",DAYLIGHT,CLEAR,DRY,"",FOUR-WAY INTERSECTION,STRAIGHT/LEVEL,ASPHALT,FOLLOWING TOO CLOSELY,REAR END,DISCOVERYPKWYSR45S,TRAFFIC CONTROL SIGNAL
1008,BLOOMINGTON PD,BLOOMINGTON,2021-09-23T00:00:00,6:59 PM,2,0,0,0,0,"","","",E WINSLOW RD,S WALNUT ST,"",100,E,39.136144,-86.528688,LOCAL/CITY ROAD,N,URBAN,N,N,N,"",DAYLIGHT,CLEAR,DRY,"",NO JUNCTION INVOLVED,STRAIGHT/LEVEL,ASPHALT,FAILURE TO YIELD RIGHT OF WAY,RIGHT ANGLE,EASTWINSLOWRDSOUTHWALNUTST,LANE CONTROL
1009,BLOOMINGTON PD,BLOOMINGTON,2021-09-23T00:00:00,8:17 PM,2,0,1,0,0,"","","",S WALNUT ST,E MILLER DR,"",,"",39.146944,-86.532544,LOCAL/CITY ROAD,N,URBAN,N,N,N,"",DARK (NOT LIGHTED),CLEAR,DRY,"",T-INTERSECTION,STRAIGHT/LEVEL,ASPHALT,DISREGARD SIGNAL/REG SIGN,RIGHT ANGLE,EMILLERDRSWALNUTST,TRAFFIC CONTROL SIGNAL
1010,MONROE SD,BLOOMINGTON,2021-09-22T00:00:00,6:00 AM,1,0,0,0,0,"","","",N MT TABOR RD,W WOODLAND RD,"",150,S,39.26737727,-86.624245,LOCAL/CITY ROAD,N,RURAL,N,N,N,"",DARK (NOT LIGHTED),RAIN,WET,"",NO JUNCTION INVOLVED,STRAIGHT/GRADE,ASPHALT,ANIMAL/OBJECT IN ROADWAY,COLLISION WITH OBJECT IN ROAD,NORTHMTTABORRDWESTWOODLANDRD,NONE
1011,BLOOMINGTON PD,BLOOMINGTON,2021-09-22T00:00:00,6:45 AM,2,0,0,0,0,"","","",E MOORES PIKE,S RENWICK BLVD,"",,"",39.150078,-86.501128,LOCAL/CITY ROAD,N,URBAN,N,N,N,"",DARK (LIGHTED),RAIN,WET,"",TRAFFIC CIRCLE/ROUNDABOUT,CURVE/GRADE,ASPHALT,FAILURE TO YIELD RIGHT OF WAY,SAME DIRECTION SIDESWIPE,MOORESPIKERENWICKBLVD,ROUNDABOUT INTERSECTION
1012,MONROE SD,BLOOMINGTON,2021-09-22T00:00:00,6:50 AM,2,0,0,0,0,"","","",W VERNAL PIKE,N HARTSTRAIT RD,"",,"",39.186767,-86.611273,LOCAL/CITY ROAD,N,RURAL,N,N,N,"",DARK (NOT LIGHTED),RAIN,WET,"",FOUR-WAY INTERSECTION,STRAIGHT/LEVEL,ASPHALT,FAILURE TO YIELD RIGHT OF WAY,RIGHT ANGLE,NHARTSTRAITRDWVERNALPIKE,STOP SIGN
1013,BLOOMINGTON PD,BLOOMINGTON,2021-09-22T00:00:00,9:11 AM,2,0,0,0,0,"","","",E WINSLOW RD,S ALLENDALE DR,"",,"",39.136096,-86.516,LOCAL/CITY ROAD,N,URBAN,N,N,N,"",DAYLIGHT,RAIN,WET,"",T-INTERSECTION,STRAIGHT/GRADE,ASPHALT,FOLLOWING TOO CLOSELY,REAR END,EWINSLOWRDSALLENDALEDR,NONE
1014,BLOOMINGTON PD,BLOOMINGTON,2021-09-22T00:00:00,1:00 PM,2,0,0,0,0,"","","",N KINSER PIKE,W NORTHLANE DR,"",,"",39.182644,-86.53773,LOCAL/CITY ROAD,N,URBAN,N,N,N,"",DAYLIGHT,RAIN,WET,"",T-INTERSECTION,STRAIGHT/HILLCREST,ASPHALT,SPEED TOO FAST FOR WEATHER CONDITIONS,REAR END,KINSERPIKENORTHLANEDR,NONE
1015,BLOOMINGTON PD,BLOOMINGTON,2021-09-22T00:00:00,1:54 PM,2,0,1,0,0,"","","",SR 45,I-69 S,"",,"",39.0227067,-86.7230867,STATE ROAD,N,URBAN,N,N,N,"",DAYLIGHT,RAIN,WET,"",FOUR-WAY INTERSECTION,STRAIGHT/LEVEL,CONCRETE,FAILURE TO YIELD RIGHT OF WAY,LEFT TURN,I69OPASSR45W,TRAFFIC CONTROL SIGNAL
1016,BLOOMINGTON PD,BLOOMINGTON,2021-09-22T00:00:00,1:59 PM,2,0,1,0,0,"","","",S COLLEGE AVE,W 2ND ST,"",,"",39.161366,-86.534943,LOCAL/CITY ROAD,N,URBAN,N,N,N,"",DAYLIGHT,RAIN,WET,"",FOUR-WAY INTERSECTION,STRAIGHT/LEVEL,ASPHALT,BRAKE FAILURE OR DEFECTIVE,REAR END,SCOLLEGEAVEW2NDST,TRAFFIC CONTROL SIGNAL
1017,BLOOMINGTON PD,BLOOMINGTON,2021-09-22T00:00:00,2:22 PM,2,0,0,0,0,"","","",E BUICK CADILLAC BLVD,S AUTO MALL RD,"",,"",39.158325,-86.496141,LOCAL/CITY ROAD,Y,URBAN,N,N,N,"",DAYLIGHT,RAIN,WET,"",T-INTERSECTION,STRAIGHT/LEVEL,ASPHALT,FAILURE TO YIELD RIGHT OF WAY,LEFT TURN,AUTOMALLRDBUICKCADILLACDR,STOP SIGN
1018,BLOOMINGTON PD,BLOOMINGTON,2021-09-22T00:00:00,3:20 PM,3,0,1,0,0,"","","",E 3RD ST,S JEFFERSON ST,"",,"",39.164304,-86.506992,LOCAL/CITY ROAD,N,URBAN,N,N,N,"",DAYLIGHT,RAIN,WATER (STANDING OR MOVING),"",FOUR-WAY INTERSECTION,STRAIGHT/LEVEL,ASPHALT,FOLLOWING TOO CLOSELY,REAR END,E3RDSTSJEFFERSONST,TRAFFIC CONTROL SIGNAL
1019,INDIANA UNIV BLOOMINGTON PD,BLOOMINGTON,2021-09-22T00:00:00,3:26 PM,2,0,0,0,0,"","","",E 3RD ST,S FESS AVE,"",50,W,39.164448,-86.52596841,LOCAL/CITY ROAD,N,URBAN,N,N,N,"",DAYLIGHT,RAIN,WET,"",NO JUNCTION INVOLVED,STRAIGHT/LEVEL,ASPHALT,SPEED TOO FAST FOR WEATHER CONDITIONS,REAR END,3RDSTFESSAVE,NONE
1020,ISP BLOOMINGTON 33,BLOOMINGTON,2021-09-22T00:00:00,3:30 PM,1,,1,0,0,"","","",I-69 N,"","",0,"",39.07096365,-86.61908814,INTERSTATE,"",RURAL,N,N,N,"",DAYLIGHT,RAIN,WET,"",NO JUNCTION INVOLVED,"",CONCRETE,"",RAN OFF ROAD,I69109.5,""
1021,BLOOMINGTON PD,BLOOMINGTON,2021-09-22T00:00:00,3:53 PM,2,0,0,0,0,"","","",S HENDERSON ST,E GRIMES LN,"",,"",39.153296,-86.526965,LOCAL/CITY ROAD,Y,URBAN,N,N,N,"",DAYLIGHT,RAIN,WET,"",FOUR-WAY INTERSECTION,STRAIGHT/LEVEL,ASPHALT,DISREGARD SIGNAL/REG SIGN,RIGHT ANGLE,EGRIMESLNSHENDERSONST,STOP SIGN
1022,BLOOMINGTON PD,BLOOMINGTON,2021-09-22T00:00:00,3:55 PM,2,0,0,0,0,"","","",S WALNUT ST,W SMITH AVE,"",,"",39.162848,-86.533637,LOCAL/CITY ROAD,N,URBAN,N,N,N,"",DAYLIGHT,RAIN,WET,"",FOUR-WAY INTERSECTION,STRAIGHT/LEVEL,CONCRETE,IMPROPER TURNING,SAME DIRECTION SIDESWIPE,SOUTHWALNUTSTWESTSMITHAVE,TRAFFIC CONTROL SIGNAL
1023,BLOOMINGTON PD,BLOOMINGTON,2021-09-22T00:00:00,4:00 PM,2,0,0,0,0,"","","",S WOODLAWN AVE,E 1ST ST,"",,"",39.177952,-86.523504,LOCAL/CITY ROAD,Y,URBAN,N,N,N,"",DAYLIGHT,RAIN,WET,"",FOUR-WAY INTERSECTION,STRAIGHT/LEVEL,ASPHALT,DISREGARD SIGNAL/REG SIGN,RIGHT ANGLE,1STSTWOODLAWNAVE,STOP SIGN
1024,ISP BLOOMINGTON 33,BLOOMINGTON,2021-09-22T00:00:00,5:15 PM,1,,0,0,0,"","","",I-69 N,"","",898,N,39.28626935,-86.52006193,INTERSTATE,"",RURAL,N,N,N,"",DAYLIGHT,RAIN,WET,"",NO JUNCTION INVOLVED,"",ASPHALT,TIRE FAILURE OR DEFECTIVE,"",I69NB898'northof127MM,""
1025,BLOOMINGTON PD,BLOOMINGTON,2021-09-22T00:00:00,5:21 PM,1,0,0,0,0,"",120B,2,I-69 N,SR 45/46,"",,"",0,0,STATE ROAD,N,URBAN,N,N,N,"",DAYLIGHT,RAIN,WET,"",RAMP,STRAIGHT/LEVEL,CONCRETE,ROADWAY SURFACE CONDITION,NON-COLLISION,SR69N,NONE
1026,BLOOMINGTON PD,BLOOMINGTON,2021-09-22T00:00:00,5:34 PM,2,0,0,0,0,"","","",E MILLER DR,S PARK AVE,"",,"",39.146892,-86.524284,LOCAL/CITY ROAD,N,URBAN,N,N,N,"",DAYLIGHT,RAIN,WET,"",T-INTERSECTION,STRAIGHT/GRADE,ASPHALT,FOLLOWING TOO CLOSELY,REAR END,EASTMILLERDRSOUTHPARKAVE,LANE CONTROL
1027,MONROE SD,BLOOMINGTON,2021-09-22T00:00:00,5:40 PM,2,1,0,0,0,"","","",S VICTOR PIKE,CLEAR CREEK TRAIL,"",1000,S,39.11214256,-86.54786725,LOCAL/CITY ROAD,N,RURAL,N,N,N,"",DAYLIGHT,RAIN,WET,"",NO JUNCTION INVOLVED,STRAIGHT/GRADE,ASPHALT,ANIMAL/OBJECT IN ROADWAY,REAR END,THATRDVICTORPIKE,NONE