_id,Agency,City,Collision Date,Collision Time,Vehicles Involved,Trailers Involved,Number Injured,Number Dead,Number Deer,House Number,Roadway Interchange,Roadway Ramp,Roadway Id,Intersecting Road,Interchange,Feet From,Direction,Latitude,Longitude,Roadway Class,Hit and Run?,Locality,School Zone?,Rumble Strips?,Construction?,Construction Type,Light Condition,Weather Conditions,Surface Condition,Type of Median,Roadway Junction Type,Road Character,Roadway Surface,Primary Factor,Manner of Collision,Unique Location Id,Traffic Control
1028,BLOOMINGTON PD,BLOOMINGTON,2021-09-22T00:00:00,6:29 PM,1,0,1,0,0,"","","",N WOODLAWN AVE,E 11TH ST,"",,"",39.17344,-86.523616,LOCAL/CITY ROAD,N,URBAN,N,N,N,"",DAYLIGHT,RAIN,WET,"",FOUR-WAY INTERSECTION,STRAIGHT/GRADE,ASPHALT,DISREGARD SIGNAL/REG SIGN,COLLISION WITH OBJECT IN ROAD,EAST11THSTNORTHWOODLAWNAVE,STOP SIGN
1029,INDIANA UNIV BLOOMINGTON PD,BLOOMINGTON,2021-09-22T00:00:00,6:32 PM,2,0,0,0,0,"","","",N JORDAN AVE,E 10TH ST,"",,"",39.171584,-86.515629,LOCAL/CITY ROAD,N,URBAN,N,N,N,"",DAYLIGHT,RAIN,WET,"",FOUR-WAY INTERSECTION,STRAIGHT/LEVEL,ASPHALT,UNSAFE LANE MOVEMENT,SAME DIRECTION SIDESWIPE,JORDANAVETENTHST,TRAFFIC CONTROL SIGNAL
1030,MONROE SD,BLOOMINGTON,2021-09-22T00:00:00,9:59 PM,2,0,2,0,0,"","","",S FAIRFAX RD,E SANDERS SECOND AVE,"",20,N,39.08416443,-86.515764,COUNTY ROAD,N,RURAL,N,N,N,"",DARK (NOT LIGHTED),RAIN,WET,"",T-INTERSECTION,CURVE/LEVEL,ASPHALT,SPEED TOO FAST FOR WEATHER CONDITIONS,HEAD ON BETWEEN TWO MOTOR VEHICLES,SFAIRFAXRDSANDERS2NDAVE,NONE
1031,BLOOMINGTON PD,BLOOMINGTON,2021-09-21T00:00:00,12:53 PM,2,0,0,0,0,"","","",E 4TH ST,"","",300,E,39.165297,-86.53090295,LOCAL/CITY ROAD,N,URBAN,N,N,N,"",DAYLIGHT,CLEAR,DRY,"",NO JUNCTION INVOLVED,STRAIGHT/LEVEL,ASPHALT,IMPROPER LANE USAGE,SAME DIRECTION SIDESWIPE,300STE4THST,NONE
1032,BLOOMINGTON PD,BLOOMINGTON,2021-09-21T00:00:00,3:16 PM,2,0,0,0,0,"","","",N WOODLAWN AVE,E 13TH ST,"",,"",39.175344,-86.523488,LOCAL/CITY ROAD,N,URBAN,N,N,N,"",DAYLIGHT,CLOUDY,DRY,"",FOUR-WAY INTERSECTION,STRAIGHT/GRADE,ASPHALT,FAILURE TO YIELD RIGHT OF WAY,RIGHT ANGLE,EAST13THSTNORTHWOODLAWNAVE,STOP SIGN
1033,BLOOMINGTON PD,BLOOMINGTON,2021-09-21T00:00:00,5:09 PM,2,0,0,0,0,"","","",N PROW RD,W ARLINGTON RD,"",,"",39.192352,-86.552592,LOCAL/CITY ROAD,N,URBAN,Y,N,N,"",DAYLIGHT,CLOUDY,DRY,"",T-INTERSECTION,STRAIGHT/LEVEL,ASPHALT,UNSAFE BACKING,REAR END,NPROWRDWARLINGTONRD,STOP SIGN
1034,ELLETTSVILLE PD,ELLETTSVILLE,2021-09-21T00:00:00,5:31 PM,2,0,0,0,0,"","","",SR 46,N OUTBACK RD,"",,"",39.2153592,-86.5930113,STATE ROAD,N,URBAN,N,N,N,"",DAWN/DUSK,CLOUDY,DRY,"",FOUR-WAY INTERSECTION,STRAIGHT/LEVEL,ASPHALT,DISREGARD SIGNAL/REG SIGN,RIGHT ANGLE,OUTBACKRDSR46W,TRAFFIC CONTROL SIGNAL
1035,ISP BLOOMINGTON 33,BLOOMINGTON,2021-09-21T00:00:00,5:55 PM,2,,0,0,0,"","","",I-69 N,"","",0,"",39.04910018,-86.67983712,INTERSTATE,"",RURAL,N,N,N,"",DAYLIGHT,CLOUDY,WET,"",NO JUNCTION INVOLVED,"",CONCRETE,UNSAFE SPEED,REAR END,I69105,""
1036,ISP BLOOMINGTON 33,BLOOMINGTON,2021-09-21T00:00:00,5:55 PM,1,,1,0,1,"","","",I-69 N,"","",0,"",39.07803606,-86.58355088,INTERSTATE,"",RURAL,N,N,N,"",DAYLIGHT,RAIN,WET,"",NO JUNCTION INVOLVED,"",ASPHALT,ANIMAL/OBJECT IN ROADWAY,COLLISION WITH DEER,I-69111.5,""
1037,BLOOMINGTON PD,BLOOMINGTON,2021-09-21T00:00:00,6:09 PM,2,0,0,0,0,"","","",N ROGERS ST,W KIRKWOOD AVE,"",,"",39.166672,-86.538608,LOCAL/CITY ROAD,N,URBAN,N,N,N,"",DAYLIGHT,RAIN,WET,"",FOUR-WAY INTERSECTION,STRAIGHT/LEVEL,ASPHALT,UNSAFE LANE MOVEMENT,RIGHT ANGLE,SROGERSSTWKIRKWOODAVE,TRAFFIC CONTROL SIGNAL
1038,BLOOMINGTON PD,BLOOMINGTON,2021-09-21T00:00:00,7:46 PM,2,0,0,0,0,"","","",W KIRKWOOD AVE,S WALNUT ST,"",,"",39.16664,-86.5336,LOCAL/CITY ROAD,N,URBAN,N,N,N,"",DARK (LIGHTED),CLOUDY,DRY,"",FOUR-WAY INTERSECTION,STRAIGHT/LEVEL,ASPHALT,UNSAFE BACKING,BACKING CRASH,SWALNUTSTWKIRKWOODAVE,TRAFFIC CONTROL SIGNAL
1039,MONROE SD,BLOOMINGTON,2021-09-21T00:00:00,8:09 PM,1,0,0,0,0,"","","",E ROGERS RD,S SNODDY RD,"",,"",39.135778,-86.489628,COUNTY ROAD,N,URBAN,N,N,N,"",DARK (NOT LIGHTED),RAIN,WET,"",T-INTERSECTION,STRAIGHT/HILLCREST,ASPHALT,OTHER (DRIVER) - EXPLAIN IN NARRATIVE,RAN OFF ROAD,ROGERSRDSNODDYRD,STOP SIGN
1040,MONROE SD,BLOOMINGTON,2021-09-21T00:00:00,8:59 PM,1,0,0,0,0,"","","",SR 46,N GETTYS CREEK RD,"",,"",39.162973,-86.41451,STATE ROAD,N,RURAL,N,N,N,"",DARK (NOT LIGHTED),RAIN,WET,"",NO JUNCTION INVOLVED,CURVE/LEVEL,ASPHALT,RAN OFF ROAD RIGHT,RAN OFF ROAD,NGETTYSCREEKRDSR46W,LANE CONTROL
1041,INDIANA UNIV BLOOMINGTON PD,BLOOMINGTON,2021-09-21T00:00:00,9:20 PM,2,0,0,0,0,"","","",N FORREST AVE (E),E 7TH ST,"",,"",39.168465,-86.521139,LOCAL/CITY ROAD,N,URBAN,N,N,N,"",DARK (LIGHTED),RAIN,WET,"",T-INTERSECTION,STRAIGHT/LEVEL,ASPHALT,FAILURE TO YIELD RIGHT OF WAY,RIGHT ANGLE,E7THSTNFORRESTAVE,STOP SIGN
1042,MONROE SD,BLOOMINGTON,2021-09-20T00:00:00,5:37 AM,2,0,0,0,0,"","","",SR 46,N CURRY PIKE,"",,"",39.193635,-86.571374,STATE ROAD,N,RURAL,N,N,N,"",DARK (LIGHTED),RAIN,WET,"",NO JUNCTION INVOLVED,STRAIGHT/GRADE,ASPHALT,DISREGARD SIGNAL/REG SIGN,LEFT/RIGHT TURN,NCURRYPIKESR46W,TRAFFIC CONTROL SIGNAL
1043,MONROE SD,BLOOMINGTON,2021-09-20T00:00:00,8:08 AM,2,0,0,0,0,"","","",S CURRY PIKE,W ROLL AVE,"",,"",39.14744,-86.582592,LOCAL/CITY ROAD,N,URBAN,N,N,N,"",DAWN/DUSK,RAIN,WET,"",T-INTERSECTION,STRAIGHT/GRADE,ASPHALT,SPEED TOO FAST FOR WEATHER CONDITIONS,REAR END,SCURRYPIKEWROLLAVE,NONE
1044,ISP BLOOMINGTON 33,BLOOMINGTON,2021-09-20T00:00:00,9:31 AM,2,,0,0,0,"",118,B,W 3RD ST,I-69 N,"",0,"",39.16464623,-86.57250649,STATE ROAD,"",URBAN,N,N,N,"",DAYLIGHT,CLOUDY,WET,"",NO JUNCTION INVOLVED,"",CONCRETE,OTHER (VEHICLE) - EXPLAIN IN NARRATIVE,SAME DIRECTION SIDESWIPE,SR48atI69-118-B,""
1045,ELLETTSVILLE PD,ELLETTSVILLE,2021-09-20T00:00:00,10:10 AM,2,0,0,0,0,"","","",SR 46,N HARTSTRAIT RD,"",,"",39.227624,-86.615919,STATE ROAD,Y,"",N,N,N,"",DAYLIGHT,CLEAR,DRY,"",NO JUNCTION INVOLVED,STRAIGHT/LEVEL,ASPHALT,FAILURE TO YIELD RIGHT OF WAY,LEFT TURN,HARTSTRAITRDSR46W,TRAFFIC CONTROL SIGNAL
1046,BLOOMINGTON PD,BLOOMINGTON,2021-09-20T00:00:00,10:20 AM,2,0,0,0,0,"","","",S ADAMS ST,W KIRKWOOD AVE,"",100,S,39.1665549,-86.54959749,LOCAL/CITY ROAD,Y,URBAN,N,N,N,"",DAYLIGHT,CLOUDY,DRY,"",NO JUNCTION INVOLVED,CURVE/GRADE,ASPHALT,IMPROPER LANE USAGE,OPPOSITE DIRECTION SIDESWIPE,ADAMSSTKIRKWOODAVE,LANE CONTROL
1047,ISP BLOOMINGTON 33,BLOOMINGTON,2021-09-20T00:00:00,11:40 AM,2,,0,0,0,"","","",I-69 S,"","",704,"",39.13423474,-86.57331652,INTERSTATE,"",URBAN,N,N,N,"",DAYLIGHT,CLOUDY,DRY,"",NO JUNCTION INVOLVED,"",ASPHALT,UNSAFE LANE MOVEMENT,SAME DIRECTION SIDESWIPE,116MMI69SB,""
1048,BLOOMINGTON PD,BLOOMINGTON,2021-09-20T00:00:00,1:55 PM,2,0,1,0,0,"","","",N SMITH RD,E MORNINGSIDE DR,"",,"",39.166432,-86.4812,LOCAL/CITY ROAD,N,URBAN,N,N,N,"",DAYLIGHT,RAIN,WET,"",FOUR-WAY INTERSECTION,CURVE/GRADE,ASPHALT,FOLLOWING TOO CLOSELY,REAR END,EMORNINGSIDEDRSSMITHRD,LANE CONTROL
1049,INDIANA UNIV BLOOMINGTON PD,BLOOMINGTON,2021-09-20T00:00:00,2:08 PM,2,0,1,0,0,"","","",N FEE LN,N JORDAN AVE,"",,"",39.18375035,-86.51637809,LOCAL/CITY ROAD,N,URBAN,N,N,N,"",DAYLIGHT,RAIN,WET,"",FOUR-WAY INTERSECTION,STRAIGHT/LEVEL,ASPHALT,FOLLOWING TOO CLOSELY,REAR END,FEELNJORDANAVE,STOP SIGN
1050,BLOOMINGTON PD,BLOOMINGTON,2021-09-20T00:00:00,3:23 PM,2,0,0,0,0,"","","",N KINSER PIKE,W PARRISH RD,"",,"",39.188144,-86.5376,LOCAL/CITY ROAD,N,URBAN,N,N,N,"",DAYLIGHT,RAIN,WET,"",T-INTERSECTION,STRAIGHT/GRADE,ASPHALT,FOLLOWING TOO CLOSELY,REAR END,NORTHKINSERPIKEWESTPARRISHRD,LANE CONTROL
1051,BLOOMINGTON PD,BLOOMINGTON,2021-09-20T00:00:00,3:30 PM,2,0,1,0,0,"","","",S CURRY PIKE,SR 45,"",,"",0,0,"",Y,URBAN,N,N,N,"",DAYLIGHT,RAIN,WET,"",FOUR-WAY INTERSECTION,STRAIGHT/LEVEL,ASPHALT,FOLLOWING TOO CLOSELY,REAR END,CURRYPIKESR48,TRAFFIC CONTROL SIGNAL
1052,MONROE SD,BLOOMINGTON,2021-09-20T00:00:00,3:48 PM,2,0,0,0,0,"",116,S,I-69 S,W TAPP RD,"",,"",0,0,INTERSTATE,N,RURAL,N,N,N,"",DAYLIGHT,CLOUDY,DRY,"",RAMP,STRAIGHT/LEVEL,ASPHALT,FOLLOWING TOO CLOSELY,REAR END,I69S,NONE
1053,INDIANA UNIV BLOOMINGTON PD,BLOOMINGTON,2021-09-20T00:00:00,3:55 PM,1,0,0,0,0,"","","",N HEADLEY RD,"","",200,S,39.16857254,-86.514522,LOCAL/CITY ROAD,N,URBAN,N,N,N,"",DAYLIGHT,RAIN,WET,"",NO JUNCTION INVOLVED,CURVE/HILLCREST,ASPHALT,OVERCORRECTING/OVERSTEERING,RAN OFF ROAD,HEADLYRDTREADWELLLN,NONE
1054,BLOOMINGTON PD,BLOOMINGTON,2021-09-20T00:00:00,4:23 PM,2,0,0,0,0,"","","",W 3RD ST,S MULLER PKWY,"",200,E,39.164469,-86.56272631,LOCAL/CITY ROAD,Y,URBAN,N,N,N,"",DAYLIGHT,CLOUDY,WET,"",NO JUNCTION INVOLVED,STRAIGHT/LEVEL,ASPHALT,UNSAFE LANE MOVEMENT,SAME DIRECTION SIDESWIPE,SMULLERPKWYW3RDST,NONE
1055,BLOOMINGTON PD,BLOOMINGTON,2021-09-20T00:00:00,4:55 PM,2,0,2,0,0,"","","",SR 45/46,N KINSER PIKE,"",,"",39.186544,-86.537888,STATE ROAD,N,URBAN,N,Y,N,"",DAYLIGHT,CLOUDY,WET,"",FOUR-WAY INTERSECTION,STRAIGHT/LEVEL,ASPHALT,FAILURE TO YIELD RIGHT OF WAY,LEFT TURN,NKINSERPIKESR4546E,TRAFFIC CONTROL SIGNAL
1056,BLOOMINGTON PD,BLOOMINGTON,2021-09-20T00:00:00,8:32 PM,2,0,1,0,0,"","","",S SARE RD,E DAVID DR,"",150,S,39.12272488,-86.496552,LOCAL/CITY ROAD,N,URBAN,N,N,N,"",DARK (NOT LIGHTED),CLOUDY,MUDDY,"",T-INTERSECTION,STRAIGHT/HILLCREST,ASPHALT,FOLLOWING TOO CLOSELY,REAR END,EASTDAVIDDRSOUTHSARERD,LANE CONTROL
1057,MONROE SD,BLOOMINGTON,2021-09-20T00:00:00,11:15 PM,1,0,0,0,0,3270,"","",E ROBINSON RD,"","",,"",39.240678,-86.497539,COUNTY ROAD,N,RURAL,N,N,N,"",DARK (NOT LIGHTED),CLOUDY,DRY,"",NO JUNCTION INVOLVED,CURVE/GRADE,ASPHALT,RAN OFF ROAD RIGHT,RAN OFF ROAD,ROBINSONRD,NONE
1058,BLOOMINGTON PD,BLOOMINGTON,2021-09-19T00:00:00,12:28 AM,3,0,0,0,0,"","","",SR 46,E 7TH ST,"",,"",39.167648,-86.500096,STATE ROAD,N,URBAN,N,N,N,"",DAYLIGHT,CLEAR,DRY,"",NO JUNCTION INVOLVED,STRAIGHT/GRADE,ASPHALT,FOLLOWING TOO CLOSELY,REAR END,7THSTSR46E,NONE
1059,MONROE SD,BLOOMINGTON,2021-09-19T00:00:00,12:35 AM,1,0,1,0,0,7155,"","",SR 45,"","",100,W,39.22755771,-86.43445148,STATE ROAD,N,URBAN,N,N,N,"",DARK (NOT LIGHTED),CLEAR,DRY,"",NO JUNCTION INVOLVED,CURVE/GRADE,ASPHALT,RAN OFF ROAD RIGHT,RAN OFF ROAD,SKIRVINLNSR45E,LANE CONTROL
1060,MONROE SD,BLOOMINGTON,2021-09-19T00:00:00,2:40 AM,1,0,0,0,0,"","","",I-69 S,"","",0,S,0,0,STATE ROAD,N,URBAN,N,N,N,"",DARK (NOT LIGHTED),CLEAR,DRY,"",NO JUNCTION INVOLVED,STRAIGHT/LEVEL,ASPHALT,DRIVER ASLEEP OR FATIGUED,RAN OFF ROAD,SR69S119.0,LANE CONTROL
1061,BLOOMINGTON PD,BLOOMINGTON,2021-09-19T00:00:00,2:15 PM,2,0,0,0,0,"","","",SR 46,E 7TH ST,"",,"",39.17429126,-86.50342273,STATE ROAD,N,URBAN,N,N,N,"",DAYLIGHT,CLEAR,DRY,"",T-INTERSECTION,STRAIGHT/LEVEL,ASPHALT,FOLLOWING TOO CLOSELY,REAR END,RANGERDSR45,NONE
1062,BLOOMINGTON PD,BLOOMINGTON,2021-09-19T00:00:00,3:16 PM,2,0,0,0,0,"","","",N WILLIS DR,W 17TH ST,"",,"",39.179104,-86.544016,LOCAL/CITY ROAD,N,URBAN,N,N,N,"",DAYLIGHT,CLEAR,DRY,"",T-INTERSECTION,STRAIGHT/LEVEL,ASPHALT,IMPROPER TURNING,HEAD ON BETWEEN TWO MOTOR VEHICLES,NWILLISDRW17THST,STOP SIGN
1063,BLOOMINGTON PD,BLOOMINGTON,2021-09-19T00:00:00,4:57 PM,3,0,0,0,0,"","","",S COLLEGE MALL RD,E 2ND ST,"",100,S,39.15035845,-86.4977835,LOCAL/CITY ROAD,N,URBAN,N,N,N,"",DAYLIGHT,CLEAR,DRY,"",FOUR-WAY INTERSECTION,STRAIGHT/LEVEL,ASPHALT,UNSAFE LANE MOVEMENT,SAME DIRECTION SIDESWIPE,E2NDSTSCOLLEGEMALLRD,TRAFFIC CONTROL SIGNAL
1064,BLOOMINGTON PD,BLOOMINGTON,2021-09-19T00:00:00,7:24 PM,2,0,0,0,0,"","","",S BASSWOOD DR,W BLOOMFIELD RD,"",100,N,39.16038765,-86.5689428,LOCAL/CITY ROAD,N,URBAN,N,N,N,"",DAWN/DUSK,CLOUDY,WET,"",FOUR-WAY INTERSECTION,CURVE/LEVEL,ASPHALT,ROADWAY SURFACE CONDITION,OPPOSITE DIRECTION SIDESWIPE,BASSWOODDRBLOOMFIELDRD,NONE
1065,INDIANA UNIV BLOOMINGTON PD,BLOOMINGTON,2021-09-19T00:00:00,11:56 PM,2,0,0,0,0,"","","",SR 45/46,E DISCOVERY PKWY,"",70,S,39.21848986,-86.61344224,STATE ROAD,N,URBAN,N,N,N,"",DAYLIGHT,CLEAR,DRY,"",NO JUNCTION INVOLVED,STRAIGHT/LEVEL,ASPHALT,FOLLOWING TOO CLOSELY,REAR END,DISCOVERYPKWYSR46S,NONE
1066,INDIANA UNIV BLOOMINGTON PD,BLOOMINGTON,2021-09-18T00:00:00,12:13 AM,2,0,0,0,0,"","","",E 10TH ST,N FEE LN,"",,"",39.171606,-86.519002,LOCAL/CITY ROAD,N,URBAN,N,N,N,"",DARK (LIGHTED),CLEAR,DRY,"",NO JUNCTION INVOLVED,STRAIGHT/LEVEL,ASPHALT,DRIVER DISTRACTED - EXPLAIN IN NARRATIVE,REAR END,FEELNTENTHST,NONE
1067,BLOOMINGTON PD,BLOOMINGTON,2021-09-18T00:00:00,1:40 AM,2,0,0,0,0,"","","",N LINCOLN ST,E 9TH ST,"",,"",39.170544,-86.530992,LOCAL/CITY ROAD,N,URBAN,N,N,N,"",DARK (LIGHTED),CLEAR,DRY,"",T-INTERSECTION,STRAIGHT/GRADE,ASPHALT,IMPROPER LANE USAGE,SAME DIRECTION SIDESWIPE,9THSTNLINCOLNST,NONE
1068,BLOOMINGTON PD,BLOOMINGTON,2021-09-18T00:00:00,10:00 AM,2,0,0,0,0,501,"","",E DODDS ST,S DUNN ST,"",,"",39.157634,-86.527924,LOCAL/CITY ROAD,Y,URBAN,N,N,N,"",DAYLIGHT,CLEAR,DRY,"",NO JUNCTION INVOLVED,STRAIGHT/LEVEL,ASPHALT,FAILURE TO YIELD RIGHT OF WAY,"",EDODDSST,NONE
1069,BLOOMINGTON PD,BLOOMINGTON,2021-09-18T00:00:00,10:51 AM,3,0,2,0,0,"","","",SR 46,SR 46,"",,"",39.16424,-86.4984,STATE ROAD,N,URBAN,N,N,N,"",DAYLIGHT,CLEAR,DRY,"",FOUR-WAY INTERSECTION,STRAIGHT/LEVEL,ASPHALT,DRIVER ILLNESS,LEFT TURN,COLLEGEMALLRDSR46W,TRAFFIC CONTROL SIGNAL
1070,BLOOMINGTON PD,BLOOMINGTON,2021-09-18T00:00:00,11:00 AM,2,0,0,0,0,"","","",W ALLEN ST,"","",500,W,39.155952,-86.550592,LOCAL/CITY ROAD,N,URBAN,N,N,N,"",DAYLIGHT,CLEAR,DRY,"",NO JUNCTION INVOLVED,STRAIGHT/GRADE,ASPHALT,LEFT OF CENTER,OPPOSITE DIRECTION SIDESWIPE,SADAMSSTWALLENST,LANE CONTROL
1071,ELLETTSVILLE PD,ELLETTSVILLE,2021-09-18T00:00:00,11:53 AM,2,0,0,0,0,"","","",SR 46,N UNION VALLEY RD,"",,"",39.215152,-86.5928,STATE ROAD,N,URBAN,N,N,N,"",DAYLIGHT,CLEAR,DRY,"",NO JUNCTION INVOLVED,STRAIGHT/LEVEL,ASPHALT,FOLLOWING TOO CLOSELY,REAR END,SR46WUNIONVALLEYDR,TRAFFIC CONTROL SIGNAL
1072,MONROE SD,BLOOMINGTON,2021-09-18T00:00:00,3:30 PM,1,0,0,0,0,"","","",SR 37,"","",1000,S,0,0,"",Y,RURAL,N,N,Y,LANE CLOSURE,DAYLIGHT,CLEAR,DRY,"",NO JUNCTION INVOLVED,CURVE/LEVEL,ASPHALT,OTHER (DRIVER) - EXPLAIN IN NARRATIVE,OTHER - EXPLAIN IN NARRATIVE,SR37SWVICTORPIKE,NONE
1073,BLOOMINGTON PD,BLOOMINGTON,2021-09-18T00:00:00,4:39 PM,2,0,0,0,0,"","","",N WALNUT ST,W KIRKWOOD AVE,"",,"",39.16664,-86.5336,LOCAL/CITY ROAD,N,URBAN,N,N,N,"",DAYLIGHT,CLEAR,DRY,"",FOUR-WAY INTERSECTION,STRAIGHT/LEVEL,ASPHALT,UNSAFE LANE MOVEMENT,SAME DIRECTION SIDESWIPE,NWALNUTSTWKIRKWOODAVE,TRAFFIC CONTROL SIGNAL
1074,BLOOMINGTON PD,BLOOMINGTON,2021-09-18T00:00:00,5:11 PM,2,0,0,0,0,"","","",N WASHINGTON ST,E 12TH ST,"",,"",39.174368,-86.5324,LOCAL/CITY ROAD,Y,URBAN,N,N,N,"",UNKNOWN,CLEAR,DRY,"",T-INTERSECTION,STRAIGHT/LEVEL,ASPHALT,UNSAFE BACKING,BACKING CRASH,E12THSTNWASHINGTONST,NONE
1075,MONROE SD,BLOOMINGTON,2021-09-18T00:00:00,11:00 PM,2,0,0,0,0,5736,"","",SR 46,"","",,"",39.16354,-86.44873,UNKNOWN,N,RURAL,N,N,N,"",DARK (NOT LIGHTED),CLEAR,DRY,"",NO JUNCTION INVOLVED,CURVE/GRADE,ASPHALT,UNSAFE BACKING,RIGHT ANGLE,ESTRD46HWY,LANE CONTROL
1076,INDIANA UNIV BLOOMINGTON PD,BLOOMINGTON,2021-09-18T00:00:00,11:29 PM,2,0,0,0,0,"","","",N DUNN ST,ENTRANCE TO IU PARKING LOT 9,"",450,N,39.23059733,-86.52834,LOCAL/CITY ROAD,N,URBAN,N,N,N,"",DARK (LIGHTED),CLEAR,DRY,"",NO JUNCTION INVOLVED,STRAIGHT/LEVEL,ASPHALT,DRIVER DISTRACTED - EXPLAIN IN NARRATIVE,REAR END,DUNNSTEVARSITYLN,LANE CONTROL
1077,BLOOMINGTON PD,BLOOMINGTON,2021-09-17T00:00:00,12:08 AM,4,0,0,0,0,"","","",E 3RD ST,S HILLSDALE DR,"",500,W,39.16424,-86.50260174,LOCAL/CITY ROAD,N,URBAN,N,N,N,"",DAYLIGHT,CLEAR,DRY,"",NO JUNCTION INVOLVED,STRAIGHT/LEVEL,ASPHALT,FOLLOWING TOO CLOSELY,REAR END,3RDSTHILLSDALEDR,NONE
1078,MONROE SD,BLOOMINGTON,2021-09-17T00:00:00,7:39 AM,1,0,0,0,0,"","","",E ROBINSON RD,"","",200,W,39.251056,-86.469904,COUNTY ROAD,N,RURAL,N,N,N,"",DAYLIGHT,CLEAR,DRY,"",NO JUNCTION INVOLVED,CURVE/GRADE,ASPHALT,RAN OFF ROAD RIGHT,RAN OFF ROAD,EROBINSONRDNMILLERRD,LANE CONTROL
1079,INDIANA UNIV BLOOMINGTON PD,BLOOMINGTON,2021-09-17T00:00:00,8:03 AM,2,0,0,0,0,"","","",E 3RD ST,N UNION ST,"",,"",39.164352,-86.5088,LOCAL/CITY ROAD,N,URBAN,N,N,N,"",DAYLIGHT,CLEAR,DRY,"",T-INTERSECTION,STRAIGHT/LEVEL,ASPHALT,DISREGARD SIGNAL/REG SIGN,LEFT TURN,3RDSTUNIONST,STOP SIGN
1080,INDIANA UNIV BLOOMINGTON PD,BLOOMINGTON,2021-09-17T00:00:00,8:35 AM,3,0,0,0,0,"","","",E 10TH ST,N WALNUT GROVE ST,"",,"",39.17162,-86.520984,LOCAL/CITY ROAD,N,URBAN,N,N,N,"",DAYLIGHT,CLEAR,DRY,"",NO JUNCTION INVOLVED,STRAIGHT/LEVEL,ASPHALT,FOLLOWING TOO CLOSELY,REAR END,TENTHSTWALNUTGROVEST,NONE
1081,BLOOMINGTON PD,BLOOMINGTON,2021-09-17T00:00:00,10:16 AM,2,0,0,0,0,"","","",S PATTERSON DR,W ISAACS DR,"",,"",39.16342,-86.551249,LOCAL/CITY ROAD,N,URBAN,Y,N,N,"",DAYLIGHT,CLEAR,DRY,"",FOUR-WAY INTERSECTION,STRAIGHT/LEVEL,ASPHALT,FAILURE TO YIELD RIGHT OF WAY,RIGHT ANGLE,SPATTERSONDRW3RDST,STOP SIGN
1082,MONROE SD,BLOOMINGTON,2021-09-17T00:00:00,10:24 AM,2,0,0,0,0,"","","",N HARTSTRAIT RD,W RATLIFF RD,"",,"",39.209109,-86.611378,LOCAL/CITY ROAD,N,RURAL,N,N,N,"",DAYLIGHT,CLEAR,DRY,"",T-INTERSECTION,STRAIGHT/HILLCREST,ASPHALT,FAILURE TO YIELD RIGHT OF WAY,RIGHT ANGLE,NHARTSTRAITRDWRATLIFFRD,NONE
1083,BLOOMINGTON PD,BLOOMINGTON,2021-09-17T00:00:00,10:58 AM,2,0,0,0,0,"","","",E 16TH ST,N LINCOLN ST,"",600,E,39.177792,-86.530864,LOCAL/CITY ROAD,N,URBAN,N,N,N,"",DAYLIGHT,CLEAR,DRY,"",NO JUNCTION INVOLVED,STRAIGHT/HILLCREST,ASPHALT,OTHER (VEHICLE) - EXPLAIN IN NARRATIVE,SAME DIRECTION SIDESWIPE,E16THSTNLINCOLNST,NONE
1084,BLOOMINGTON PD,BLOOMINGTON,2021-09-17T00:00:00,11:40 AM,2,0,0,0,0,"","","",N WALNUT ST,SR 45/46,"",,"",39.186368,-86.5344,LOCAL/CITY ROAD,Y,URBAN,Y,"",N,"",DAYLIGHT,CLEAR,DRY,"",FOUR-WAY INTERSECTION,STRAIGHT/GRADE,ASPHALT,UNSAFE LANE MOVEMENT,SAME DIRECTION SIDESWIPE,NORTHWALNUTSTWESTSTATEROAD4546BYP,TRAFFIC CONTROL SIGNAL
1085,BLOOMINGTON PD,BLOOMINGTON,2021-09-17T00:00:00,12:05 PM,2,0,1,0,0,"","","",SR 46,E EASTGATE LN (N),"",,"",39.17024,-86.501392,STATE ROAD,N,URBAN,N,N,N,"",DAYLIGHT,CLEAR,DRY,"",T-INTERSECTION,STRAIGHT/GRADE,CONCRETE,FOLLOWING TOO CLOSELY,REAR END,EASTGATELNSR46E,LANE CONTROL
1086,BLOOMINGTON PD,BLOOMINGTON,2021-09-17T00:00:00,12:05 PM,2,0,0,0,0,"","","",W 17TH ST,N WOODBURN AVE,"",,"",39.178976,-86.536032,LOCAL/CITY ROAD,N,URBAN,N,N,N,"",DAYLIGHT,CLEAR,DRY,"",FOUR-WAY INTERSECTION,STRAIGHT/GRADE,ASPHALT,FOLLOWING TOO CLOSELY,SAME DIRECTION SIDESWIPE,NWOODBURNAVEW17THST,NONE