_id,Agency,City,Collision Date,Collision Time,Vehicles Involved,Trailers Involved,Number Injured,Number Dead,Number Deer,House Number,Roadway Interchange,Roadway Ramp,Roadway Id,Intersecting Road,Interchange,Feet From,Direction,Latitude,Longitude,Roadway Class,Hit and Run?,Locality,School Zone?,Rumble Strips?,Construction?,Construction Type,Light Condition,Weather Conditions,Surface Condition,Type of Median,Roadway Junction Type,Road Character,Roadway Surface,Primary Factor,Manner of Collision,Unique Location Id,Traffic Control
1087,INDIANA UNIV BLOOMINGTON PD,BLOOMINGTON,2021-09-17T00:00:00,1:12 PM,4,0,0,0,0,"","","",E 17TH ST,N DUNN ST,"",,"",39.178993,-86.528324,LOCAL/CITY ROAD,N,URBAN,N,N,N,"",DAYLIGHT,CLEAR,DRY,"",FOUR-WAY INTERSECTION,STRAIGHT/LEVEL,ASPHALT,FAILURE TO YIELD RIGHT OF WAY,LEFT TURN,DUNNSTEAST17THST,TRAFFIC CONTROL SIGNAL
1088,BLOOMINGTON PD,BLOOMINGTON,2021-09-17T00:00:00,3:45 PM,2,0,0,0,0,"","","",N PETE ELLIS DR,E LONGVIEW AVE,"",,"",39.166944,-86.495056,LOCAL/CITY ROAD,N,URBAN,N,N,N,"",DAYLIGHT,CLEAR,DRY,"",FOUR-WAY INTERSECTION,STRAIGHT/LEVEL,ASPHALT,FAILURE TO YIELD RIGHT OF WAY,RIGHT ANGLE,ELONGVIEWDRNPETEELLISDR,STOP SIGN
1089,INDIANA UNIV BLOOMINGTON PD,BLOOMINGTON,2021-09-17T00:00:00,10:30 PM,2,0,0,0,0,"","","",E 17TH ST,N WALNUT GROVE ST,"",,"",39.179039,-86.521096,UNKNOWN,N,URBAN,N,N,N,"",DARK (LIGHTED),CLEAR,DRY,"",NO JUNCTION INVOLVED,STRAIGHT/LEVEL,ASPHALT,UNSAFE BACKING,BACKING CRASH,EAST17THSTWALNUTGROVEST,NONE
1090,MONROE SD,ELLETTSVILLE,2021-09-16T00:00:00,6:47 AM,1,0,0,0,0,"","","",N UNION VALLEY RD,W CRESTWOOD DR,"",,"",39.217648,-86.5928,LOCAL/CITY ROAD,N,URBAN,N,N,N,"",DARK (NOT LIGHTED),CLEAR,DRY,"",T-INTERSECTION,STRAIGHT/GRADE,ASPHALT,RAN OFF ROAD RIGHT,RAN OFF ROAD,NUNIONVALLEYRDWCRESTWOODDR,NONE
1091,BLOOMINGTON PD,BLOOMINGTON,2021-09-16T00:00:00,6:50 AM,1,0,0,0,0,"","","",I-69 N,"","",2500,S,38.87219324,-86.55027809,STATE ROAD,N,URBAN,N,N,N,"",DAWN/DUSK,CLOUDY,DRY,"",NO JUNCTION INVOLVED,STRAIGHT/LEVEL,ASPHALT,OVERCORRECTING/OVERSTEERING,RAN OFF ROAD,SR69NWTAPPRD,NONE
1092,BLOOMINGTON PD,BLOOMINGTON,2021-09-16T00:00:00,6:56 AM,2,0,1,0,0,"","","",N WALNUT ST,ENTRANCE TO SPEEDWAY GAS STATION,"",1000,S,39.19421486,-86.5333962,LOCAL/CITY ROAD,N,URBAN,N,N,N,"",DAWN/DUSK,CLEAR,DRY,"",NO JUNCTION INVOLVED,STRAIGHT/LEVEL,ASPHALT,FOLLOWING TOO CLOSELY,REAR END,BLUERIDGEDRWALNUTST,NONE
1093,BLOOMINGTON PD,BLOOMINGTON,2021-09-16T00:00:00,9:27 AM,2,0,1,0,0,"","","",S PATTERSON DR,W ISAACS DR,"",,"",39.16342,-86.551249,LOCAL/CITY ROAD,N,URBAN,N,N,N,"",DAYLIGHT,CLOUDY,DRY,"",FOUR-WAY INTERSECTION,STRAIGHT/LEVEL,ASPHALT,FAILURE TO YIELD RIGHT OF WAY,HEAD ON BETWEEN TWO MOTOR VEHICLES,SPATTERSONDRW3RDST,LANE CONTROL
1094,MONROE SD,BLOOMINGTON,2021-09-16T00:00:00,11:49 AM,1,0,0,0,0,"","","",SR 446,E MERRITT DR,"",900,N,39.19472811,-86.4252816,STATE ROAD,N,RURAL,N,N,N,"",DAYLIGHT,CLEAR,DRY,"",NO JUNCTION INVOLVED,CURVE/LEVEL,ASPHALT,ANIMAL/OBJECT IN ROADWAY,RAN OFF ROAD,EMERRITTDRSR446S,NONE
1095,BLOOMINGTON PD,BLOOMINGTON,2021-09-16T00:00:00,12:34 PM,2,0,0,0,0,"","","",N COLLEGE AVE,W 6TH ST,"",200,N,39.167648,-86.534784,LOCAL/CITY ROAD,N,URBAN,N,N,N,"",DAYLIGHT,CLEAR,DRY,"",FOUR-WAY INTERSECTION,STRAIGHT/LEVEL,ASPHALT,OVERSIZE/OVERWEIGHT LOAD,SAME DIRECTION SIDESWIPE,NCOLLEGEAVEW6THST,TRAFFIC CONTROL SIGNAL
1096,BLOOMINGTON PD,BLOOMINGTON,2021-09-16T00:00:00,12:37 PM,2,0,0,0,0,"","","",W 17TH ST,N WOODBURN AVE,"",,"",39.178976,-86.536032,LOCAL/CITY ROAD,N,URBAN,N,N,N,"",DAYLIGHT,CLEAR,DRY,"",NO JUNCTION INVOLVED,CURVE/LEVEL,ASPHALT,IMPROPER LANE USAGE,SAME DIRECTION SIDESWIPE,NWOODBURNAVEW17THST,NONE
1097,BLOOMINGTON PD,BLOOMINGTON,2021-09-16T00:00:00,3:04 PM,3,0,0,0,0,"","","",W 2ND ST,S EUCLID AVE,"",,"",39.1616,-86.543296,LOCAL/CITY ROAD,N,URBAN,N,N,N,"",DAYLIGHT,CLEAR,DRY,"",T-INTERSECTION,STRAIGHT/LEVEL,ASPHALT,FOLLOWING TOO CLOSELY,REAR END,SEUCLIDAVEW2NDST,NONE
1098,ELLETTSVILLE PD,ELLETTSVILLE,2021-09-16T00:00:00,4:09 PM,1,0,0,0,0,"","","",SR 46,BRIAR GATE DR,"",,"",39.216569,-86.596334,STATE ROAD,N,URBAN,N,N,N,"",DAYLIGHT,CLEAR,DRY,"",T-INTERSECTION,STRAIGHT/LEVEL,ASPHALT,OTHER (VEHICLE) - EXPLAIN IN NARRATIVE,OTHER - EXPLAIN IN NARRATIVE,BRIARGATEDRSR46W,NONE
1099,MONROE SD,ELLETTSVILLE,2021-09-16T00:00:00,4:25 PM,2,0,0,0,0,"","","",N MATTHEWS DR,"","",900,W,39.252103,-86.62057104,LOCAL/CITY ROAD,N,RURAL,N,N,N,"",DAYLIGHT,CLEAR,DRY,"",T-INTERSECTION,CURVE/GRADE,ASPHALT,OTHER (DRIVER) - EXPLAIN IN NARRATIVE,SAME DIRECTION SIDESWIPE,NMATTHEWSDRWDELAPRD,NONE
1100,MONROE SD,BLOOMINGTON,2021-09-16T00:00:00,4:35 PM,2,0,1,0,0,"","","",S WALNUT ST,ENTRANCE TO CLEAR CREEK CROSSING (S),"",500,S,39.06864902,-86.531363,STATE ROAD,N,RURAL,N,N,N,"",DAYLIGHT,CLEAR,DRY,"",NO JUNCTION INVOLVED,STRAIGHT/LEVEL,CONCRETE,FAILURE TO YIELD RIGHT OF WAY,RIGHT ANGLE,ERHORERRDSR37S,NONE
1101,INDIANA UNIV BLOOMINGTON PD,BLOOMINGTON,2021-09-16T00:00:00,5:40 PM,3,0,0,0,0,"","","",SR 45/46,E DISCOVERY PKWY,"",,"",39.22590355,-86.61344224,STATE ROAD,N,URBAN,N,N,N,"",DAYLIGHT,CLEAR,DRY,"",INTERCHANGE,STRAIGHT/LEVEL,ASPHALT,FOLLOWING TOO CLOSELY,REAR END,DISCOVERYPKWYSR46S,TRAFFIC CONTROL SIGNAL
1102,MONROE SD,BLOOMINGTON,2021-09-16T00:00:00,6:17 PM,1,0,1,0,0,"","","",E SMITHVILLE RD,"","",200,E,39.071056,-86.5356,LOCAL/CITY ROAD,N,RURAL,N,N,N,"",DAYLIGHT,CLEAR,DRY,"",FOUR-WAY INTERSECTION,STRAIGHT/LEVEL,ASPHALT,RAN OFF ROAD RIGHT,RAN OFF ROAD,ESMITHVILLERDSR37S,NONE
1103,BLOOMINGTON PD,BLOOMINGTON,2021-09-16T00:00:00,7:18 PM,2,0,0,0,0,"","","",N WALNUT ST,W 7TH ST,"",,"",39.16864,-86.533568,LOCAL/CITY ROAD,N,URBAN,N,N,N,"",DAYLIGHT,CLEAR,DRY,"",FOUR-WAY INTERSECTION,STRAIGHT/LEVEL,ASPHALT,IMPROPER TURNING,LEFT TURN,NWALNUTSTW7THST,TRAFFIC CONTROL SIGNAL
1104,BLOOMINGTON PD,BLOOMINGTON,2021-09-16T00:00:00,9:21 PM,2,0,0,0,0,"","","",SR 45/46,N MARTHA ST,"",,"",39.186352,-86.531696,STATE ROAD,N,URBAN,N,N,N,"",DARK (NOT LIGHTED),CLEAR,DRY,"",NO JUNCTION INVOLVED,STRAIGHT/LEVEL,ASPHALT,UNSAFE LANE MOVEMENT,HEAD ON BETWEEN TWO MOTOR VEHICLES,MARTHASTSR4546E,LANE CONTROL
1105,BLOOMINGTON PD,BLOOMINGTON,2021-09-16T00:00:00,11:40 PM,1,0,0,0,0,"","","",W 11TH ST,N FOUNTAIN DR,"",,"",0,0,LOCAL/CITY ROAD,N,URBAN,N,N,N,"",DARK (LIGHTED),CLEAR,DRY,"",T-INTERSECTION,CURVE/LEVEL,ASPHALT,RAN OFF ROAD RIGHT,RAN OFF ROAD,NFOUNTAINDRW11THST,STOP SIGN
1106,ELLETTSVILLE PD,ELLETTSVILLE,2021-09-15T00:00:00,7:25 AM,1,0,0,0,0,"","","",S SALE ST,W OAK ST,"",,"",39.232512,-86.626224,LOCAL/CITY ROAD,N,URBAN,N,N,N,"",DAYLIGHT,CLOUDY,WET,"",FOUR-WAY INTERSECTION,STRAIGHT/LEVEL,ASPHALT,SPEED TOO FAST FOR WEATHER CONDITIONS,RAN OFF ROAD,OAKSTSALEST,LANE CONTROL
1107,BLOOMINGTON PD,BLOOMINGTON,2021-09-15T00:00:00,9:59 AM,2,0,1,0,0,"","","",N GRANT ST,E ALICE ST,"",,"",39.169915,-86.529776,LOCAL/CITY ROAD,N,URBAN,N,N,N,"",DAYLIGHT,RAIN,WET,"",FOUR-WAY INTERSECTION,STRAIGHT/LEVEL,ASPHALT,FAILURE TO YIELD RIGHT OF WAY,RIGHT ANGLE,EALICESTNGRANTST,NONE
1108,MONROE SD,BLOOMINGTON,2021-09-15T00:00:00,10:36 AM,1,0,0,0,0,"","","",S SHIELDS RIDGE RD,E PAYNETOWN RD,"",300,S,39.0580863,-86.477118,LOCAL/CITY ROAD,N,URBAN,N,N,N,"",DAYLIGHT,RAIN,WET,"",T-INTERSECTION,CURVE/GRADE,ASPHALT,RAN OFF ROAD RIGHT,RAN OFF ROAD,EPAYNETOWNRDSHIELDSRIDGERD,NONE
1109,INDIANA UNIV BLOOMINGTON PD,BLOOMINGTON,2021-09-15T00:00:00,10:48 AM,1,0,1,0,0,"","","",E 11TH ST,N FEE LN,"",,"",39.173268,-86.5189,LOCAL/CITY ROAD,N,URBAN,N,N,N,"",DAYLIGHT,CLOUDY,DRY,"",FOUR-WAY INTERSECTION,STRAIGHT/LEVEL,ASPHALT,OTHER (DRIVER) - EXPLAIN IN NARRATIVE,OTHER - EXPLAIN IN NARRATIVE,E11THSTFEELN,STOP SIGN
1110,INDIANA UNIV BLOOMINGTON PD,BLOOMINGTON,2021-09-15T00:00:00,5:48 PM,2,0,0,0,0,"","","",S ARBUTUS DR,E 3RD ST,"",,"",39.16426,-86.51217,LOCAL/CITY ROAD,N,URBAN,N,N,N,"",DAYLIGHT,CLEAR,DRY,"",T-INTERSECTION,STRAIGHT/LEVEL,ASPHALT,DRIVER DISTRACTED - EXPLAIN IN NARRATIVE,REAR END,ARBUTUSDRTHIRDST,STOP SIGN
1111,MONROE SD,BLOOMINGTON,2021-09-15T00:00:00,8:08 PM,2,0,0,0,0,"","","",S VICTOR PIKE,SR 37,"",,"",39.105552,-86.551104,COUNTY ROAD,N,RURAL,N,N,N,"",DARK (LIGHTED),CLEAR,DRY,"",FOUR-WAY INTERSECTION,STRAIGHT/LEVEL,ASPHALT,UNSAFE BACKING,BACKING CRASH,SOUTHVICTORPIKESR37S,NONE
1112,BLOOMINGTON PD,BLOOMINGTON,2021-09-14T00:00:00,7:53 AM,2,0,0,0,0,"","","",E NORTH DR,S WALNUT ST,"",100,E,39.14405,-86.53175065,LOCAL/CITY ROAD,N,URBAN,Y,N,N,"",DAYLIGHT,CLEAR,DRY,"",NO JUNCTION INVOLVED,STRAIGHT/LEVEL,ASPHALT,FOLLOWING TOO CLOSELY,SAME DIRECTION SIDESWIPE,ENORTHDRSWALNUTST,NONE
1113,ELLETTSVILLE PD,ELLETTSVILLE,2021-09-14T00:00:00,8:04 AM,2,0,0,0,0,"","","",S SALE ST,W VINE ST,"",,"",39.234384,-86.624064,LOCAL/CITY ROAD,N,URBAN,N,N,N,"",DAYLIGHT,CLEAR,DRY,"",NO JUNCTION INVOLVED,STRAIGHT/LEVEL,ASPHALT,FAILURE TO YIELD RIGHT OF WAY,RIGHT ANGLE,SALESTVINEST,NONE
1114,BLOOMINGTON PD,BLOOMINGTON,2021-09-14T00:00:00,9:11 AM,2,0,0,0,0,"","","",W COUNTRY CLUB DR,S WALNUT ST,"",,"",39.1359818,-86.5310843,LOCAL/CITY ROAD,N,URBAN,N,N,N,"",DAYLIGHT,CLEAR,DRY,"",FOUR-WAY INTERSECTION,STRAIGHT/LEVEL,ASPHALT,UNSAFE BACKING,BACKING CRASH,COUNTRYCLUBDRSWALNUTST,TRAFFIC CONTROL SIGNAL
1115,BLOOMINGTON PD,BLOOMINGTON,2021-09-14T00:00:00,9:24 AM,2,0,0,0,0,"","","",S WALNUT ST,W SMITH AVE,"",,"",39.162848,-86.533637,LOCAL/CITY ROAD,N,URBAN,N,N,N,"",DAYLIGHT,CLEAR,DRY,"",NO JUNCTION INVOLVED,STRAIGHT/LEVEL,ASPHALT,UNSAFE LANE MOVEMENT,SAME DIRECTION SIDESWIPE,ESMITHAVESWALNUTST,NONE
1116,BLOOMINGTON PD,BLOOMINGTON,2021-09-14T00:00:00,11:55 AM,2,0,0,0,0,"","","",SR 46,S PETE ELLIS DR,"",,"",39.16424,-86.495088,LOCAL/CITY ROAD,N,URBAN,N,N,N,"",DAYLIGHT,CLEAR,DRY,"",T-INTERSECTION,STRAIGHT/LEVEL,ASPHALT,FOLLOWING TOO CLOSELY,REAR END,E3RDSTPETEELLISDR,TRAFFIC CONTROL SIGNAL
1117,BLOOMINGTON PD,BLOOMINGTON,2021-09-14T00:00:00,2:42 PM,2,0,0,0,0,"","","",W 3RD ST,I-69,"",,"",0,0,LOCAL/CITY ROAD,N,URBAN,N,N,N,"",DAYLIGHT,CLEAR,DRY,"",FOUR-WAY INTERSECTION,STRAIGHT/LEVEL,ASPHALT,FOLLOWING TOO CLOSELY,REAR END,I6937OVERPASSHWYW3RDST,TRAFFIC CONTROL SIGNAL
1118,BLOOMINGTON PD,BLOOMINGTON,2021-09-14T00:00:00,3:17 PM,2,0,0,0,0,"","","",S WALNUT ST,E RHORER RD,"",,"",39.121552,-86.531296,LOCAL/CITY ROAD,Y,URBAN,Y,N,N,"",DAYLIGHT,CLEAR,DRY,"",FOUR-WAY INTERSECTION,STRAIGHT/LEVEL,ASPHALT,FAILURE TO YIELD RIGHT OF WAY,RIGHT ANGLE,EASTRHORERRDSOUTHOLDSTATEROAD37HWY,TRAFFIC CONTROL SIGNAL
1119,INDIANA UNIV BLOOMINGTON PD,BLOOMINGTON,2021-09-14T00:00:00,3:20 PM,2,0,0,0,0,"","","",SR 45/46,E DISCOVERY PKWY,"",,"",39.227137,-86.61521799,STATE ROAD,N,URBAN,N,N,N,"",DAYLIGHT,CLEAR,DRY,"",FOUR-WAY INTERSECTION,STRAIGHT/LEVEL,ASPHALT,FOLLOWING TOO CLOSELY,REAR END,EASTDISCOVERYPKWYSR46E,TRAFFIC CONTROL SIGNAL
1120,INDIANA UNIV BLOOMINGTON PD,BLOOMINGTON,2021-09-14T00:00:00,5:40 PM,2,0,0,0,0,"","","",E ATWATER AVE,S ARBUTUS DR,"",,"",39.163064,-86.512178,LOCAL/CITY ROAD,N,URBAN,N,N,N,"",DAYLIGHT,CLEAR,DRY,"",NO JUNCTION INVOLVED,STRAIGHT/LEVEL,ASPHALT,ANIMAL/OBJECT IN ROADWAY,COLLISION WITH OBJECT IN ROAD,ARBUTUSDRATWATERAVE,NONE
1121,BLOOMINGTON PD,BLOOMINGTON,2021-09-14T00:00:00,7:18 PM,1,0,0,0,0,"","","",N DUNN ST,E 13TH ST,"",,"",39.175552,-86.528192,LOCAL/CITY ROAD,N,URBAN,N,N,N,"",DAYLIGHT,CLEAR,DRY,"",T-INTERSECTION,CURVE/GRADE,ASPHALT,UNSAFE SPEED,RAN OFF ROAD,EAST13THSTNORTHDUNNST,LANE CONTROL
1122,BLOOMINGTON PD,BLOOMINGTON,2021-09-14T00:00:00,8:09 PM,2,0,0,0,0,507,"","",W DIXIE ST,"","",,"",39.156303,-86.539536,LOCAL/CITY ROAD,Y,URBAN,N,N,N,"",DAWN/DUSK,CLEAR,DRY,"",NO JUNCTION INVOLVED,STRAIGHT/LEVEL,ASPHALT,IMPROPER TURNING,REAR END,WDIXIEST,NONE
1123,BLOOMINGTON PD,BLOOMINGTON,2021-09-14T00:00:00,8:48 PM,2,0,1,0,0,"","","",N COLLEGE AVE,W 8TH ST,"",,"",39.169552,-86.534784,LOCAL/CITY ROAD,N,URBAN,N,N,N,"",DARK (NOT LIGHTED),CLEAR,DRY,"",FOUR-WAY INTERSECTION,STRAIGHT/GRADE,ASPHALT,UNSAFE LANE MOVEMENT,REAR END,NCOLLEGEAVEW8THST,NONE
1124,BLOOMINGTON PD,BLOOMINGTON,2021-09-14T00:00:00,9:06 PM,2,0,2,0,0,"","","",SR 45/46,N KINSER PIKE,"",,"",39.186574,-86.537722,LOCAL/CITY ROAD,N,URBAN,N,N,N,"",DARK (LIGHTED),CLEAR,DRY,"",FOUR-WAY INTERSECTION,STRAIGHT/LEVEL,ASPHALT,FAILURE TO YIELD RIGHT OF WAY,LEFT TURN,NKINSERPIKEW4546STATERD,NONE
1125,BLOOMINGTON PD,BLOOMINGTON,2021-09-13T00:00:00,7:03 AM,2,0,0,0,0,"","","",S LEONARD SPRINGS RD,W FAIRINGTON DR,"",100,S,39.12442055,-86.582605,LOCAL/CITY ROAD,Y,URBAN,N,N,N,"",DAYLIGHT,CLEAR,DRY,"",T-INTERSECTION,STRAIGHT/GRADE,ASPHALT,FOLLOWING TOO CLOSELY,REAR END,SLEONARDSPRINGSDRWBARGELN,LANE CONTROL
1126,INDIANA UNIV BLOOMINGTON PD,BLOOMINGTON,2021-09-13T00:00:00,12:43 PM,2,0,1,0,0,"","","",E 17TH ST,SR 45/46,"",,"",0,0,LOCAL/CITY ROAD,N,URBAN,N,N,N,"",DAYLIGHT,CLEAR,DRY,"",T-INTERSECTION,STRAIGHT/LEVEL,ASPHALT,FOLLOWING TOO CLOSELY,REAR END,EAST17THSTSR46,TRAFFIC CONTROL SIGNAL
1127,MONROE SD,BLOOMINGTON,2021-09-13T00:00:00,2:58 PM,2,0,0,0,0,"","","",S CURRY PIKE,W GIFFORD RD,"",50,N,39.156896,-86.582704,COUNTY ROAD,N,RURAL,N,N,N,"",DAYLIGHT,CLEAR,DRY,"",FOUR-WAY INTERSECTION,STRAIGHT/LEVEL,ASPHALT,IMPROPER TURNING,LEFT TURN,SCURRYPIKEWGIFFORDRD,TRAFFIC CONTROL SIGNAL
1128,MONROE SD,BLOOMINGTON,2021-09-13T00:00:00,4:28 PM,3,0,0,0,0,"","","",S CURRY PIKE,W LOROY AVE,"",100,S,39.160848,-86.582816,LOCAL/CITY ROAD,N,RURAL,N,N,N,"",DAYLIGHT,CLEAR,DRY,"",T-INTERSECTION,STRAIGHT/LEVEL,ASPHALT,FOLLOWING TOO CLOSELY,REAR END,SCURRYPIKEWLOROYAVE,NONE
1129,INDIANA UNIV BLOOMINGTON PD,BLOOMINGTON,2021-09-13T00:00:00,4:45 PM,2,0,0,0,0,"","","",S HIGHLAND AVE,E ATWATER AVE,"",,"",39.16307,-86.517712,LOCAL/CITY ROAD,N,URBAN,N,N,N,"",DAYLIGHT,CLEAR,DRY,"",FOUR-WAY INTERSECTION,STRAIGHT/GRADE,ASPHALT,FAILURE TO YIELD RIGHT OF WAY,RIGHT ANGLE,ATWATERAVEHIGHLANDAVE,STOP SIGN
1130,BLOOMINGTON PD,BLOOMINGTON,2021-09-13T00:00:00,5:25 PM,2,0,1,0,0,"","","",S PATTERSON DR,W 2ND ST,"",100,S,39.1501636,-86.548536,LOCAL/CITY ROAD,N,URBAN,N,N,N,"",DAYLIGHT,CLEAR,DRY,"",NO JUNCTION INVOLVED,STRAIGHT/LEVEL,ASPHALT,FOLLOWING TOO CLOSELY,REAR END,SOUTHPATTERSONDRWEST2NDST,LANE CONTROL
1131,BLOOMINGTON PD,BLOOMINGTON,2021-09-13T00:00:00,5:43 PM,2,0,0,0,0,"","","",SR 46,S PETE ELLIS DR,"",,"",39.16424,-86.495088,LOCAL/CITY ROAD,N,URBAN,N,N,N,"",DAYLIGHT,CLEAR,DRY,"",T-INTERSECTION,STRAIGHT/LEVEL,ASPHALT,FOLLOWING TOO CLOSELY,REAR END,E3RDSTSPETEELLISDR,TRAFFIC CONTROL SIGNAL
1132,INDIANA UNIV BLOOMINGTON PD,BLOOMINGTON,2021-09-13T00:00:00,6:00 PM,2,0,0,0,0,800,"","",E ATWATER AVE,"","",,"",39.162865,-86.523322,UNKNOWN,Y,URBAN,N,N,N,"",DAYLIGHT,CLEAR,DRY,"",NO JUNCTION INVOLVED,STRAIGHT/LEVEL,ASPHALT,IMPROPER TURNING,LEFT/RIGHT TURN,ATWATERAVE,NONE
1133,BLOOMINGTON PD,BLOOMINGTON,2021-09-13T00:00:00,10:30 PM,1,0,0,0,0,909,"","",W 1ST ST,"","",,"",39.159344,-86.5236713,UNKNOWN,N,URBAN,N,N,N,"",DARK (LIGHTED),CLEAR,DRY,"",NO JUNCTION INVOLVED,STRAIGHT/LEVEL,CONCRETE,RAN OFF ROAD RIGHT,RAN OFF ROAD,W1STST,NONE
1134,BLOOMINGTON PD,BLOOMINGTON,2021-09-13T00:00:00,11:49 PM,1,0,1,0,0,"","","",I-69 N,"","",100,S,0,0,INTERSTATE,N,URBAN,N,N,N,"",DARK (NOT LIGHTED),CLEAR,DRY,"",NO JUNCTION INVOLVED,STRAIGHT/GRADE,ASPHALT,RAN OFF ROAD RIGHT,RAN OFF ROAD,I69N118.5,NONE
1135,INDIANA UNIV BLOOMINGTON PD,BLOOMINGTON,2021-09-12T00:00:00,3:00 AM,2,0,0,0,0,"","","",S HAWTHORNE DR,E ATWATER AVE,"",,"",39.163089,-86.520197,LOCAL/CITY ROAD,N,URBAN,N,N,N,"",DAYLIGHT,CLEAR,DRY,"",FOUR-WAY INTERSECTION,STRAIGHT/LEVEL,ASPHALT,FAILURE TO YIELD RIGHT OF WAY,RIGHT ANGLE,ATWATERAVEHAWTHORNELN,STOP SIGN
1136,MONROE SD,BLOOMINGTON,2021-09-12T00:00:00,12:01 PM,2,0,0,0,0,"","","",S CURRY PIKE,W CURRY CT,"",,"",39.164544,-86.560096,LOCAL/CITY ROAD,N,URBAN,N,N,N,"",DAYLIGHT,CLEAR,DRY,"",T-INTERSECTION,STRAIGHT/LEVEL,ASPHALT,FAILURE TO YIELD RIGHT OF WAY,RIGHT ANGLE,SCURRYPIKEWCURRYCT,NONE
1137,BLOOMINGTON PD,BLOOMINGTON,2021-09-12T00:00:00,2:57 PM,2,0,0,0,0,"","","",S COLLEGE AVE,W 1ST ST,"",,"",39.17688,-86.534736,LOCAL/CITY ROAD,Y,URBAN,N,N,N,"",DAYLIGHT,CLEAR,DRY,"",FOUR-WAY INTERSECTION,STRAIGHT/LEVEL,ASPHALT,CELL PHONE USAGE,REAR END,SCOLLEGEAVEW1STST,TRAFFIC CONTROL SIGNAL
1138,BLOOMINGTON PD,BLOOMINGTON,2021-09-12T00:00:00,4:16 PM,2,0,1,0,0,"","","",SR 46,S CLARIZZ BLVD,"",,W,39.16424,-86.4908,LOCAL/CITY ROAD,N,URBAN,N,N,N,"",DAYLIGHT,CLEAR,DRY,"",FOUR-WAY INTERSECTION,STRAIGHT/LEVEL,ASPHALT,FOLLOWING TOO CLOSELY,REAR END,E3RDSTSCLARIZZBLVD,TRAFFIC CONTROL SIGNAL
1139,INDIANA UNIV BLOOMINGTON PD,BLOOMINGTON,2021-09-12T00:00:00,5:57 PM,2,0,1,0,0,"","","",N JORDAN AVE,E LAW LN,"",,"",39.173403,-86.515448,LOCAL/CITY ROAD,N,URBAN,N,N,N,"",DAYLIGHT,CLEAR,DRY,"",FOUR-WAY INTERSECTION,STRAIGHT/LEVEL,ASPHALT,DISREGARD SIGNAL/REG SIGN,RIGHT ANGLE,ELAWLNJORDANAVE,TRAFFIC CONTROL SIGNAL
1140,MONROE SD,BLOOMINGTON,2021-09-12T00:00:00,8:34 PM,2,0,0,0,0,"","","",N RIDGEWOOD DR,"","",300,W,39.212016,-86.59872,LOCAL/CITY ROAD,N,URBAN,N,N,N,"",DARK (NOT LIGHTED),CLEAR,DRY,"",NO JUNCTION INVOLVED,STRAIGHT/LEVEL,ASPHALT,UNSAFE BACKING,BACKING CRASH,NCRIDERDRNRIDGEWOODDR,NONE
1141,BLOOMINGTON PD,BLOOMINGTON,2021-09-11T00:00:00,1:56 AM,1,0,0,0,0,1701,"","",S WALNUT ST,E VERMILYA AVE,"",,"",39.18092096,-86.53355668,UNKNOWN,Y,URBAN,N,N,N,"",DARK (LIGHTED),CLEAR,DRY,"",T-INTERSECTION,STRAIGHT/LEVEL,CONCRETE,RAN OFF ROAD RIGHT,RAN OFF ROAD,SWALNUTST,STOP SIGN
1142,BLOOMINGTON PD,BLOOMINGTON,2021-09-11T00:00:00,9:24 AM,2,0,0,0,0,"","","",S COLLEGE MALL RD,E 3RD ST,"",,"",39.16424,-86.4984,LOCAL/CITY ROAD,N,URBAN,N,N,N,"",DAYLIGHT,CLEAR,DRY,"",FOUR-WAY INTERSECTION,STRAIGHT/LEVEL,ASPHALT,FOLLOWING TOO CLOSELY,REAR END,E3RDSTSCOLLEGEMALLRD,TRAFFIC CONTROL SIGNAL
1143,ISP BLOOMINGTON 33,BLOOMINGTON,2021-09-11T00:00:00,10:26 AM,2,,1,0,0,"","","",SR 45/46,N DUNN ST,"",0,"",39.18651285,-86.53773257,LOCAL/CITY ROAD,"",URBAN,N,N,N,"",DARK (LIGHTED),CLEAR,DRY,"",FOUR-WAY INTERSECTION,"",ASPHALT,UNSAFE SPEED,REAR END,STATEROAD46NDUNNSTREET,""
1144,INDIANA UNIV BLOOMINGTON PD,BLOOMINGTON,2021-09-11T00:00:00,10:49 AM,2,0,1,0,1,"","","",SR 45/46,E DISCOVERY PKWY,"",,"",39.22590355,-86.61344224,STATE ROAD,N,URBAN,N,N,N,"",DAYLIGHT,CLEAR,DRY,"",T-INTERSECTION,STRAIGHT/LEVEL,ASPHALT,DRIVER DISTRACTED - EXPLAIN IN NARRATIVE,REAR END,DISCOVERYPKWYSR46S,TRAFFIC CONTROL SIGNAL
1145,BLOOMINGTON PD,BLOOMINGTON,2021-09-11T00:00:00,11:12 AM,2,0,0,0,0,"","","",S COLLEGE MALL RD,ENTRANCE TO EASTLAND PLAZA,"",500,N,39.160944,-86.497696,LOCAL/CITY ROAD,N,URBAN,N,N,N,"",DAYLIGHT,CLEAR,DRY,"",NO JUNCTION INVOLVED,STRAIGHT/LEVEL,ASPHALT,FOLLOWING TOO CLOSELY,REAR END,E2NDSTSCOLLEGEMALLRD,LANE CONTROL
1146,BLOOMINGTON PD,BLOOMINGTON,2021-09-11T00:00:00,12:07 PM,2,0,0,0,0,"","","",N WALNUT ST,W 8TH ST,"",,"",39.169552,-86.533552,LOCAL/CITY ROAD,N,URBAN,N,N,N,"",DAYLIGHT,CLOUDY,DRY,"",NO JUNCTION INVOLVED,STRAIGHT/LEVEL,ASPHALT,UNSAFE LANE MOVEMENT,SAME DIRECTION SIDESWIPE,E8THSTNWALNUTST,LANE CONTROL