_id,Agency,City,Collision Date,Collision Time,Vehicles Involved,Trailers Involved,Number Injured,Number Dead,Number Deer,House Number,Roadway Interchange,Roadway Ramp,Roadway Id,Intersecting Road,Interchange,Feet From,Direction,Latitude,Longitude,Roadway Class,Hit and Run?,Locality,School Zone?,Rumble Strips?,Construction?,Construction Type,Light Condition,Weather Conditions,Surface Condition,Type of Median,Roadway Junction Type,Road Character,Roadway Surface,Primary Factor,Manner of Collision,Unique Location Id,Traffic Control
1147,MONROE SD,BLOOMINGTON,2021-09-11T00:00:00,12:39 PM,2,0,0,0,0,"","","",W BELLE AVE,S CURRY PIKE,"",,"",39.163552,-86.582896,LOCAL/CITY ROAD,N,URBAN,N,N,N,"",DAYLIGHT,CLEAR,DRY,"",NO JUNCTION INVOLVED,STRAIGHT/LEVEL,ASPHALT,FAILURE TO YIELD RIGHT OF WAY,LEFT TURN,SOUTHCURRYPIKEWESTBELLEAVE,NONE
1148,ELLETTSVILLE PD,ELLETTSVILLE,2021-09-11T00:00:00,5:08 PM,2,0,0,0,0,"","","",SR 46,N BRIAR GATE DR,"",,"",39.216569,-86.596334,STATE ROAD,N,URBAN,N,N,N,"",DAYLIGHT,CLEAR,DRY,"",T-INTERSECTION,STRAIGHT/LEVEL,ASPHALT,FAILURE TO YIELD RIGHT OF WAY,RIGHT TURN,BRIARGATEDRSR46W,STOP SIGN
1149,MONROE SD,BLOOMINGTON,2021-09-11T00:00:00,5:18 PM,1,0,1,0,0,"","","",SR 446,"","",300,N,39.02429598,-86.405296,STATE ROAD,N,RURAL,N,N,N,"",DAYLIGHT,CLEAR,DRY,"",T-INTERSECTION,CURVE/LEVEL,ASPHALT,RAN OFF ROAD RIGHT,RAN OFF ROAD,SCHAPELHILLRDSR446S,NONE
1150,BLOOMINGTON PD,BLOOMINGTON,2021-09-11T00:00:00,6:30 PM,2,0,1,0,0,"","","",SR 45/46,N WALNUT ST,"",500,E,39.18635757,-86.53263544,STATE ROAD,N,URBAN,N,N,N,"",DAYLIGHT,CLEAR,DRY,"",NO JUNCTION INVOLVED,STRAIGHT/LEVEL,ASPHALT,FOLLOWING TOO CLOSELY,REAR END,SR45EWALNUTST,LANE CONTROL
1151,MONROE SD,BLOOMINGTON,2021-09-11T00:00:00,7:56 PM,1,0,0,0,0,"","","",E BETHEL LN,N INNISBROOKE DR,"",,"",39.214889,-86.469025,COUNTY ROAD,N,RURAL,N,N,N,"",DAWN/DUSK,CLEAR,DRY,"",T-INTERSECTION,CURVE/LEVEL,ASPHALT,UNSAFE SPEED,RAN OFF ROAD,EBETHELLNNINNISBROOKEDR,NONE
1152,BLOOMINGTON PD,BLOOMINGTON,2021-09-11T00:00:00,10:48 PM,2,0,0,0,0,"","","",N WASHINGTON ST,E 10TH ST,"",,"",39.171728,-86.5324,LOCAL/CITY ROAD,N,URBAN,N,N,N,"",DARK (NOT LIGHTED),CLEAR,DRY,"",FOUR-WAY INTERSECTION,STRAIGHT/LEVEL,ASPHALT,FAILURE TO YIELD RIGHT OF WAY,RIGHT ANGLE,E10THSTWASHINGTONST,STOP SIGN
1153,BLOOMINGTON PD,BLOOMINGTON,2021-09-11T00:00:00,11:50 PM,1,0,1,0,0,"","","",S WALNUT ST,E 3RD ST,"",,"",39.16464,-86.5336,LOCAL/CITY ROAD,N,URBAN,N,N,N,"",DARK (NOT LIGHTED),CLEAR,DRY,"",FOUR-WAY INTERSECTION,STRAIGHT/LEVEL,CONCRETE,FAILURE TO YIELD RIGHT OF WAY,RIGHT TURN,EAST3RDSTSOUTHWALNUTST,TRAFFIC CONTROL SIGNAL
1154,ISP BLOOMINGTON 33,BLOOMINGTON,2021-09-10T00:00:00,7:55 AM,2,,0,0,0,"","",118A,I-69 N,W 3RD ST,"",0,"",39.16420451,-86.57250322,INTERSTATE,"",URBAN,N,N,N,"",DAYLIGHT,CLEAR,DRY,"",RAMP,"",CONCRETE,FOLLOWING TOO CLOSELY,REAR END,SR48I69-118-RampA,""
1155,BLOOMINGTON PD,BLOOMINGTON,2021-09-10T00:00:00,8:05 AM,2,0,,0,0,"","","",E 1ST ST,S HAWTHORNE DR,"",,"",39.159344,-86.520096,LOCAL/CITY ROAD,Y,URBAN,N,N,N,"",DAYLIGHT,CLEAR,DRY,"",FOUR-WAY INTERSECTION,STRAIGHT/GRADE,ASPHALT,"",SAME DIRECTION SIDESWIPE,E1STSTSHAWTHORNEST,NONE
1156,BLOOMINGTON PD,BLOOMINGTON,2021-09-10T00:00:00,8:52 AM,1,0,1,0,0,"","","",W COUNTRYSIDE LN,S SUNFLOWER DR,"",,"",39.13989875,-86.55396847,LOCAL/CITY ROAD,N,URBAN,Y,N,N,"",DAYLIGHT,CLEAR,DRY,"",FOUR-WAY INTERSECTION,STRAIGHT/GRADE,ASPHALT,OTHER (DRIVER) - EXPLAIN IN NARRATIVE,OTHER - EXPLAIN IN NARRATIVE,COUNTRYSIDELNSSUNFLOWERDR,STOP SIGN
1157,BLOOMINGTON PD,BLOOMINGTON,2021-09-10T00:00:00,11:55 AM,2,0,0,0,0,"","","",E MAXWELL LN,S MITCHELL ST,"",,"",39.157824,-86.5136,LOCAL/CITY ROAD,N,URBAN,N,N,N,"",DAYLIGHT,CLOUDY,DRY,"",FOUR-WAY INTERSECTION,STRAIGHT/GRADE,ASPHALT,FAILURE TO YIELD RIGHT OF WAY,RIGHT ANGLE,EMAXWELLLNSMITCHELLST,STOP SIGN
1158,INDIANA UNIV BLOOMINGTON PD,BLOOMINGTON,2021-09-10T00:00:00,12:10 PM,2,0,1,0,0,"","","",S WOODLAWN AVE,E 3RD ST,"",,"",39.164248,-86.522621,LOCAL/CITY ROAD,Y,URBAN,N,N,N,"",DAYLIGHT,CLEAR,DRY,"",NO JUNCTION INVOLVED,STRAIGHT/LEVEL,ASPHALT,WRONG WAY ON ONE WAY,OPPOSITE DIRECTION SIDESWIPE,THIRDSTWOODLAWNAVE,NONE
1159,BLOOMINGTON PD,BLOOMINGTON,2021-09-10T00:00:00,12:12 PM,2,0,0,0,0,"","","",S STULL AVE,E GRIMES LN,"",,"",39.15336,-86.524688,LOCAL/CITY ROAD,Y,URBAN,N,N,N,"",DAYLIGHT,CLOUDY,DRY,"",T-INTERSECTION,STRAIGHT/GRADE,ASPHALT,UNSAFE BACKING,BACKING CRASH,EGRIMESLNSSTULLAVE,NONE
1160,INDIANA UNIV BLOOMINGTON PD,BLOOMINGTON,2021-09-10T00:00:00,12:15 PM,2,0,2,0,0,"","","",SR 45/46,E 17TH ST,"",,"",39.1797431,-86.5073177,STATE ROAD,N,URBAN,N,N,N,"",DAYLIGHT,CLEAR,DRY,"",T-INTERSECTION,STRAIGHT/LEVEL,ASPHALT,FAILURE TO YIELD RIGHT OF WAY,LEFT TURN,EAST17THSTSR46,TRAFFIC CONTROL SIGNAL
1161,BLOOMINGTON PD,BLOOMINGTON,2021-09-10T00:00:00,12:34 PM,2,0,1,0,0,"","","",N JACKSON ST,W 15TH ST,"",,"",39.17664,-86.539712,LOCAL/CITY ROAD,N,URBAN,N,N,N,"",DAYLIGHT,CLEAR,DRY,"",FOUR-WAY INTERSECTION,STRAIGHT/LEVEL,ASPHALT,DISREGARD SIGNAL/REG SIGN,RIGHT ANGLE,NJACKSONSTW15THST,STOP SIGN
1162,BLOOMINGTON PD,BLOOMINGTON,2021-09-10T00:00:00,1:18 PM,2,0,0,0,0,2621,"","",S BRYAN,S KENDALL DR,"",,"",39.13757746,-86.53602836,LOCAL/CITY ROAD,N,URBAN,N,N,N,"",DAYLIGHT,CLEAR,DRY,"",NO JUNCTION INVOLVED,STRAIGHT/LEVEL,ASPHALT,IMPROPER TURNING,RIGHT TURN,SBRYANST,NONE
1163,BLOOMINGTON PD,BLOOMINGTON,2021-09-10T00:00:00,1:25 PM,2,0,0,0,0,"","","",E 3RD ST,S DUNN ST,"",,"",39.164448,-86.528096,LOCAL/CITY ROAD,N,URBAN,N,N,N,"",DAYLIGHT,CLOUDY,DRY,"",Y-INTERSECTION,CURVE/GRADE,ASPHALT,FAILURE TO YIELD RIGHT OF WAY,RIGHT ANGLE,3RDSTDUNNST,TRAFFIC CONTROL SIGNAL
1164,INDIANA UNIV BLOOMINGTON PD,BLOOMINGTON,2021-09-10T00:00:00,1:27 PM,2,0,0,0,0,"","","",N INDIANA AVE,E 10TH ST,"",,"",39.171653,-86.526979,LOCAL/CITY ROAD,Y,URBAN,N,N,N,"",DAYLIGHT,CLEAR,DRY,"",FOUR-WAY INTERSECTION,STRAIGHT/LEVEL,ASPHALT,FOLLOWING TOO CLOSELY,REAR END,INDIANAAVETENTHST,TRAFFIC CONTROL SIGNAL
1165,BLOOMINGTON PD,BLOOMINGTON,2021-09-10T00:00:00,1:44 PM,2,0,0,0,0,"","","",S HIGH ST,E ATWATER AVE,"",,"",39.16304,-86.508288,LOCAL/CITY ROAD,N,URBAN,N,N,N,"",DAYLIGHT,CLEAR,DRY,"",T-INTERSECTION,STRAIGHT/LEVEL,ASPHALT,FAILURE TO YIELD RIGHT OF WAY,RIGHT ANGLE,EATWATERAVESHIGHST,STOP SIGN
1166,BLOOMINGTON PD,BLOOMINGTON,2021-09-10T00:00:00,2:15 PM,2,0,0,0,0,"","","",SR 46,E 7TH ST,"",200,N,0,0,LOCAL/CITY ROAD,N,URBAN,N,N,N,"",DAYLIGHT,CLEAR,DRY,"",NO JUNCTION INVOLVED,STRAIGHT/GRADE,ASPHALT,FOLLOWING TOO CLOSELY,REAR END,E7THSTESTATEROAD46HWY,NONE
1167,BLOOMINGTON PD,BLOOMINGTON,2021-09-10T00:00:00,5:13 PM,3,0,0,0,0,"","","",SR 46,KINGSTON DR S,"",,"",39.16424,-86.492944,LOCAL/CITY ROAD,N,URBAN,N,N,N,"",DAYLIGHT,CLEAR,DRY,"",FOUR-WAY INTERSECTION,STRAIGHT/LEVEL,CONCRETE,FOLLOWING TOO CLOSELY,REAR END,E3RDSTSKINGSTONDR,TRAFFIC CONTROL SIGNAL
1168,INDIANA UNIV BLOOMINGTON PD,BLOOMINGTON,2021-09-10T00:00:00,5:25 PM,2,0,0,0,0,"","","",S WOODLAWN AVE,E 3RD ST,"",,"",39.164248,-86.522621,LOCAL/CITY ROAD,N,URBAN,N,N,N,"",DAYLIGHT,CLEAR,DRY,"",T-INTERSECTION,STRAIGHT/LEVEL,ASPHALT,FAILURE TO YIELD RIGHT OF WAY,RIGHT ANGLE,THIRDSTWOODLAWNAVE,NONE
1169,BLOOMINGTON PD,BLOOMINGTON,2021-09-10T00:00:00,6:30 PM,2,0,0,0,0,"","","",S COLLEGE AVE,W SMITH AVE,"",,"",39.162839,-86.534923,LOCAL/CITY ROAD,Y,URBAN,N,N,N,"",DAYLIGHT,CLEAR,DRY,"",NO JUNCTION INVOLVED,STRAIGHT/LEVEL,ASPHALT,IMPROPER LANE USAGE,REAR END,SCOLLEGEAVEWSMITHAVE,NONE
1170,BLOOMINGTON PD,BLOOMINGTON,2021-09-10T00:00:00,7:04 PM,3,0,0,0,0,"","","",S WALNUT ST,E 3RD ST,"",,"",39.1646,-86.533637,LOCAL/CITY ROAD,N,URBAN,N,N,N,"",DAYLIGHT,CLEAR,DRY,"",FOUR-WAY INTERSECTION,STRAIGHT/LEVEL,ASPHALT,FOLLOWING TOO CLOSELY,REAR END,ETHIRDSTSWALNUTST,TRAFFIC CONTROL SIGNAL
1171,INDIANA UNIV BLOOMINGTON PD,BLOOMINGTON,2021-09-10T00:00:00,8:30 PM,3,0,0,0,0,"","","",SR 46,SR 45,"",,"",0,0,STATE ROAD,N,URBAN,N,N,N,"",DARK (LIGHTED),CLEAR,DRY,"",FOUR-WAY INTERSECTION,STRAIGHT/LEVEL,ASPHALT,OTHER (DRIVER) - EXPLAIN IN NARRATIVE,REAR END,SR45SR46,TRAFFIC CONTROL SIGNAL
1172,INDIANA UNIV BLOOMINGTON PD,BLOOMINGTON,2021-09-09T00:00:00,12:12 AM,3,0,0,0,0,"","","",N JORDAN AVE,E 7TH ST,"",,"",39.168853,-86.516143,LOCAL/CITY ROAD,N,URBAN,N,N,N,"",DARK (LIGHTED),CLEAR,DRY,"",FOUR-WAY INTERSECTION,STRAIGHT/LEVEL,ASPHALT,FAILURE TO YIELD RIGHT OF WAY,OPPOSITE DIRECTION SIDESWIPE,E7THSTJORDANAVE,STOP SIGN
1173,BLOOMINGTON PD,BLOOMINGTON,2021-09-09T00:00:00,7:42 AM,2,0,0,0,0,"","","",E HILLSIDE DR,S WOODLAWN AVE,"",,"",39.15072,-86.522496,LOCAL/CITY ROAD,N,URBAN,N,N,N,"",DAYLIGHT,CLEAR,DRY,"",T-INTERSECTION,STRAIGHT/LEVEL,ASPHALT,FAILURE TO YIELD RIGHT OF WAY,RIGHT ANGLE,EHILLSIDEDRSWOODLAWNAVE,NONE
1174,BLOOMINGTON PD,BLOOMINGTON,2021-09-09T00:00:00,7:53 AM,2,0,0,0,0,"","","",W COUNTRY CLUB DR,S ROCKPORT RD,"",500,E,39.2116101,-86.27276281,LOCAL/CITY ROAD,N,URBAN,N,N,N,"",DAYLIGHT,CLEAR,DRY,"",NO JUNCTION INVOLVED,STRAIGHT/LEVEL,ASPHALT,FOLLOWING TOO CLOSELY,REAR END,1000BLOCKWCOUNTRYCLUBDRROCKPORTRD,LANE CONTROL
1175,MONROE SD,BLOOMINGTON,2021-09-09T00:00:00,12:20 PM,2,0,0,0,0,"","","",N CURRY PIKE,W WOODYARD RD,"",,"",0,0,LOCAL/CITY ROAD,N,URBAN,N,N,Y,INTERMITTENT OR MOVING WORK,DAYLIGHT,CLOUDY,DRY,"",FOUR-WAY INTERSECTION,CURVE/GRADE,ASPHALT,IMPROPER LANE USAGE,REAR END,NCURRYPIKEWOODYARDRD,TRAFFIC CONTROL SIGNAL
1176,BLOOMINGTON PD,BLOOMINGTON,2021-09-09T00:00:00,1:35 PM,2,0,0,0,0,"","","",S COLLEGE AVE,W 3RD ST,"",,"",39.16464,-86.534816,LOCAL/CITY ROAD,Y,URBAN,N,N,N,"",DAYLIGHT,CLEAR,DRY,"",FOUR-WAY INTERSECTION,STRAIGHT/LEVEL,ASPHALT,FAILURE TO YIELD RIGHT OF WAY,RIGHT ANGLE,SOUTHCOLLEGEAVEWEST3RDST,TRAFFIC CONTROL SIGNAL
1177,BLOOMINGTON PD,BLOOMINGTON,2021-09-09T00:00:00,3:39 PM,3,0,0,0,0,"","","",W 3RD ST (N),S PATTERSON DR,"",100,W,39.16342,-86.55124034,LOCAL/CITY ROAD,N,URBAN,N,N,N,"",DAYLIGHT,CLEAR,DRY,"",T-INTERSECTION,STRAIGHT/GRADE,ASPHALT,FOLLOWING TOO CLOSELY,REAR END,SOUTHPATTERSONDRWEST3RDST,LANE CONTROL
1178,BLOOMINGTON PD,BLOOMINGTON,2021-09-09T00:00:00,6:15 PM,1,0,1,0,0,"","","",N INDIANA AVE,E 13TH ST,"",,"",39.175504,-86.527104,LOCAL/CITY ROAD,N,URBAN,N,N,N,"",DAYLIGHT,CLEAR,DRY,"",FOUR-WAY INTERSECTION,STRAIGHT/LEVEL,ASPHALT,DISREGARD SIGNAL/REG SIGN,SAME DIRECTION SIDESWIPE,E13THSTNINDIANAAVE,STOP SIGN
1179,BLOOMINGTON PD,BLOOMINGTON,2021-09-09T00:00:00,7:06 PM,2,0,0,0,0,"","","",N WALNUT ST,SR 45/46,"",,"",39.186368,-86.5344,LOCAL/CITY ROAD,N,URBAN,N,N,N,"",DAWN/DUSK,CLEAR,DRY,"",FOUR-WAY INTERSECTION,STRAIGHT/LEVEL,ASPHALT,IMPROPER TURNING,SAME DIRECTION SIDESWIPE,NWALNUTSTSR4546HWY,TRAFFIC CONTROL SIGNAL
1180,INDIANA UNIV BLOOMINGTON PD,BLOOMINGTON,2021-09-09T00:00:00,9:00 PM,2,0,0,0,0,"","","",N JORDAN AVE,E BALFOUR CT,"",,"",39.182419,-86.512609,LOCAL/CITY ROAD,Y,URBAN,N,N,N,"",UNKNOWN,CLEAR,DRY,"",NO JUNCTION INVOLVED,CURVE/LEVEL,ASPHALT,FOLLOWING TOO CLOSELY,REAR END,EBALFOURSTNJORDANAVE,NONE
1181,BLOOMINGTON PD,BLOOMINGTON,2021-09-09T00:00:00,11:38 PM,2,0,0,0,0,"","","",S WALNUT ST,E 1ST ST,"",,"",39.17784,-86.533408,LOCAL/CITY ROAD,Y,URBAN,N,N,N,"",DARK (LIGHTED),CLEAR,DRY,"",FOUR-WAY INTERSECTION,STRAIGHT/LEVEL,ASPHALT,FOLLOWING TOO CLOSELY,REAR END,E1STSTSWALNUTST,TRAFFIC CONTROL SIGNAL
1182,MONROE SD,BLOOMINGTON,2021-09-08T00:00:00,7:34 AM,1,0,0,0,1,"","","",SR 48,S SPRIGGS BLVD,"",100,W,39.164848,-86.60035282,STATE ROAD,N,RURAL,N,N,N,"",DAWN/DUSK,CLEAR,DRY,"",NO JUNCTION INVOLVED,STRAIGHT/GRADE,ASPHALT,ANIMAL/OBJECT IN ROADWAY,COLLISION WITH DEER,SSPRIGGSBLVDSR48W,LANE CONTROL
1183,BLOOMINGTON PD,BLOOMINGTON,2021-09-08T00:00:00,8:30 AM,2,0,0,0,0,523,"","",W GRANITE DR,"","",,"",39.18053187,-86.53880757,LOCAL/CITY ROAD,Y,URBAN,N,N,N,"",DAWN/DUSK,CLEAR,DRY,"",NO JUNCTION INVOLVED,STRAIGHT/LEVEL,ASPHALT,UNSAFE BACKING,BACKING CRASH,WGRANITEDR,NONE
1184,INDIANA UNIV BLOOMINGTON PD,BLOOMINGTON,2021-09-08T00:00:00,9:30 AM,1,0,1,0,0,"","","",S INDIANA AVE,E 4TH ST,"",,"",39.165648,-86.526848,LOCAL/CITY ROAD,Y,URBAN,N,N,N,"",DAYLIGHT,CLEAR,DRY,"",FOUR-WAY INTERSECTION,STRAIGHT/LEVEL,ASPHALT,FAILURE TO YIELD RIGHT OF WAY,LEFT TURN,4THSTINDIANAAVE,STOP SIGN
1185,BLOOMINGTON PD,BLOOMINGTON,2021-09-08T00:00:00,9:40 AM,2,0,0,0,0,"","","",SR 48,S CURRY PIKE,"",,"",39.16465,-86.582939,LOCAL/CITY ROAD,N,URBAN,N,N,N,"",DAYLIGHT,CLEAR,DRY,"",FOUR-WAY INTERSECTION,STRAIGHT/LEVEL,ASPHALT,OVERCORRECTING/OVERSTEERING,SAME DIRECTION SIDESWIPE,CURRYPIKEW3RDST,TRAFFIC CONTROL SIGNAL
1186,ISP BLOOMINGTON 33,BLOOMINGTON,2021-09-08T00:00:00,9:41 AM,2,,0,0,0,"","","",SR 37,S OLD SR 37,"",0,"",39.08540905,-86.54254535,STATE ROAD,"",RURAL,N,N,N,"",DAYLIGHT,CLEAR,DRY,"",FOUR-WAY INTERSECTION,"",ASPHALT,FOLLOWING TOO CLOSELY,REAR END,SOldStateRoad37NStateRd37,""
1187,BLOOMINGTON PD,BLOOMINGTON,2021-09-08T00:00:00,10:31 AM,2,0,0,0,0,"","","",W 2ND ST,S ROGERS ST,"",,"",39.16138,-86.53867,LOCAL/CITY ROAD,N,URBAN,N,N,N,"",DAYLIGHT,CLEAR,DRY,"",FOUR-WAY INTERSECTION,STRAIGHT/LEVEL,ASPHALT,FAILURE TO YIELD RIGHT OF WAY,REAR TO REAR,SROGERSSTW2NDST,NONE
1188,MONROE SD,BLOOMINGTON,2021-09-08T00:00:00,10:46 AM,2,0,0,0,0,"","","",S WALNUT ST,W DILLMAN RD,"",,"",39.092972,-86.544156,COUNTY ROAD,N,RURAL,N,N,N,"",DAYLIGHT,CLEAR,DRY,"",NO JUNCTION INVOLVED,CURVE/GRADE,ASPHALT,FAILURE TO YIELD RIGHT OF WAY,LEFT TURN,SOLDSTATE37RDWDILLMANRD,STOP SIGN
1189,BLOOMINGTON PD,BLOOMINGTON,2021-09-08T00:00:00,11:04 AM,2,0,0,0,0,"","","",W BLOOMFIELD RD,S LAKE CREST DR,"",,"",39.155417,-86.562479,LOCAL/CITY ROAD,N,URBAN,N,N,N,"",DAYLIGHT,CLEAR,DRY,"",T-INTERSECTION,STRAIGHT/LEVEL,ASPHALT,FOLLOWING TOO CLOSELY,REAR END,LAKECRESTDRWBLOOMFIELDRD,NONE
1190,INDIANA UNIV BLOOMINGTON PD,BLOOMINGTON,2021-09-08T00:00:00,11:50 AM,2,0,0,0,0,"","","",E ATWATER AVE,S FESS AVE,"",,"",39.163132,-86.525907,LOCAL/CITY ROAD,N,URBAN,N,N,N,"",DAYLIGHT,CLEAR,DRY,"",FOUR-WAY INTERSECTION,STRAIGHT/LEVEL,ASPHALT,IMPROPER TURNING,LEFT TURN,ATWATERAVEFESSAVE,NONE
1191,BLOOMINGTON PD,BLOOMINGTON,2021-09-08T00:00:00,12:30 PM,3,0,0,0,0,"","","",W 2ND ST,S EUCLID AVE,"",,"",39.1616,-86.543296,LOCAL/CITY ROAD,N,URBAN,N,N,N,"",DAYLIGHT,CLEAR,DRY,"",T-INTERSECTION,STRAIGHT/LEVEL,ASPHALT,FOLLOWING TOO CLOSELY,REAR END,SEUCLIDAVEW2NDST,LANE CONTROL
1192,ISP BLOOMINGTON 33,BLOOMINGTON,2021-09-08T00:00:00,1:40 PM,2,,0,0,0,"","","",SR 37,S WALNUT ST,"",0,"",39.08553899,-86.54251939,STATE ROAD,"",RURAL,N,N,N,"",DAYLIGHT,CLEAR,DRY,"",FOUR-WAY INTERSECTION,"",ASPHALT,FAILURE TO YIELD RIGHT OF WAY,RIGHT ANGLE,SR37SWalnutSt,""
1193,BLOOMINGTON PD,BLOOMINGTON,2021-09-08T00:00:00,2:15 PM,2,0,0,0,0,"","","",I-69 N,W 3RD ST,"",,"",39.164522,-86.573015,INTERSTATE,N,URBAN,N,N,N,"",DAYLIGHT,CLOUDY,DRY,"",RAMP,STRAIGHT/LEVEL,ASPHALT,DRIVER DISTRACTED - EXPLAIN IN NARRATIVE,REAR END,I69NW3RDST,TRAFFIC CONTROL SIGNAL
1194,BLOOMINGTON PD,BLOOMINGTON,2021-09-08T00:00:00,2:19 PM,2,0,0,0,0,"","","",S SARE RD,E ROGERS RD,"",,"",39.13584,-86.496288,LOCAL/CITY ROAD,N,URBAN,N,N,N,"",DAYLIGHT,CLEAR,DRY,"",FOUR-WAY INTERSECTION,STRAIGHT/GRADE,ASPHALT,FOLLOWING TOO CLOSELY,REAR END,EASTROGERSRDSOUTHSARERD,ROUNDABOUT INTERSECTION
1195,MONROE SD,BLOOMINGTON,2021-09-08T00:00:00,2:32 PM,2,0,1,0,0,"","","",S CURRY PIKE,W DOYLE AVE,"",,"",39.158352,-86.582752,LOCAL/CITY ROAD,N,RURAL,N,N,N,"",DAYLIGHT,CLEAR,DRY,"",NO JUNCTION INVOLVED,STRAIGHT/LEVEL,CONCRETE,FOLLOWING TOO CLOSELY,REAR END,SCURRYPIKEWDOYLEAVE,NONE
1196,BLOOMINGTON PD,BLOOMINGTON,2021-09-08T00:00:00,2:40 PM,3,0,3,0,0,"","","",SR 45/46,N MARTHA ST,"",,"",39.186352,-86.531696,STATE ROAD,N,URBAN,N,N,N,"",DAYLIGHT,CLEAR,DRY,"",T-INTERSECTION,STRAIGHT/LEVEL,CONCRETE,FOLLOWING TOO CLOSELY,REAR TO REAR,MARTHASTSR46E,LANE CONTROL
1197,BLOOMINGTON PD,BLOOMINGTON,2021-09-08T00:00:00,2:41 PM,2,0,0,0,0,"","","",W 2ND ST,S MAPLE ST,"",,"",39.161568,-86.542096,LOCAL/CITY ROAD,N,URBAN,N,N,N,"",DAYLIGHT,CLEAR,DRY,"",T-INTERSECTION,STRAIGHT/HILLCREST,ASPHALT,FOLLOWING TOO CLOSELY,REAR END,SOUTHMAPLESTWEST2NDST,LANE CONTROL
1198,BLOOMINGTON PD,BLOOMINGTON,2021-09-08T00:00:00,3:15 PM,2,0,0,0,0,"","","",S WASHINGTON ST,E 2ND ST,"",,"",39.16144,-86.5324,LOCAL/CITY ROAD,N,URBAN,N,N,N,"",DAWN/DUSK,CLEAR,DRY,"",FOUR-WAY INTERSECTION,STRAIGHT/LEVEL,ASPHALT,FAILURE TO YIELD RIGHT OF WAY,RIGHT ANGLE,E2NDSTSWASHINGTONST,NONE
1199,BLOOMINGTON PD,BLOOMINGTON,2021-09-08T00:00:00,3:40 PM,2,0,0,0,0,"","","",SR 46,S PETE ELLIS DR,"",,"",39.16424,-86.495088,LOCAL/CITY ROAD,N,URBAN,N,N,N,"",DAYLIGHT,CLEAR,DRY,"",FOUR-WAY INTERSECTION,STRAIGHT/LEVEL,ASPHALT,FOLLOWING TOO CLOSELY,REAR END,EAST3RDSTSOUTHPETEELLISDR,TRAFFIC CONTROL SIGNAL
1200,BLOOMINGTON PD,BLOOMINGTON,2021-09-08T00:00:00,5:19 PM,2,0,0,0,0,"","","",W 17TH ST,N KINSER PIKE,"",100,E,39.178992,-86.537792,LOCAL/CITY ROAD,N,URBAN,N,N,N,"",DAYLIGHT,CLEAR,DRY,"",FOUR-WAY INTERSECTION,STRAIGHT/LEVEL,ASPHALT,FOLLOWING TOO CLOSELY,REAR END,KINSERPIKEW17THST,TRAFFIC CONTROL SIGNAL
1201,BLOOMINGTON PD,BLOOMINGTON,2021-09-08T00:00:00,5:20 PM,2,0,1,0,0,"","","",SR 46,E 3RD ST,"",250,N,39.19075321,-86.4984231,LOCAL/CITY ROAD,N,URBAN,Y,N,N,"",DAYLIGHT,CLEAR,DRY,"",NO JUNCTION INVOLVED,STRAIGHT/GRADE,ASPHALT,FOLLOWING TOO CLOSELY,REAR END,E3RDSTSSTATERD46HWY,NONE
1202,ISP BLOOMINGTON 33,BLOOMINGTON,2021-09-07T00:00:00,9:50 AM,1,,0,0,1,"","","",SR 37,"","",0,"",39.09587207,-86.5462308,STATE ROAD,"",RURAL,N,N,N,"",DAYLIGHT,CLEAR,DRY,"",NO JUNCTION INVOLVED,"",ASPHALT,ANIMAL/OBJECT IN ROADWAY,COLLISION WITH DEER,StateRd37,""
1203,INDIANA UNIV BLOOMINGTON PD,BLOOMINGTON,2021-09-07T00:00:00,9:58 AM,2,0,0,0,0,"","","",N UNION ST,E LAW LN,"",,"",39.172319,-86.509656,LOCAL/CITY ROAD,N,URBAN,N,N,N,"",DAYLIGHT,CLEAR,DRY,"",RAILROAD CROSSINGS,STRAIGHT/LEVEL,ASPHALT,FOLLOWING TOO CLOSELY,REAR END,ELAWLNNUNIONST,RR CROSSING CROSSBUCKS ONLY
1204,BLOOMINGTON PD,BLOOMINGTON,2021-09-07T00:00:00,12:03 PM,2,0,0,0,0,2966,"","",KINGSTON DR S,ENTRANCE TO COLLEGE MALL,"",,"",39.1618,-86.494276,UNKNOWN,Y,URBAN,N,N,N,"",DAYLIGHT,CLEAR,DRY,"",NO JUNCTION INVOLVED,STRAIGHT/GRADE,ASPHALT,FOLLOWING TOO CLOSELY,REAR END,EAST3RDST,STOP SIGN
1205,ELLETTSVILLE PD,ELLETTSVILLE,2021-09-07T00:00:00,12:06 PM,2,0,0,0,0,"","","",SR 46,N MATTHEWS DR (N),"",,"",39.236096,-86.625168,LOCAL/CITY ROAD,N,URBAN,N,N,N,"",DAYLIGHT,CLEAR,DRY,"",NO JUNCTION INVOLVED,STRAIGHT/LEVEL,ASPHALT,FAILURE TO YIELD RIGHT OF WAY,RIGHT ANGLE,MAINSTMATTHEWSDR,TRAFFIC CONTROL SIGNAL