_id,Agency,City,Collision Date,Collision Time,Vehicles Involved,Trailers Involved,Number Injured,Number Dead,Number Deer,House Number,Roadway Interchange,Roadway Ramp,Roadway Id,Intersecting Road,Interchange,Feet From,Direction,Latitude,Longitude,Roadway Class,Hit and Run?,Locality,School Zone?,Rumble Strips?,Construction?,Construction Type,Light Condition,Weather Conditions,Surface Condition,Type of Median,Roadway Junction Type,Road Character,Roadway Surface,Primary Factor,Manner of Collision,Unique Location Id,Traffic Control
1206,BLOOMINGTON PD,BLOOMINGTON,2021-09-07T00:00:00,12:20 PM,2,0,0,0,0,"","","",W COUNTRY CLUB DR,BLOOMINGTON RAIL TRAIL,"",2000,W,39.06493817,-86.54095719,LOCAL/CITY ROAD,N,URBAN,N,N,N,"",DAYLIGHT,CLEAR,DRY,"",TRAIL CROSSINGS,STRAIGHT/GRADE,ASPHALT,FOLLOWING TOO CLOSELY,REAR END,COUNTRYCLBSWALNUTST,NONE
1207,MONROE SD,BLOOMINGTON,2021-09-07T00:00:00,1:45 PM,2,0,0,0,0,"","","",S LIBERTY DR,ENTRANCE TO ANDY MOHR HYUNDAI,"",1000,N,39.25690323,-86.576869,LOCAL/CITY ROAD,N,URBAN,N,N,N,"",DAYLIGHT,CLEAR,DRY,"",NO JUNCTION INVOLVED,STRAIGHT/LEVEL,ASPHALT,FOLLOWING TOO CLOSELY,REAR END,CONSTITUTIONWAYSOUTHLIBERTYDR,NONE
1208,INDIANA UNIV BLOOMINGTON PD,BLOOMINGTON,2021-09-07T00:00:00,4:15 PM,2,0,0,0,0,"","","",E 13TH ST,N WOODLAWN AVE,"",,"",39.1752073,-86.5236076,"",Y,URBAN,N,N,N,"",DAYLIGHT,CLEAR,DRY,"",FOUR-WAY INTERSECTION,STRAIGHT/GRADE,ASPHALT,FAILURE TO YIELD RIGHT OF WAY,RIGHT ANGLE,THIRTEENTHSTWOODLAWNAVE,STOP SIGN
1209,BLOOMINGTON PD,BLOOMINGTON,2021-09-07T00:00:00,7:34 PM,2,0,0,0,0,"","","",S FESS AVE,E HUNTER AVE,"",,"",39.162239,-86.525926,LOCAL/CITY ROAD,N,URBAN,Y,N,N,"",DAWN/DUSK,CLEAR,DRY,"",FOUR-WAY INTERSECTION,STRAIGHT/LEVEL,ASPHALT,DISREGARD SIGNAL/REG SIGN,RIGHT ANGLE,EHUNTERAVESFESSAVE,STOP SIGN
1210,BLOOMINGTON PD,BLOOMINGTON,2021-09-07T00:00:00,8:40 PM,1,0,1,0,0,"","","",W 17TH ST,N WALNUT ST,"",,"",39.178944,-86.533392,LOCAL/CITY ROAD,N,URBAN,N,N,N,"",DARK (LIGHTED),CLEAR,DRY,"",FOUR-WAY INTERSECTION,STRAIGHT/GRADE,ASPHALT,FAILURE TO YIELD RIGHT OF WAY,LEFT TURN,17THSTWALNUTST,TRAFFIC CONTROL SIGNAL
1211,ELLETTSVILLE PD,ELLETTSVILLE,2021-09-06T00:00:00,1:06 AM,2,0,0,0,0,"","","",SR 46,N LAKEVIEW DR,"",,"",39.221152,-86.6056,STATE ROAD,N,URBAN,N,N,N,"",DAYLIGHT,CLEAR,DRY,"",T-INTERSECTION,STRAIGHT/LEVEL,ASPHALT,FOLLOWING TOO CLOSELY,REAR END,LAKEVIEWDRSR46W,LANE CONTROL
1212,BLOOMINGTON PD,BLOOMINGTON,2021-09-06T00:00:00,2:15 AM,1,0,0,0,0,1014,"","",S WALNUT ST,E DAVIS ST,"",,"",39.154385,-86.534083,LOCAL/CITY ROAD,Y,URBAN,N,N,N,"",DARK (LIGHTED),CLEAR,DRY,"",NO JUNCTION INVOLVED,STRAIGHT/LEVEL,ASPHALT,LEFT OF CENTER,RAN OFF ROAD,SOUTHWALNUTST,NONE
1213,INDIANA UNIV BLOOMINGTON PD,BLOOMINGTON,2021-09-06T00:00:00,1:25 PM,2,0,1,0,0,"","","",SR 45/46,"","",,"",0,0,STATE ROAD,N,URBAN,N,N,N,"",DAYLIGHT,CLEAR,DRY,"",NO JUNCTION INVOLVED,STRAIGHT/LEVEL,ASPHALT,FOLLOWING TOO CLOSELY,REAR END,ELINGELBACHLNSR46,TRAFFIC CONTROL SIGNAL
1214,MONROE SD,BLOOMINGTON,2021-09-06T00:00:00,4:22 PM,1,0,0,0,0,4120,"","",S SWARTZ RIDGE RD,"","",5000,N,39.65778778,-86.44695,LOCAL/CITY ROAD,N,RURAL,N,N,N,"",DAYLIGHT,CLEAR,DRY,"",NO JUNCTION INVOLVED,CURVE/LEVEL,ASPHALT,RAN OFF ROAD RIGHT,RAN OFF ROAD,STATEROAD446HWYSWARTZRIDGERD,LANE CONTROL
1215,MONROE SD,BLOOMINGTON,2021-09-06T00:00:00,11:33 PM,2,0,0,0,0,"","","",W KIRKWOOD AVE,S COLLEGE AVE,"",100,E,39.16664,-86.5348,LOCAL/CITY ROAD,Y,URBAN,N,N,N,"",DARK (LIGHTED),CLEAR,DRY,"",NO JUNCTION INVOLVED,STRAIGHT/LEVEL,ASPHALT,RAN OFF ROAD RIGHT,SAME DIRECTION SIDESWIPE,SOUTHCOLLEGEAVEWESTKIRKWOODAVE,NONE
1216,BLOOMINGTON PD,BLOOMINGTON,2021-09-05T00:00:00,4:00 AM,1,0,,0,0,"","","",S MORTON ST,B-LINE TRAIL,"",300,N,39.18916653,-86.536329,LOCAL/CITY ROAD,Y,URBAN,N,N,N,"",DARK (LIGHTED),RAIN,WET,"",FOUR-WAY INTERSECTION,STRAIGHT/LEVEL,ASPHALT,RAN OFF ROAD RIGHT,RAN OFF ROAD,SMORTONSTWDODDSAVE,NONE
1217,ISP BLOOMINGTON 33,BLOOMINGTON,2021-09-05T00:00:00,2:15 PM,1,,0,0,1,"","","",SR 446,E RUSH RIDGE RD,"",0,"",39.08052468,-86.41803791,STATE ROAD,"",RURAL,N,N,N,"",DAYLIGHT,CLEAR,DRY,"",NO JUNCTION INVOLVED,"",ASPHALT,ANIMAL/OBJECT IN ROADWAY,COLLISION WITH DEER,SR446RushRidgeRd,""
1218,MONROE SD,BLOOMINGTON,2021-09-05T00:00:00,2:51 PM,2,0,1,0,0,"","","",S FAIRFAX RD,E SMITHVILLE RD,"",,"",39.071152,-86.503088,LOCAL/CITY ROAD,N,RURAL,N,N,N,"",DAYLIGHT,CLEAR,DRY,"",FOUR-WAY INTERSECTION,STRAIGHT/LEVEL,ASPHALT,FAILURE TO YIELD RIGHT OF WAY,OTHER - EXPLAIN IN NARRATIVE,ESMITHVILLERDSFAIRFAXRD,STOP SIGN
1219,MONROE SD,BLOOMINGTON,2021-09-04T00:00:00,3:50 AM,1,0,0,0,0,5006,"","",S ROGERS ST,"","",,"",39.16472,-86.538592,"",Y,RURAL,N,N,N,"",DARK (NOT LIGHTED),CLEAR,DRY,"",NO JUNCTION INVOLVED,CURVE/LEVEL,ASPHALT,RAN OFF ROAD RIGHT,RAN OFF ROAD,SROGERSST,LANE CONTROL
1220,BLOOMINGTON PD,BLOOMINGTON,2021-09-04T00:00:00,12:00 PM,1,0,1,0,0,"","","",N COLLEGE AVE,INDIANA RAILROAD BRIDGE,"",500,N,39.17460528,-86.534752,LOCAL/CITY ROAD,Y,URBAN,N,N,N,"",DAYLIGHT,CLOUDY,DRY,"",NO JUNCTION INVOLVED,STRAIGHT/GRADE,ASPHALT,PEDESTRIAN ACTION,COLLISION WITH OBJECT IN ROAD,11THSTCOLLEGEAVE,LANE CONTROL
1221,BLOOMINGTON PD,BLOOMINGTON,2021-09-04T00:00:00,1:46 PM,3,0,1,0,0,"","","",SR 46,E 7TH ST,"",,"",39.167648,-86.500096,STATE ROAD,N,URBAN,N,N,N,"",DAYLIGHT,CLOUDY,DRY,"",FOUR-WAY INTERSECTION,STRAIGHT/LEVEL,ASPHALT,FOLLOWING TOO CLOSELY,REAR END,E7THSTSR46S,NONE
1222,BLOOMINGTON PD,BLOOMINGTON,2021-09-04T00:00:00,2:24 PM,2,0,0,0,0,"","","",W 11TH ST,N MORTON ST,"",,"",39.173216,-86.536,LOCAL/CITY ROAD,N,URBAN,N,N,N,"",DAYLIGHT,CLOUDY,DRY,"",FOUR-WAY INTERSECTION,STRAIGHT/LEVEL,ASPHALT,FAILURE TO YIELD RIGHT OF WAY,RIGHT ANGLE,NMORTONSTW11THST,STOP SIGN
1223,MONROE SD,BLOOMINGTON,2021-09-04T00:00:00,4:31 PM,1,0,0,0,0,"","","",SR 48,"","",2500,W,39.16861262,-86.6698189,STATE ROAD,N,RURAL,N,N,N,"",DAYLIGHT,RAIN,WET,"",T-INTERSECTION,CURVE/GRADE,ASPHALT,RAN OFF ROAD RIGHT,RAN OFF ROAD,SR48EVERNALPIKE,NONE
1224,INDIANA UNIV BLOOMINGTON PD,BLOOMINGTON,2021-09-04T00:00:00,4:55 PM,1,0,0,0,0,"","","",E 10TH ST,INDIANA RAILROAD BRIDGE,"",180,E,0,0,LOCAL/CITY ROAD,N,URBAN,N,N,N,"",DAYLIGHT,RAIN,WET,"",NO JUNCTION INVOLVED,CURVE/GRADE,ASPHALT,SPEED TOO FAST FOR WEATHER CONDITIONS,OTHER - EXPLAIN IN NARRATIVE,TENTHSTUNIONVILLERD,NONE
1225,BLOOMINGTON PD,BLOOMINGTON,2021-09-04T00:00:00,5:05 PM,2,0,0,0,0,"","","",W 3RD ST (N),S PATTERSON DR,"",,"",39.16342,-86.551249,LOCAL/CITY ROAD,N,URBAN,N,N,N,"",DARK (LIGHTED),RAIN,WET,"",FOUR-WAY INTERSECTION,STRAIGHT/LEVEL,ASPHALT,SPEED TOO FAST FOR WEATHER CONDITIONS,REAR END,SPATTERSONDRW3RDST,TRAFFIC CONTROL SIGNAL
1226,MONROE SD,BLOOMINGTON,2021-09-04T00:00:00,5:50 PM,2,0,0,0,0,"","","",S ROGERS ST,W CHURCH LN (S),"",75,W,39.107354,-86.54021651,LOCAL/CITY ROAD,N,RURAL,N,N,N,"",DAYLIGHT,CLEAR,DRY,"",FOUR-WAY INTERSECTION,CURVE/GRADE,ASPHALT,LEFT OF CENTER,SAME DIRECTION SIDESWIPE,SROGERSSTWCHURCHLN,NONE
1227,BLOOMINGTON PD,BLOOMINGTON,2021-09-04T00:00:00,9:19 PM,2,0,5,0,0,"","","",SR 446,E MOORES PIKE,"",,"",39.150352,-86.471296,STATE ROAD,N,URBAN,N,Y,N,"",DARK (NOT LIGHTED),RAIN,WET,"",FOUR-WAY INTERSECTION,STRAIGHT/LEVEL,ASPHALT,FAILURE TO YIELD RIGHT OF WAY,LEFT TURN,EMOORESPIKESR446S,STOP SIGN
1228,ISP BLOOMINGTON 33,BLOOMINGTON,2021-09-03T00:00:00,7:05 AM,2,,1,0,0,"",90E,"",SR 37,E MONROE DAM RD,"",0,"",39.01927437,-86.53651432,STATE ROAD,"",RURAL,N,N,Y,LANE CLOSURE,DAWN/DUSK,CLEAR,DRY,"",RAMP,"",ASPHALT,FOLLOWING TOO CLOSELY,REAR END,SR37southof090-RampE,""
1229,ISP BLOOMINGTON 33,ELLETTSVILLE,2021-09-03T00:00:00,9:51 AM,2,,0,0,0,"","","",SR 46,W FORREST PARK DR,"",0,"",39.21203843,-86.5870488,STATE ROAD,"",RURAL,N,N,N,"",DAYLIGHT,CLEAR,DRY,"",INTERCHANGE,"",ASPHALT,FAILURE TO YIELD RIGHT OF WAY,RIGHT ANGLE,SR46ForestParkDr,""
1230,BLOOMINGTON PD,BLOOMINGTON,2021-09-03T00:00:00,10:37 AM,2,0,0,0,0,"","","",ALLEY,"","",500,W,39.16664,-86.52995611,LOCAL/CITY ROAD,N,URBAN,N,N,N,"",DAYLIGHT,CLEAR,DRY,"",NO JUNCTION INVOLVED,STRAIGHT/LEVEL,ASPHALT,OVERSIZE/OVERWEIGHT LOAD,SAME DIRECTION SIDESWIPE,KIRKWOODAVESDUNNST,NONE
1231,INDIANA UNIV BLOOMINGTON PD,BLOOMINGTON,2021-09-03T00:00:00,11:00 AM,1,0,0,0,0,"","","",N FEE LN,N JORDAN AVE,"",100,N,39.18384,-86.5192,LOCAL/CITY ROAD,N,URBAN,N,N,N,"",DAYLIGHT,CLEAR,DRY,"",NO JUNCTION INVOLVED,STRAIGHT/LEVEL,ASPHALT,CELL PHONE USAGE,OTHER - EXPLAIN IN NARRATIVE,NFEELNNJORDANAVE,NONE
1232,MONROE SD,ELLETTSVILLE,2021-09-03T00:00:00,11:04 AM,2,1,0,0,0,"","","",SR 46,N SMITH PIKE,"",660,W,39.21123287,-86.58506288,STATE ROAD,N,URBAN,N,N,N,"",DAYLIGHT,CLEAR,DRY,"",NO JUNCTION INVOLVED,CURVE/LEVEL,ASPHALT,FOLLOWING TOO CLOSELY,REAR END,NSMITHPIKESR46W,NONE
1233,INDIANA UNIV BLOOMINGTON PD,BLOOMINGTON,2021-09-03T00:00:00,12:14 PM,2,0,0,0,0,"","","",SR 45/46,E DISCOVERY PKWY,"",,"",39.171474,-86.495398,STATE ROAD,N,URBAN,N,N,N,"",DAYLIGHT,CLEAR,DRY,"",T-INTERSECTION,STRAIGHT/LEVEL,ASPHALT,FOLLOWING TOO CLOSELY,REAR END,EDISCOVERYPKWYSR45N,TRAFFIC CONTROL SIGNAL
1234,MONROE SD,BLOOMINGTON,2021-09-03T00:00:00,12:34 PM,2,0,0,0,0,"","","",S CURRY PIKE,W SIERRA DR,"",,"",39.1524,-86.582704,LOCAL/CITY ROAD,N,URBAN,N,N,N,"",DAYLIGHT,CLEAR,DRY,"",FOUR-WAY INTERSECTION,STRAIGHT/LEVEL,ASPHALT,IMPROPER TURNING,SAME DIRECTION SIDESWIPE,SCURRYPIKEWSIERRADR,LANE CONTROL
1235,INDIANA UNIV BLOOMINGTON PD,BLOOMINGTON,2021-09-03T00:00:00,12:45 PM,4,0,0,0,0,"","","",SR 45/46,E DISCOVERY PKWY,"",,"",39.17555491,-86.50092798,STATE ROAD,N,URBAN,N,N,N,"",DAYLIGHT,CLEAR,DRY,"",T-INTERSECTION,STRAIGHT/LEVEL,ASPHALT,FOLLOWING TOO CLOSELY,REAR END,EDISCOVERYPARKWAYPKWYSR4546S,TRAFFIC CONTROL SIGNAL
1236,INDIANA UNIV BLOOMINGTON PD,BLOOMINGTON,2021-09-03T00:00:00,1:55 PM,2,0,0,0,0,"","","",SR 45/46,E DISCOVERY PKWY,"",,"",39.227137,-86.615218,STATE ROAD,N,URBAN,N,N,N,"",DAYLIGHT,CLEAR,DRY,"",NO JUNCTION INVOLVED,STRAIGHT/LEVEL,ASPHALT,FOLLOWING TOO CLOSELY,REAR END,EASTDISCOVERYPKWYSR46E,TRAFFIC CONTROL SIGNAL
1237,BLOOMINGTON PD,BLOOMINGTON,2021-09-03T00:00:00,2:06 PM,2,0,0,0,0,"","","",E ATWATER AVE,S SWAIN AVE,"",,"",39.163152,-86.515168,LOCAL/CITY ROAD,N,URBAN,N,N,N,"",DAYLIGHT,CLEAR,DRY,"",FOUR-WAY INTERSECTION,STRAIGHT/GRADE,ASPHALT,IMPROPER TURNING,SAME DIRECTION SIDESWIPE,EASTATWATERAVESOUTHSWAINAVE,LANE CONTROL
1238,BLOOMINGTON PD,BLOOMINGTON,2021-09-03T00:00:00,4:13 PM,2,0,0,0,0,"","","",W 11TH ST,N ASHLYNN PARK DR,"",,"",39.17326,-86.5368443,LOCAL/CITY ROAD,N,URBAN,N,N,B,"",DAYLIGHT,CLEAR,DRY,"",T-INTERSECTION,STRAIGHT/LEVEL,CONCRETE,FAILURE TO YIELD RIGHT OF WAY,RIGHT ANGLE,ASHLYNPARKDRW11THST,STOP SIGN
1239,INDIANA UNIV BLOOMINGTON PD,BLOOMINGTON,2021-09-03T00:00:00,5:41 PM,2,0,0,0,0,"","","",E 17TH ST,N INDIANA AVE,"",,"",39.179024,-86.52706,LOCAL/CITY ROAD,N,URBAN,N,N,N,"",DAYLIGHT,CLEAR,DRY,"",T-INTERSECTION,STRAIGHT/LEVEL,ASPHALT,FOLLOWING TOO CLOSELY,REAR END,EAST17THSTINDIANAAVE,STOP SIGN
1240,BLOOMINGTON PD,BLOOMINGTON,2021-09-03T00:00:00,6:45 PM,1,0,1,0,0,"","","",I-69 N,"","",3500,S,0,0,INTERSTATE,N,URBAN,N,N,N,"",DAYLIGHT,CLEAR,DRY,"",NO JUNCTION INVOLVED,STRAIGHT/GRADE,ASPHALT,UNSAFE SPEED,RAN OFF ROAD,I69NSTATEROAD4546HWY,LANE CONTROL
1241,MONROE SD,BLOOMINGTON,2021-09-03T00:00:00,7:15 PM,2,0,0,0,0,2963,"","",S BUBBY ROY LN,"","",,"",39.136223,-86.644473,COUNTY ROAD,N,RURAL,N,N,N,"",DAYLIGHT,CLEAR,DRY,"",NO JUNCTION INVOLVED,CURVE/GRADE,ASPHALT,UNSAFE BACKING,BACKING CRASH,SBUBBYROYLN,NONE
1242,BLOOMINGTON PD,BLOOMINGTON,2021-09-03T00:00:00,7:20 PM,2,0,0,0,0,"","","",I-69 N,"","",1000,S,0,0,INTERSTATE,N,URBAN,N,N,N,"",DAYLIGHT,CLEAR,DRY,"",NO JUNCTION INVOLVED,STRAIGHT/GRADE,ASPHALT,FOLLOWING TOO CLOSELY,REAR END,I69N120,NONE
1243,ISP BLOOMINGTON 33,BLOOMINGTON,2021-09-02T00:00:00,7:41 AM,2,,0,0,0,"","","",S WALNUT ST,E HILLSIDE DR,"",0,"",39.15051075,-86.53370566,LOCAL/CITY ROAD,"",URBAN,N,N,N,"",DAYLIGHT,CLEAR,DRY,"",FOUR-WAY INTERSECTION,"",ASPHALT,FAILURE TO YIELD RIGHT OF WAY,LEFT TURN,WalnutStHillsideDr,""
1244,BLOOMINGTON PD,BLOOMINGTON,2021-09-02T00:00:00,8:50 AM,2,0,1,0,0,"","","",N INDIANA AVE,E 12TH ST,"",,"",39.174368,-86.527088,LOCAL/CITY ROAD,N,URBAN,N,N,N,"",DAYLIGHT,CLEAR,DRY,"",FOUR-WAY INTERSECTION,STRAIGHT/LEVEL,ASPHALT,FAILURE TO YIELD RIGHT OF WAY,RIGHT ANGLE,E12THSTNINDIANAAVE,NONE
1245,ISP BLOOMINGTON 33,BLOOMINGTON,2021-09-02T00:00:00,12:45 PM,2,,0,0,0,"","","",W BLOOMFIELD RD,S RANSOM LN,"",0,"",39.15886365,-86.55591435,LOCAL/CITY ROAD,"",URBAN,N,N,N,"",DAYLIGHT,CLEAR,DRY,"",NO JUNCTION INVOLVED,"",ASPHALT,FOLLOWING TOO CLOSELY,REAR END,WBloomfieldRdSRansomLn,""
1246,BLOOMINGTON PD,BLOOMINGTON,2021-09-02T00:00:00,12:52 PM,2,0,0,0,0,"","","",S WALNUT ST,E 2ND ST,"",150,E,39.161363,-86.53366098,LOCAL/CITY ROAD,N,URBAN,N,N,N,"",DAYLIGHT,CLEAR,DRY,"",NO JUNCTION INVOLVED,STRAIGHT/LEVEL,ASPHALT,FOLLOWING TOO CLOSELY,REAR END,2NDSTWALNUTST,NONE
1247,MONROE SD,BLOOMINGTON,2021-09-02T00:00:00,1:47 PM,2,0,0,0,0,400,"","",S MADISON ST,"","",,"",39.128,-86.5367583,COUNTY ROAD,Y,RURAL,N,N,N,"",DAWN/DUSK,CLEAR,DRY,"",NO JUNCTION INVOLVED,STRAIGHT/LEVEL,ASPHALT,UNSAFE BACKING,BACKING CRASH,WTERRACEDR,LANE CONTROL
1248,ISP BLOOMINGTON 33,BLOOMINGTON,2021-09-02T00:00:00,3:44 PM,1,,1,0,0,"","","",W KARST FARM PARK DR,"","",500,"",39.14097908,-86.59867846,COUNTY ROAD,"",RURAL,N,N,N,"",DAYLIGHT,CLEAR,DRY,"",NO JUNCTION INVOLVED,"",ASPHALT,"",OTHER - EXPLAIN IN NARRATIVE,WKarstFarmParkDrS.EndwrightRd.,""
1249,MONROE SD,BLOOMINGTON,2021-09-02T00:00:00,5:07 PM,2,0,0,0,0,"","","",N CURRY PIKE,W WOODYARD RD,"",,"",39.190672,-86.582992,LOCAL/CITY ROAD,N,URBAN,N,N,N,"",DAYLIGHT,CLEAR,DRY,"",NO JUNCTION INVOLVED,CURVE/LEVEL,ASPHALT,UNSAFE LANE MOVEMENT,SAME DIRECTION SIDESWIPE,CURRYPIKEWOODYARDRD,TRAFFIC CONTROL SIGNAL
1250,BLOOMINGTON PD,BLOOMINGTON,2021-09-02T00:00:00,7:10 PM,2,0,0,0,0,"","","",E 3RD ST,S ROOSEVELT ST,"",,"",39.164304,-86.505792,LOCAL/CITY ROAD,N,URBAN,N,N,N,"",DAYLIGHT,CLEAR,DRY,"",T-INTERSECTION,STRAIGHT/GRADE,ASPHALT,FOLLOWING TOO CLOSELY,REAR END,EAST3RDSTSOUTHROOSEVELTST,NONE
1251,INDIANA UNIV BLOOMINGTON PD,BLOOMINGTON,2021-09-02T00:00:00,7:20 PM,3,0,0,0,0,"","","",E 3RD ST,S INDIANA AVE,"",,"",39.164287,-86.526904,LOCAL/CITY ROAD,Y,URBAN,N,N,N,"",DAYLIGHT,CLEAR,DRY,"","",STRAIGHT/LEVEL,ASPHALT,FOLLOWING TOO CLOSELY,REAR END,HENDERSONSTTHIRDST,NONE
1252,MONROE SD,BLOOMINGTON,2021-09-02T00:00:00,10:27 PM,1,0,0,0,0,"","","",W DUNLEIGH DR,N BROOKBANK DR,"",100,E,39.215152,-86.6,COUNTY ROAD,N,URBAN,N,N,N,"",DARK (NOT LIGHTED),CLEAR,DRY,"",NO JUNCTION INVOLVED,CURVE/LEVEL,ASPHALT,RAN OFF ROAD RIGHT,RAN OFF ROAD,BROOKBANKDRDUNLEIGHDR,NONE
1253,MONROE SD,BLOOMINGTON,2021-09-01T00:00:00,6:19 AM,1,0,0,0,1,"","","",SR 45,W HINDS RD (NE),"",100,W,39.09896791,-86.6522616,STATE ROAD,N,RURAL,N,N,N,"",DARK (NOT LIGHTED),CLEAR,DRY,"",NO JUNCTION INVOLVED,CURVE/GRADE,ASPHALT,ANIMAL/OBJECT IN ROADWAY,COLLISION WITH DEER,HINDSRDSR45W,LANE CONTROL
1254,BLOOMINGTON PD,BLOOMINGTON,2021-09-01T00:00:00,8:17 AM,2,0,0,0,0,"","","",N WALNUT ST,E 10TH ST,"",,"",39.171744,-86.53352,LOCAL/CITY ROAD,N,URBAN,N,N,N,"",DAYLIGHT,CLEAR,DRY,"",FOUR-WAY INTERSECTION,STRAIGHT/GRADE,ASPHALT,DISREGARD SIGNAL/REG SIGN,RIGHT ANGLE,10THSTWALNUTST,TRAFFIC CONTROL SIGNAL
1255,BLOOMINGTON PD,BLOOMINGTON,2021-09-01T00:00:00,1:22 PM,3,0,1,0,0,"","","",W BLOOMFIELD RD,S LANDMARK AVE,"",,"",39.159933,-86.55386,LOCAL/CITY ROAD,N,URBAN,N,N,N,"",DAYLIGHT,CLEAR,DRY,"",FOUR-WAY INTERSECTION,STRAIGHT/LEVEL,ASPHALT,DRIVER DISTRACTED - EXPLAIN IN NARRATIVE,REAR END,SLANDMARKAVEWBLOOMFIELDRD,NONE
1256,MONROE SD,BLOOMINGTON,2021-09-01T00:00:00,3:28 PM,2,0,0,0,0,3501,"","",N PROW RD,"","",,"",39.202048,-86.552096,LOCAL/CITY ROAD,N,URBAN,Y,N,N,"",DAYLIGHT,CLEAR,DRY,"",NO JUNCTION INVOLVED,STRAIGHT/GRADE,ASPHALT,FOLLOWING TOO CLOSELY,REAR END,NPROWRD,NONE
1257,MONROE SD,BLOOMINGTON,2021-09-01T00:00:00,7:52 PM,1,0,0,0,1,"","","",S SHIELDS RIDGE RD,"","",800,S,39.00531514,-86.477118,COUNTY ROAD,N,RURAL,N,N,N,"",DAWN/DUSK,CLEAR,DRY,"",NO JUNCTION INVOLVED,CURVE/GRADE,ASPHALT,ANIMAL/OBJECT IN ROADWAY,COLLISION WITH DEER,PAYNETOWNRDSHIELDSRIDGERD,NONE
1258,INDIANA UNIV BLOOMINGTON PD,BLOOMINGTON,2021-08-31T00:00:00,11:05 AM,2,0,0,0,0,"","","",E 10TH ST,N FORREST AVE,"",,"",39.17162,-86.522372,LOCAL/CITY ROAD,N,URBAN,N,N,N,"",DAYLIGHT,CLOUDY,DRY,"",NO JUNCTION INVOLVED,STRAIGHT/LEVEL,ASPHALT,UNSAFE SPEED,REAR END,FORRESTAVETENTHST,NONE
1259,BLOOMINGTON PD,BLOOMINGTON,2021-08-31T00:00:00,1:27 PM,2,0,0,0,0,"","","",E LONGVIEW AVE,N PETE ELLIS DR,"",,"",39.166944,-86.495056,LOCAL/CITY ROAD,N,URBAN,N,N,N,"",DAYLIGHT,CLEAR,DRY,"",FOUR-WAY INTERSECTION,STRAIGHT/LEVEL,ASPHALT,DISREGARD SIGNAL/REG SIGN,RIGHT ANGLE,ELONGVIEWAVENPETEELLISDR,STOP SIGN
1260,ISP BLOOMINGTON 33,BLOOMINGTON,2021-08-31T00:00:00,2:58 PM,1,,0,0,0,"","","",I-69 S,"","",634,"",39.27934841,-86.52359687,INTERSTATE,"",RURAL,N,N,N,"",DAYLIGHT,RAIN,WET,"",NO JUNCTION INVOLVED,"",ASPHALT,SPEED TOO FAST FOR WEATHER CONDITIONS,"",I-69127,""
1261,BLOOMINGTON PD,BLOOMINGTON,2021-08-31T00:00:00,3:49 PM,2,0,0,0,0,"","","",N ROGERS ST,W 7TH ST,"",,"",39.168704,-86.538576,LOCAL/CITY ROAD,N,URBAN,Y,N,N,"",DAYLIGHT,RAIN,WET,"",FOUR-WAY INTERSECTION,STRAIGHT/LEVEL,ASPHALT,DISREGARD SIGNAL/REG SIGN,RIGHT ANGLE,NORTHROGERSSTWEST7THST,STOP SIGN
1262,ISP BLOOMINGTON 33,BLOOMINGTON,2021-08-31T00:00:00,3:59 PM,1,,0,0,0,"","","",I-69 N,"","",1003,"",39.21981749,-86.55069851,INTERSTATE,"",RURAL,N,N,N,"",DAYLIGHT,RAIN,WET,"",NO JUNCTION INVOLVED,"",ASPHALT,SPEED TOO FAST FOR WEATHER CONDITIONS,"",I-69122,""
1263,BLOOMINGTON PD,BLOOMINGTON,2021-08-31T00:00:00,4:31 PM,2,0,0,0,0,"","","",W GRIMES LN,S MORTON ST,"",,"",39.15344,-86.536304,LOCAL/CITY ROAD,N,URBAN,N,N,N,"",DAYLIGHT,RAIN,WET,"",T-INTERSECTION,STRAIGHT/LEVEL,ASPHALT,FOLLOWING TOO CLOSELY,REAR END,SMORTONSTWGRIMESLN,NONE
1264,BLOOMINGTON PD,BLOOMINGTON,2021-08-31T00:00:00,4:45 PM,2,0,0,0,0,"","","",N COLLEGE AVE,W 7TH ST,"",,"",39.168656,-86.534784,LOCAL/CITY ROAD,N,URBAN,N,N,N,"",DAYLIGHT,RAIN,WET,"",FOUR-WAY INTERSECTION,STRAIGHT/GRADE,ASPHALT,FAILURE TO YIELD RIGHT OF WAY,SAME DIRECTION SIDESWIPE,NORTHCOLLEGEAVEWEST7THST,TRAFFIC CONTROL SIGNAL
1265,MONROE SD,BLOOMINGTON,2021-08-31T00:00:00,5:04 PM,2,0,0,0,0,"","","",N MATTHEWS DR,"","",750,W,0,0,LOCAL/CITY ROAD,N,RURAL,N,N,N,"",DAYLIGHT,CLEAR,DRY,"",NO JUNCTION INVOLVED,CURVE/GRADE,ASPHALT,IMPROPER PASSING,SAME DIRECTION SIDESWIPE,NMATTHEWSDRWDELAPRD,LANE CONTROL
1266,BLOOMINGTON PD,BLOOMINGTON,2021-08-31T00:00:00,5:05 PM,3,0,0,0,0,"","","",N COLLEGE AVE,W 7TH ST,"",50,N,39.168656,-86.534784,LOCAL/CITY ROAD,N,URBAN,N,N,N,"",DAYLIGHT,RAIN,WET,"",NO JUNCTION INVOLVED,STRAIGHT/GRADE,ASPHALT,FOLLOWING TOO CLOSELY,REAR END,NCOLLEGEAVEW7THST,LANE CONTROL