_id,Agency,City,Collision Date,Collision Time,Vehicles Involved,Trailers Involved,Number Injured,Number Dead,Number Deer,House Number,Roadway Interchange,Roadway Ramp,Roadway Id,Intersecting Road,Interchange,Feet From,Direction,Latitude,Longitude,Roadway Class,Hit and Run?,Locality,School Zone?,Rumble Strips?,Construction?,Construction Type,Light Condition,Weather Conditions,Surface Condition,Type of Median,Roadway Junction Type,Road Character,Roadway Surface,Primary Factor,Manner of Collision,Unique Location Id,Traffic Control
1267,BLOOMINGTON PD,BLOOMINGTON,2021-08-31T00:00:00,5:54 PM,2,0,0,0,0,"","","",W FULLERTON PIKE,S LEONARD SPRINGS RD,"",,"",39.123376,-86.582592,LOCAL/CITY ROAD,Y,RURAL,N,N,N,"",DAYLIGHT,CLOUDY,WET,"",T-INTERSECTION,STRAIGHT/LEVEL,ASPHALT,DISREGARD SIGNAL/REG SIGN,LEFT TURN,SLEONARDSPRINGSRDWFULLERTONPIKE,STOP SIGN
1268,MONROE SD,BLOOMINGTON,2021-08-31T00:00:00,6:04 PM,3,0,0,0,0,"","","",N THOMAS RD,"","",1000,S,39.21099945,-86.6302919,COUNTY ROAD,N,RURAL,N,N,N,"",DAYLIGHT,CLEAR,WET,"",NO JUNCTION INVOLVED,STRAIGHT/HILLCREST,ASPHALT,SPEED TOO FAST FOR WEATHER CONDITIONS,REAR END,THOMASRDTULIPST,NONE
1269,INDIANA UNIV BLOOMINGTON PD,BLOOMINGTON,2021-08-31T00:00:00,10:10 PM,1,0,1,0,0,"","","",E 17TH ST,N JORDAN AVE (W),"",427,E,39.178838,-86.51095294,LOCAL/CITY ROAD,N,URBAN,N,N,N,"",DARK (NOT LIGHTED),CLEAR,WET,"",T-INTERSECTION,STRAIGHT/HILLCREST,ASPHALT,PEDESTRIAN ACTION,COLLISION WITH OBJECT IN ROAD,EAST17THSTJORDANAVE,LANE CONTROL
1270,MONROE SD,BLOOMINGTON,2021-08-30T00:00:00,7:55 AM,2,0,0,0,0,"","","",S ROGERS ST,W WALLS DR,"",,"",39.134144,-86.538381,LOCAL/CITY ROAD,N,URBAN,N,N,N,"",DAYLIGHT,RAIN,WET,"",NO JUNCTION INVOLVED,STRAIGHT/LEVEL,ASPHALT,SPEED TOO FAST FOR WEATHER CONDITIONS,REAR END,SOUTHROGERSSTWESTWALLSDR,NONE
1271,MONROE SD,BLOOMINGTON,2021-08-30T00:00:00,8:03 AM,1,0,0,0,0,"","","",I-69 N,"","",2500,S,0,0,INTERSTATE,N,RURAL,N,Y,N,"",DAYLIGHT,RAIN,WET,"",RAMP,STRAIGHT/GRADE,ASPHALT,SPEED TOO FAST FOR WEATHER CONDITIONS,RAN OFF ROAD,I69N125.0,NONE
1272,BLOOMINGTON PD,BLOOMINGTON,2021-08-30T00:00:00,10:00 AM,2,0,0,0,0,"","","",E WYLIE ST,"","",200,E,39.15864161,-86.52183868,LOCAL/CITY ROAD,N,URBAN,N,N,N,"",DAYLIGHT,RAIN,WET,"",NO JUNCTION INVOLVED,STRAIGHT/LEVEL,ASPHALT,DRIVER DISTRACTED - EXPLAIN IN NARRATIVE,REAR END,WOODLAWNAVEWYLIEST,NONE
1273,BLOOMINGTON PD,BLOOMINGTON,2021-08-30T00:00:00,11:28 AM,2,0,0,0,0,"","","",SR 45/46,N KINSER PIKE,"",,"",39.186544,-86.537888,STATE ROAD,N,URBAN,N,N,N,"",DAYLIGHT,RAIN,WET,"",FOUR-WAY INTERSECTION,STRAIGHT/LEVEL,ASPHALT,SPEED TOO FAST FOR WEATHER CONDITIONS,REAR END,NKINSERPIKESR4546E,TRAFFIC CONTROL SIGNAL
1274,INDIANA UNIV BLOOMINGTON PD,BLOOMINGTON,2021-08-30T00:00:00,11:37 AM,2,0,0,0,0,"","","",E 17TH ST,N FEE LN,"",,"",39.179061,-86.51897,LOCAL/CITY ROAD,N,URBAN,N,N,N,"",DAYLIGHT,RAIN,WET,"",FOUR-WAY INTERSECTION,STRAIGHT/GRADE,ASPHALT,SPEED TOO FAST FOR WEATHER CONDITIONS,REAR END,EAST17THSTFEELN,TRAFFIC CONTROL SIGNAL
1275,BLOOMINGTON PD,BLOOMINGTON,2021-08-30T00:00:00,12:47 PM,2,0,0,0,0,"","","",S ROGERS ST,W 4TH ST,"",,"",39.165696,-86.538592,LOCAL/CITY ROAD,N,URBAN,N,N,N,"",DAYLIGHT,CLOUDY,WET,"",FOUR-WAY INTERSECTION,STRAIGHT/GRADE,ASPHALT,FAILURE TO YIELD RIGHT OF WAY,RIGHT ANGLE,SROGERSSTW4THST,STOP SIGN
1276,BLOOMINGTON PD,BLOOMINGTON,2021-08-30T00:00:00,1:14 PM,2,0,0,0,0,"","","",W KIRKWOOD AVE,S ADAMS ST,"",,"",39.166686,-86.549601,LOCAL/CITY ROAD,Y,URBAN,N,N,N,"",DAYLIGHT,CLOUDY,DRY,"",NO JUNCTION INVOLVED,CURVE/GRADE,ASPHALT,FOLLOWING TOO CLOSELY,REAR END,SADAMSSTWKIRKWOODAVE,LANE CONTROL
1277,MONROE SD,BLOOMINGTON,2021-08-30T00:00:00,1:50 PM,1,0,0,0,0,"","","",W POPCORN RD,S ROCKPORT RD,"",,"",39.002752,-86.59,"",Y,RURAL,N,N,N,"",DAYLIGHT,RAIN,WET,"",NO JUNCTION INVOLVED,CURVE/GRADE,ASPHALT,RAN OFF ROAD RIGHT,RAN OFF ROAD,POPCORNRDROCKPORTRD,NONE
1278,INDIANA UNIV BLOOMINGTON PD,BLOOMINGTON,2021-08-30T00:00:00,4:20 PM,2,0,2,0,0,"","","",SR 45/46,N DUNN ST,"",100,E,39.22590355,-86.6134509,STATE ROAD,N,URBAN,N,N,N,"",DAYLIGHT,RAIN,WET,"",T-INTERSECTION,STRAIGHT/GRADE,ASPHALT,FAILURE TO YIELD RIGHT OF WAY,RIGHT ANGLE,DUNNSTSR46E,STOP SIGN
1279,BLOOMINGTON PD,BLOOMINGTON,2021-08-30T00:00:00,4:50 PM,2,0,0,0,0,"","","",S LEONARD SPRINGS RD,SR 45,"",,"",39.1418899,-86.5825878,LOCAL/CITY ROAD,N,URBAN,N,N,N,"",DAYLIGHT,RAIN,WET,"",FOUR-WAY INTERSECTION,STRAIGHT/GRADE,ASPHALT,FAILURE TO YIELD RIGHT OF WAY,RIGHT ANGLE,EASTSTATEHIGHWAY45HWYSOUTHLEONARDSPRINGSRD,TRAFFIC CONTROL SIGNAL
1280,MONROE SD,BLOOMINGTON,2021-08-30T00:00:00,5:09 PM,2,0,0,0,0,"","","",SR 45,W ELLER RD,"",,"",39.12224,-86.6144,STATE ROAD,N,RURAL,N,N,N,"",DAYLIGHT,RAIN,WET,"",FOUR-WAY INTERSECTION,STRAIGHT/LEVEL,CONCRETE,IMPROPER LANE USAGE,SAME DIRECTION SIDESWIPE,SR45WWELLERRD,NONE
1281,BLOOMINGTON PD,BLOOMINGTON,2021-08-30T00:00:00,5:15 PM,2,0,1,0,0,"","","",W COUNTRY CLUB DR,S WALNUT ST,"",,"",39.1359818,-86.5310843,LOCAL/CITY ROAD,N,URBAN,N,N,N,"",DAYLIGHT,RAIN,WET,"",FOUR-WAY INTERSECTION,STRAIGHT/LEVEL,ASPHALT,FOLLOWING TOO CLOSELY,REAR END,SOUTHWALNUTSTWINSLOWRD,TRAFFIC CONTROL SIGNAL
1282,MONROE SD,BLOOMINGTON,2021-08-30T00:00:00,5:20 PM,2,0,0,0,0,"","","",S WALNUT ST,E DILLMAN RD,"",0,N,39.092972,-86.544156,LOCAL/CITY ROAD,N,URBAN,N,N,N,"",DAYLIGHT,RAIN,WET,"",FOUR-WAY INTERSECTION,STRAIGHT/GRADE,ASPHALT,FAILURE TO YIELD RIGHT OF WAY,LEFT/RIGHT TURN,EDILLMANRDSOLDSR37RD,FLASHING OVERHEAD BEACON
1283,MONROE SD,BLOOMINGTON,2021-08-30T00:00:00,5:37 PM,2,0,0,0,0,"","","",I-69 S,"","",500,N,0,0,INTERSTATE,N,RURAL,N,N,N,"",DAYLIGHT,RAIN,WET,"",NO JUNCTION INVOLVED,STRAIGHT/LEVEL,ASPHALT,ROADWAY SURFACE CONDITION,RIGHT ANGLE,I69S128,NONE
1284,ELLETTSVILLE PD,ELLETTSVILLE,2021-08-30T00:00:00,6:25 PM,2,0,0,0,0,"","","",SR 46 (WB),N MATTHEWS DR (N),"",,"",39.236096,-86.625168,LOCAL/CITY ROAD,N,URBAN,N,N,N,"",DAYLIGHT,RAIN,WET,"",FOUR-WAY INTERSECTION,STRAIGHT/LEVEL,ASPHALT,OTHER (DRIVER) - EXPLAIN IN NARRATIVE,REAR END,MAINSTMATTHEWSDR,TRAFFIC CONTROL SIGNAL
1285,MONROE SD,BLOOMINGTON,2021-08-30T00:00:00,6:54 PM,2,0,0,0,0,"","","",SR 37,S VICTOR PIKE,"",,"",39.105552,-86.551104,STATE ROAD,N,RURAL,N,N,Y,LANE CLOSURE,DAWN/DUSK,RAIN,WET,"",FOUR-WAY INTERSECTION,STRAIGHT/GRADE,ASPHALT,SPEED TOO FAST FOR WEATHER CONDITIONS,REAR END,SR37SVICTORPIKE,LANE CONTROL
1286,BLOOMINGTON PD,BLOOMINGTON,2021-08-29T00:00:00,11:46 AM,2,0,0,0,0,"","","",W COUNTRY CLUB DR,S BANTA AVE,"",150,W,39.136304,-86.544592,LOCAL/CITY ROAD,N,URBAN,N,N,N,"",DAYLIGHT,CLOUDY,WET,"",NO JUNCTION INVOLVED,STRAIGHT/GRADE,ASPHALT,FOLLOWING TOO CLOSELY,REAR END,SBANTAAVEWCOUNTRYCLUBDR,LANE CONTROL
1287,ISP JASPER 34,BLOOMINGTON,2021-08-29T00:00:00,12:49 PM,1,,1,0,0,"","","",I-69 S,"","",0,"",39.27315851,-86.52351326,INTERSTATE,"",RURAL,N,Y,N,"",DARK (NOT LIGHTED),CLEAR,DRY,"",NO JUNCTION INVOLVED,"",ASPHALT,"",RAN OFF ROAD,I-69,""
1288,MONROE SD,BLOOMINGTON,2021-08-29T00:00:00,2:22 PM,2,0,0,0,0,"","","",N SHUFFLE CREEK RD,E MIDVIEW DR,"",,"",39.250375,-86.401596,LOCAL/CITY ROAD,N,RURAL,N,N,N,"",DAYLIGHT,CLEAR,DRY,"",T-INTERSECTION,STRAIGHT/LEVEL,ASPHALT,IMPROPER PASSING,SAME DIRECTION SIDESWIPE,MIDVIEWDRSHUFFLECREEKRD,NONE
1289,BLOOMINGTON PD,BLOOMINGTON,2021-08-29T00:00:00,4:41 PM,2,0,0,0,0,"","","",S BASSWOOD DR,S MULLER PKWY,"",,"",39.158531,-86.568003,LOCAL/CITY ROAD,Y,URBAN,N,N,N,"",DAYLIGHT,CLEAR,DRY,"",T-INTERSECTION,CURVE/GRADE,ASPHALT,UNSAFE LANE MOVEMENT,SAME DIRECTION SIDESWIPE,SBASSWOODDRSMULLERPKWY,NONE
1290,INDIANA UNIV BLOOMINGTON PD,BLOOMINGTON,2021-08-29T00:00:00,7:36 PM,2,0,0,0,0,"","","",N JORDAN AVE,E 17TH ST,"",,"",39.178844,-86.51245,LOCAL/CITY ROAD,N,URBAN,N,N,N,"",DAWN/DUSK,CLEAR,DRY,"",NO JUNCTION INVOLVED,STRAIGHT/LEVEL,ASPHALT,UNSAFE BACKING,BACKING CRASH,17THSTNJORDANAVE,NONE
1291,INDIANA UNIV BLOOMINGTON PD,BLOOMINGTON,2021-08-29T00:00:00,8:10 PM,1,0,0,0,0,150,"","",ENTRANCE TO JORDAN PARKING GARAGE,"","",,"",39.1655783,-86.5179533,UNKNOWN,N,URBAN,N,N,N,"",DAWN/DUSK,CLEAR,DRY,"",NO JUNCTION INVOLVED,STRAIGHT/LEVEL,CONCRETE,IMPROPER TURNING,COLLISION WITH OBJECT IN ROAD,NJORDANAVE,NONE
1292,BLOOMINGTON PD,BLOOMINGTON,2021-08-28T00:00:00,5:40 AM,2,1,0,0,0,"","","",S COLLEGE MALL RD,SR 46,"",,"",39.16424,-86.4984,LOCAL/CITY ROAD,Y,URBAN,N,N,N,"",DARK (LIGHTED),CLEAR,DRY,"",FOUR-WAY INTERSECTION,STRAIGHT/LEVEL,ASPHALT,DISREGARD SIGNAL/REG SIGN,RIGHT ANGLE,3RDSTCOLLEGEMALLRD,TRAFFIC CONTROL SIGNAL
1293,BLOOMINGTON PD,BLOOMINGTON,2021-08-28T00:00:00,6:32 AM,1,0,0,0,0,"","","",S SMITH RD,E BROWNRIDGE RD,"",,"",39.161248,-86.480688,LOCAL/CITY ROAD,N,URBAN,N,N,N,"",DARK (NOT LIGHTED),CLEAR,DRY,"",FOUR-WAY INTERSECTION,STRAIGHT/GRADE,ASPHALT,RAN OFF ROAD RIGHT,RAN OFF ROAD,EBROWNRIDGERDSSMITHRD,NONE
1294,BLOOMINGTON PD,BLOOMINGTON,2021-08-28T00:00:00,2:27 PM,2,0,0,0,0,"","","",SR 46,E 7TH ST,"",100,S,39.16739189,-86.49996854,STATE ROAD,N,URBAN,N,N,N,"",DAYLIGHT,CLEAR,DRY,"",NO JUNCTION INVOLVED,STRAIGHT/LEVEL,ASPHALT,FOLLOWING TOO CLOSELY,REAR END,E7THSTSR46S,NONE
1295,BLOOMINGTON PD,BLOOMINGTON,2021-08-28T00:00:00,3:13 PM,2,0,1,0,0,"","","",S COLLEGE MALL RD,SR 46,"",50,S,39.16424,-86.4984,LOCAL/CITY ROAD,N,URBAN,N,N,N,"",DAYLIGHT,CLEAR,DRY,"",NO JUNCTION INVOLVED,STRAIGHT/LEVEL,ASPHALT,FAILURE TO YIELD RIGHT OF WAY,LEFT TURN,E3RDSTSCOLLEGEMALLRD,NONE
1296,INDIANA UNIV BLOOMINGTON PD,BLOOMINGTON,2021-08-28T00:00:00,4:02 PM,2,0,1,0,0,"","","",N JORDAN AVE,E 10TH ST,"",,"",39.171584,-86.515629,LOCAL/CITY ROAD,N,URBAN,N,N,N,"",DAYLIGHT,CLEAR,DRY,"",NO JUNCTION INVOLVED,STRAIGHT/GRADE,ASPHALT,IMPROPER TURNING,LEFT TURN,JORDANAVETENTHST,NONE
1297,BLOOMINGTON PD,BLOOMINGTON,2021-08-28T00:00:00,6:35 PM,2,0,0,0,0,"","","",SR 45/46,N WALNUT ST,"",,"",39.30613,-85.218076,LOCAL/CITY ROAD,N,URBAN,N,N,N,"",DAYLIGHT,CLEAR,DRY,"",FOUR-WAY INTERSECTION,STRAIGHT/LEVEL,ASPHALT,FOLLOWING TOO CLOSELY,REAR END,NWALNUTSTSR46HWY,TRAFFIC CONTROL SIGNAL
1298,MONROE SD,BLOOMINGTON,2021-08-28T00:00:00,7:01 PM,1,0,0,0,0,"","","",SR 46,N LOWER BIRDIE GALYAN RD,"",,"",39.162654,-86.413349,STATE ROAD,N,RURAL,N,N,N,"",DAYLIGHT,CLEAR,DRY,"",T-INTERSECTION,CURVE/HILLCREST,ASPHALT,IMPROPER TURNING,RAN OFF ROAD,NLOWERBIRDIEGALYANRDSR46E,NONE
1299,MONROE SD,BLOOMINGTON,2021-08-27T00:00:00,5:30 AM,1,0,0,0,1,"","","",SR 37,"","",3500,S,38.68033661,-86.536337,STATE ROAD,N,RURAL,N,N,N,"",DARK (NOT LIGHTED),CLEAR,DRY,"",NO JUNCTION INVOLVED,STRAIGHT/GRADE,ASPHALT,ANIMAL/OBJECT IN ROADWAY,COLLISION WITH DEER,SOUTHZIKESRDSR37S,NONE
1300,BLOOMINGTON PD,BLOOMINGTON,2021-08-27T00:00:00,7:27 AM,3,0,2,0,0,2600,"","",N WALNUT ST,E GLENDORA DR,"",100,N,39.189968,-86.533232,LOCAL/CITY ROAD,N,URBAN,N,N,N,"",DAYLIGHT,CLEAR,DRY,"",NO JUNCTION INVOLVED,STRAIGHT/LEVEL,ASPHALT,LEFT OF CENTER,HEAD ON BETWEEN TWO MOTOR VEHICLES,2600NWALNUTSTGLENDORARD,LANE CONTROL
1301,MONROE SD,BLOOMINGTON,2021-08-27T00:00:00,7:33 AM,2,0,0,0,0,"","","",SR 46,N SMITH PIKE,"",,"",39.210144,-86.5832,STATE ROAD,N,URBAN,N,N,N,"",DAYLIGHT,CLEAR,DRY,"",FOUR-WAY INTERSECTION,STRAIGHT/GRADE,ASPHALT,FOLLOWING TOO CLOSELY,REAR END,NORTHSMITHPIKESR46W,TRAFFIC CONTROL SIGNAL
1302,MONROE SD,BLOOMINGTON,2021-08-27T00:00:00,8:35 AM,2,0,0,0,0,"","","",S SMITH PIKE,"","",500,N,39.199072,-86.583152,LOCAL/CITY ROAD,N,URBAN,N,N,N,"",DAYLIGHT,CLEAR,DRY,"",T-INTERSECTION,STRAIGHT/LEVEL,ASPHALT,FAILURE TO YIELD RIGHT OF WAY,RIGHT ANGLE,NELSONLNSSMITHPIKE,NONE
1303,INDIANA UNIV BLOOMINGTON PD,BLOOMINGTON,2021-08-27T00:00:00,10:47 AM,2,0,0,0,0,"","","",N JORDAN AVE,N FISHER CT,"",500,W,39.183754,-86.51681274,LOCAL/CITY ROAD,N,URBAN,N,N,N,"",DAYLIGHT,CLEAR,DRY,"",NO JUNCTION INVOLVED,STRAIGHT/LEVEL,ASPHALT,OTHER (DRIVER) - EXPLAIN IN NARRATIVE,OTHER - EXPLAIN IN NARRATIVE,JORDANAVENFISHERCT,NONE
1304,BLOOMINGTON PD,BLOOMINGTON,2021-08-27T00:00:00,11:50 AM,2,0,0,0,0,"","","",W 2ND ST,S COLLEGE AVE,"",500,W,39.16144,-86.534848,LOCAL/CITY ROAD,N,URBAN,N,N,N,"",DAYLIGHT,CLEAR,DRY,"",NO JUNCTION INVOLVED,STRAIGHT/LEVEL,ASPHALT,FOLLOWING TOO CLOSELY,REAR END,SCOLLEGEAVEW2NDST,NONE
1305,BLOOMINGTON PD,BLOOMINGTON,2021-08-27T00:00:00,12:23 PM,2,0,0,0,0,"","","",SR 46,E 3RD ST,"",,"",39.187025,-86.21554,LOCAL/CITY ROAD,N,URBAN,N,N,N,"",DAYLIGHT,CLEAR,DRY,"",FOUR-WAY INTERSECTION,STRAIGHT/LEVEL,ASPHALT,FOLLOWING TOO CLOSELY,REAR END,E3RDSTSTRD46BYP,NONE
1306,INDIANA UNIV BLOOMINGTON PD,BLOOMINGTON,2021-08-27T00:00:00,1:12 PM,2,0,2,0,0,"","","",SR 45/46,N MILO B SAMPSON LN,"",,"",39.18622,-86.522163,STATE ROAD,N,URBAN,N,N,N,"",DAYLIGHT,CLEAR,DRY,"",NO JUNCTION INVOLVED,STRAIGHT/LEVEL,ASPHALT,DRIVER ASLEEP OR FATIGUED,HEAD ON BETWEEN TWO MOTOR VEHICLES,NMILOBSAMPSONLNSR46,NONE
1307,BLOOMINGTON PD,BLOOMINGTON,2021-08-27T00:00:00,1:19 PM,2,0,0,0,0,"","","",E RHORER RD,S JAMIE LN,"",,"",39.12152,-86.51792,LOCAL/CITY ROAD,N,URBAN,N,N,N,"",DAYLIGHT,CLEAR,DRY,"",T-INTERSECTION,STRAIGHT/GRADE,ASPHALT,FOLLOWING TOO CLOSELY,REAR END,EASTRHORERRDSOUTHJAMIELN,STOP SIGN
1308,BLOOMINGTON PD,BLOOMINGTON,2021-08-27T00:00:00,1:44 PM,2,0,0,0,0,1714,"","",W EZEKIEL DR,S ELEMENT WAY,"",,"",39.141829,-86.556297,LOCAL/CITY ROAD,N,URBAN,N,N,N,"",DAYLIGHT,CLEAR,DRY,"",NO JUNCTION INVOLVED,STRAIGHT/LEVEL,ASPHALT,UNSAFE BACKING,BACKING CRASH,WEZEKIELDR,NONE
1309,BLOOMINGTON PD,BLOOMINGTON,2021-08-27T00:00:00,4:02 PM,2,0,0,0,0,"","","",N WALNUT ST,E GLENDORA DR,"",,"",39.189968,-86.533232,LOCAL/CITY ROAD,N,URBAN,N,N,N,"",DAYLIGHT,CLEAR,DRY,"",T-INTERSECTION,CURVE/LEVEL,ASPHALT,FAILURE TO YIELD RIGHT OF WAY,RIGHT ANGLE,EASTGLENDORADRNORTHWALNUTST,STOP SIGN
1310,INDIANA UNIV BLOOMINGTON PD,BLOOMINGTON,2021-08-27T00:00:00,4:45 PM,3,0,0,0,0,"","","",SR 45,N PETE ELLIS DR,"",,"",0,0,STATE ROAD,N,URBAN,N,N,N,"",DAYLIGHT,CLOUDY,DRY,"",T-INTERSECTION,STRAIGHT/LEVEL,ASPHALT,FOLLOWING TOO CLOSELY,REAR END,RANGERDSR45,NONE
1311,MONROE SD,BLOOMINGTON,2021-08-27T00:00:00,5:02 PM,2,0,0,0,0,"","","",S BREEDEN RD,"","",335,S,0,0,LOCAL/CITY ROAD,N,RURAL,N,N,N,"",DAYLIGHT,CLOUDY,DRY,"",NO JUNCTION INVOLVED,CURVE/GRADE,CONCRETE,LEFT OF CENTER,RIGHT ANGLE,SBREEDENRDWFREELANDLN,NONE
1312,BLOOMINGTON PD,BLOOMINGTON,2021-08-27T00:00:00,5:58 PM,2,0,0,0,0,401,"","",E VARSITY LN,N DUNN ST,"",50,W,39.182976,-86.528416,LOCAL/CITY ROAD,N,URBAN,N,N,N,"",DAYLIGHT,RAIN,WET,"",FOUR-WAY INTERSECTION,STRAIGHT/LEVEL,ASPHALT,FOLLOWING TOO CLOSELY,REAR END,401EVARSITYLNNDUNNST,STOP SIGN
1313,BLOOMINGTON PD,BLOOMINGTON,2021-08-27T00:00:00,6:00 PM,2,0,1,0,0,"","","",W 2ND ST,S PATTERSON DR,"",200,E,39.160737,-86.5485533,LOCAL/CITY ROAD,Y,URBAN,N,N,N,"",DAYLIGHT,CLOUDY,WET,"",NO JUNCTION INVOLVED,CURVE/GRADE,ASPHALT,FOLLOWING TOO CLOSELY,REAR END,SPATTERSONDRW2NDST,NONE
1314,BLOOMINGTON PD,BLOOMINGTON,2021-08-27T00:00:00,6:06 PM,2,0,0,0,0,"","","",SR 46,E 7TH ST,"",,"",39.16774375,-86.500487,LOCAL/CITY ROAD,N,URBAN,N,N,B,"",DAYLIGHT,RAIN,WET,"",T-INTERSECTION,STRAIGHT/GRADE,ASPHALT,FOLLOWING TOO CLOSELY,REAR END,EAST7THSTNORTHSTATEROAD46HWY,STOP SIGN
1315,MONROE SD,BLOOMINGTON,2021-08-27T00:00:00,6:40 PM,1,0,0,0,0,5757,"","",N SHUFFLE CREEK RD,"","",,"",39.24445316,-86.40435415,LOCAL/CITY ROAD,Y,RURAL,N,N,N,"",DAYLIGHT,RAIN,WET,"",NO JUNCTION INVOLVED,CURVE/GRADE,ASPHALT,RAN OFF ROAD RIGHT,RAN OFF ROAD,NSHUFFLECREEKRD,NONE
1316,BLOOMINGTON PD,BLOOMINGTON,2021-08-27T00:00:00,6:54 PM,1,0,0,0,0,"",I69,W - 120B,SR 45/46,I-69 N,120B,,"",0,0,INTERSTATE,N,URBAN,N,N,N,"",DAYLIGHT,RAIN,WET,"",RAMP,CURVE/HILLCREST,CONCRETE,SPEED TOO FAST FOR WEATHER CONDITIONS,OTHER - EXPLAIN IN NARRATIVE,I46W,NONE
1317,BLOOMINGTON PD,BLOOMINGTON,2021-08-27T00:00:00,7:05 PM,2,0,1,0,0,"","","",SR 46,"","",300,S,39.13601788,-86.500487,LOCAL/CITY ROAD,N,URBAN,N,N,N,"",DAYLIGHT,RAIN,WET,"",T-INTERSECTION,STRAIGHT/GRADE,ASPHALT,FOLLOWING TOO CLOSELY,REAR END,EAST7THSTNORTHSTATEROAD46HWY,NONE
1318,MONROE SD,BLOOMINGTON,2021-08-26T00:00:00,4:03 AM,1,0,0,0,1,"","","",N STINESVILLE RD,"","",1500,N,39.42583757,-86.665734,COUNTY ROAD,N,RURAL,N,N,N,"",DARK (LIGHTED),CLEAR,DRY,"",NO JUNCTION INVOLVED,STRAIGHT/GRADE,ASPHALT,ANIMAL/OBJECT IN ROADWAY,COLLISION WITH DEER,STATERD46RDSTINESVILLERD,NONE
1319,INDIANA UNIV BLOOMINGTON PD,BLOOMINGTON,2021-08-26T00:00:00,10:30 AM,2,0,0,0,0,"","","",E 17TH ST,SR 45/46,"",,"",0,0,LOCAL/CITY ROAD,N,URBAN,N,N,N,"",DAYLIGHT,CLEAR,DRY,"",T-INTERSECTION,STRAIGHT/LEVEL,ASPHALT,FOLLOWING TOO CLOSELY,REAR END,EAST17THSTSR46,TRAFFIC CONTROL SIGNAL
1320,MONROE SD,ELLETTSVILLE,2021-08-26T00:00:00,11:38 AM,2,0,0,0,0,"","","",SR 46,"","",716,E,39.259651,-86.65762305,STATE ROAD,N,RURAL,N,N,Y,INTERMITTENT OR MOVING WORK,DAYLIGHT,CLEAR,DRY,"",T-INTERSECTION,CURVE/GRADE,ASPHALT,VIEW OBSTRUCTED,REAR END,SR46WWCHAFFINCHAPELRD,LANE CONTROL
1321,MONROE SD,BLOOMINGTON,2021-08-26T00:00:00,1:30 PM,1,0,1,0,0,"","","",SR 37,S VICTOR PIKE,"",,"",39.105552,-86.551104,STATE ROAD,N,URBAN,N,N,N,"",DAYLIGHT,CLOUDY,DRY,"",FOUR-WAY INTERSECTION,STRAIGHT/GRADE,ASPHALT,RAN OFF ROAD RIGHT,RAN OFF ROAD,SVICTORPIKESR37N,TRAFFIC CONTROL SIGNAL
1322,INDIANA UNIV BLOOMINGTON PD,BLOOMINGTON,2021-08-26T00:00:00,3:34 PM,2,0,0,0,0,"","","",SR 45/46,E DISCOVERY PKWY,"",,"",39.171474,-86.495398,STATE ROAD,N,URBAN,N,N,N,"",DAYLIGHT,CLEAR,DRY,"",T-INTERSECTION,STRAIGHT/LEVEL,ASPHALT,FOLLOWING TOO CLOSELY,REAR END,EDISCOVERYPKWYSR45N,TRAFFIC CONTROL SIGNAL
1323,BLOOMINGTON PD,BLOOMINGTON,2021-08-26T00:00:00,4:31 PM,2,0,1,0,0,913,"","",S TIMOTHY CT,W ROSS LN,"",,"",39.157055,-86.557393,UNKNOWN,N,URBAN,N,N,N,"",DAYLIGHT,CLEAR,DRY,"",NO JUNCTION INVOLVED,STRAIGHT/GRADE,ASPHALT,OTHER (VEHICLE) - EXPLAIN IN NARRATIVE,RIGHT ANGLE,SOUTHTIMOTHYCT,NONE
1324,BLOOMINGTON PD,BLOOMINGTON,2021-08-26T00:00:00,4:45 PM,3,0,0,0,0,"","","",SR 48,S CURRY PIKE,"",,"",39.16465,-86.582939,LOCAL/CITY ROAD,N,URBAN,N,N,N,"",DAYLIGHT,CLEAR,DRY,"",FOUR-WAY INTERSECTION,STRAIGHT/LEVEL,ASPHALT,FOLLOWING TOO CLOSELY,REAR END,SCURRYPIKEWTHIRDST,TRAFFIC CONTROL SIGNAL
1325,ISP BLOOMINGTON 33,BLOOMINGTON,2021-08-26T00:00:00,5:33 PM,2,,0,0,0,"","","",E RHORER RD,S WALNUT ST PIKE,"",0,"",39.12147013,-86.526316,LOCAL/CITY ROAD,"",URBAN,N,N,N,"",DAYLIGHT,CLEAR,DRY,"",NO JUNCTION INVOLVED,"",ASPHALT,UNSAFE SPEED,REAR END,SWalnutStreetPikeERhorerRd,""
1326,BLOOMINGTON PD,BLOOMINGTON,2021-08-26T00:00:00,6:20 PM,2,0,0,0,0,"","","",E 3RD ST,S BRYAN AVE,"",,"",39.16432,-86.50824,LOCAL/CITY ROAD,N,URBAN,N,N,N,"",DAYLIGHT,CLEAR,DRY,"",FOUR-WAY INTERSECTION,STRAIGHT/LEVEL,CONCRETE,FAILURE TO YIELD RIGHT OF WAY,SAME DIRECTION SIDESWIPE,EAST3RDSTSOUTHBRYANAVE,TRAFFIC CONTROL SIGNAL