_id,Agency,City,Collision Date,Collision Time,Vehicles Involved,Trailers Involved,Number Injured,Number Dead,Number Deer,House Number,Roadway Interchange,Roadway Ramp,Roadway Id,Intersecting Road,Interchange,Feet From,Direction,Latitude,Longitude,Roadway Class,Hit and Run?,Locality,School Zone?,Rumble Strips?,Construction?,Construction Type,Light Condition,Weather Conditions,Surface Condition,Type of Median,Roadway Junction Type,Road Character,Roadway Surface,Primary Factor,Manner of Collision,Unique Location Id,Traffic Control
1327,BLOOMINGTON PD,BLOOMINGTON,2021-08-26T00:00:00,6:44 PM,2,0,0,0,0,"","","",S HENDERSON ST,E HUNTER AVE,"",,"",39.16224,-86.527168,LOCAL/CITY ROAD,N,URBAN,N,N,N,"",DAYLIGHT,CLEAR,DRY,"",T-INTERSECTION,STRAIGHT/GRADE,ASPHALT,IMPROPER TURNING,SAME DIRECTION SIDESWIPE,EASTHUNTERAVESOUTHHENDERSONST,LANE CONTROL
1328,BLOOMINGTON PD,BLOOMINGTON,2021-08-26T00:00:00,9:24 PM,2,0,0,0,0,"","","",E ATWATER AVE,S HIGH ST,"",,"",39.16304,-86.508288,LOCAL/CITY ROAD,N,URBAN,N,N,N,"",DARK (NOT LIGHTED),CLEAR,DRY,"",T-INTERSECTION,STRAIGHT/GRADE,ASPHALT,FAILURE TO YIELD RIGHT OF WAY,RIGHT ANGLE,EATWATERAVESHIGHST,STOP SIGN
1329,BLOOMINGTON PD,BLOOMINGTON,2021-08-25T00:00:00,9:58 AM,2,0,0,0,0,"","","",E MILLER DR,S WALNUT ST,"",,"",39.146944,-86.532544,LOCAL/CITY ROAD,N,URBAN,N,N,N,"",DAYLIGHT,CLEAR,DRY,"",T-INTERSECTION,STRAIGHT/HILLCREST,ASPHALT,FOLLOWING TOO CLOSELY,REAR END,EMILLERSTSWALNUTST,LANE CONTROL
1330,ISP BLOOMINGTON 33,BLOOMINGTON,2021-08-25T00:00:00,2:45 PM,2,,1,0,0,"","","",I-69 S,"","",0,"",39.21150025,-86.55414353,INTERSTATE,"",URBAN,N,N,N,"",DAYLIGHT,CLOUDY,DRY,"",NO JUNCTION INVOLVED,"",ASPHALT,UNSAFE SPEED,REAR END,I69122MM,""
1331,MONROE SD,BLOOMINGTON,2021-08-25T00:00:00,4:05 PM,2,0,0,0,0,"","","",SR 48,W VERNAL PIKE,"",300,W,39.16861004,-86.66214184,STATE ROAD,N,RURAL,N,N,N,"",DAYLIGHT,RAIN,WET,"",T-INTERSECTION,CURVE/LEVEL,ASPHALT,IMPROPER LANE USAGE,OPPOSITE DIRECTION SIDESWIPE,SR48WWVERNALPIKE,NONE
1332,MONROE SD,BLOOMINGTON,2021-08-25T00:00:00,4:30 PM,2,0,0,0,0,"","","",SR 48,W VERNAL PIKE,"",300,W,39.16861004,-86.66214184,STATE ROAD,N,RURAL,N,N,N,"",DAYLIGHT,RAIN,WET,"",T-INTERSECTION,CURVE/LEVEL,ASPHALT,FOLLOWING TOO CLOSELY,REAR END,SR48WWVERNALPIKE,NONE
1333,MONROE SD,BLOOMINGTON,2021-08-25T00:00:00,4:45 PM,2,0,0,0,0,"","","",N CURRY PIKE,W WOODYARD RD,"",600,S,0,0,LOCAL/CITY ROAD,N,URBAN,N,N,N,"",DAYLIGHT,CLEAR,DRY,"",NO JUNCTION INVOLVED,STRAIGHT/GRADE,ASPHALT,FOLLOWING TOO CLOSELY,REAR END,NCURRYPIKEWWOODYARDRD,NONE
1334,MONROE SD,BLOOMINGTON,2021-08-25T00:00:00,10:50 PM,1,0,0,0,1,"","","",W GORDON PIKE,S ROGERS ST,"",500,W,39.121648,-86.539088,LOCAL/CITY ROAD,N,URBAN,Y,N,N,"",DARK (LIGHTED),CLEAR,DRY,"",NO JUNCTION INVOLVED,STRAIGHT/GRADE,ASPHALT,ANIMAL/OBJECT IN ROADWAY,COLLISION WITH DEER,SOUTHROGERSSTWESTGORDONPIKE,NONE
1335,BLOOMINGTON PD,BLOOMINGTON,2021-08-24T00:00:00,6:15 AM,2,0,0,0,0,"","","",E WINSLOW RD,S WALNUT ST,"",100,E,39.1361416,-86.52833537,LOCAL/CITY ROAD,N,URBAN,N,N,N,"",DARK (LIGHTED),CLEAR,DRY,"",NO JUNCTION INVOLVED,STRAIGHT/LEVEL,ASPHALT,FOLLOWING TOO CLOSELY,REAR END,WALNUTSTWINSLOWRD,NONE
1336,ELLETTSVILLE PD,ELLETTSVILLE,2021-08-24T00:00:00,8:34 AM,2,0,0,0,0,"","","",W REEVES RD,SYCAMORE DR,"",,"",39.231344,-86.640096,LOCAL/CITY ROAD,N,URBAN,N,N,N,"",DAYLIGHT,CLEAR,DRY,"",FOUR-WAY INTERSECTION,STRAIGHT/GRADE,ASPHALT,FOLLOWING TOO CLOSELY,REAR END,REEVESRDSYCAMOREDR,STOP SIGN
1337,ELLETTSVILLE PD,ELLETTSVILLE,2021-08-24T00:00:00,9:05 AM,2,0,0,0,0,"","","",SR 46,W FORREST PARK DR,"",,"",0,0,STATE ROAD,N,URBAN,N,N,N,"",DAYLIGHT,CLEAR,DRY,"",NO JUNCTION INVOLVED,STRAIGHT/LEVEL,ASPHALT,FOLLOWING TOO CLOSELY,REAR END,FORRESTPARKDRSR46W,LANE CONTROL
1338,MONROE SD,BLOOMINGTON,2021-08-24T00:00:00,12:36 PM,1,0,1,0,0,"","","",SR 46,E WOODVIEW DR,"",100,E,39.15207408,-86.38086033,STATE ROAD,N,RURAL,N,N,N,"",DAYLIGHT,CLEAR,DRY,"",NO JUNCTION INVOLVED,CURVE/GRADE,ASPHALT,RAN OFF ROAD RIGHT,RAN OFF ROAD,SR46EWESTWOODVIEWDR,NONE
1339,BLOOMINGTON PD,BLOOMINGTON,2021-08-24T00:00:00,12:49 PM,2,0,1,0,0,"","","",N PETE ELLIS DR,E JOHN HINKLE PL,"",,"",39.17072,-86.4956,LOCAL/CITY ROAD,N,URBAN,N,N,N,"",DAYLIGHT,CLEAR,DRY,"",T-INTERSECTION,STRAIGHT/GRADE,ASPHALT,FOLLOWING TOO CLOSELY,REAR END,EJOHNHINKLEPLNPETEELLISDR,LANE CONTROL
1340,BLOOMINGTON PD,BLOOMINGTON,2021-08-24T00:00:00,4:11 PM,3,0,0,0,0,"","","",E RHORER RD,S SARE RD,"",,"",39.121462,-86.511559,LOCAL/CITY ROAD,Y,URBAN,N,N,N,"",DAYLIGHT,CLEAR,DRY,"",T-INTERSECTION,STRAIGHT/LEVEL,ASPHALT,FOLLOWING TOO CLOSELY,REAR END,ERHORERRDSSARERD,TRAFFIC CONTROL SIGNAL
1341,INDIANA UNIV BLOOMINGTON PD,BLOOMINGTON,2021-08-24T00:00:00,4:39 PM,2,0,0,0,0,"","","",N WOODLAWN AVE,E 8TH ST,"",,"",39.169473,-86.523482,LOCAL/CITY ROAD,Y,URBAN,N,N,N,"",DAYLIGHT,CLEAR,DRY,"",FOUR-WAY INTERSECTION,STRAIGHT/LEVEL,ASPHALT,IMPROPER LANE USAGE,SAME DIRECTION SIDESWIPE,E8THSTWOODLAWNAVE,NONE
1342,BLOOMINGTON PD,BLOOMINGTON,2021-08-24T00:00:00,4:58 PM,2,0,0,0,0,"","","",SR 46,S PETE ELLIS DR,"",,"",39.16424,-86.495088,LOCAL/CITY ROAD,N,URBAN,N,N,N,"",DAYLIGHT,CLEAR,DRY,"",FOUR-WAY INTERSECTION,STRAIGHT/LEVEL,ASPHALT,FAILURE TO YIELD RIGHT OF WAY,RIGHT ANGLE,EAST3RDSTSOUTHPETEELLISDR,TRAFFIC CONTROL SIGNAL
1343,ELLETTSVILLE PD,ELLETTSVILLE,2021-08-23T00:00:00,12:30 AM,2,0,0,0,0,410,"","",W IROQUOIS DR,"","",400,W,39.22272441,-86.62369014,LOCAL/CITY ROAD,N,URBAN,N,N,N,"",DARK (NOT LIGHTED),CLEAR,DRY,"",NO JUNCTION INVOLVED,STRAIGHT/LEVEL,ASPHALT,OTHER (DRIVER) - EXPLAIN IN NARRATIVE,BACKING CRASH,IROQUOISSTTECUMSEHST,NONE
1344,INDIANA UNIV BLOOMINGTON PD,BLOOMINGTON,2021-08-23T00:00:00,10:14 AM,2,0,0,0,0,"","","",E COTTAGE GROVE AVE,N WOODLAWN AVE,"",,"",39.17252,-86.523509,LOCAL/CITY ROAD,N,URBAN,N,N,N,"",DAYLIGHT,CLEAR,DRY,"",FOUR-WAY INTERSECTION,STRAIGHT/LEVEL,ASPHALT,FAILURE TO YIELD RIGHT OF WAY,SAME DIRECTION SIDESWIPE,COTTAGEGROVESTWOODLAWNAVE,NONE
1345,INDIANA UNIV BLOOMINGTON PD,BLOOMINGTON,2021-08-23T00:00:00,12:18 PM,2,1,0,0,0,"","","",S WOODLAWN AVE,E 3RD ST,"",,"",39.164248,-86.522621,LOCAL/CITY ROAD,N,URBAN,N,N,N,"",DAYLIGHT,CLEAR,DRY,"",T-INTERSECTION,STRAIGHT/GRADE,ASPHALT,IMPROPER TURNING,LEFT TURN,THIRDSTWOODLAWNAVE,NONE
1346,BLOOMINGTON PD,BLOOMINGTON,2021-08-23T00:00:00,4:15 PM,2,0,0,0,0,"","","",S PATTERSON DR,W PROSPECT ST,"",,"",39.1626101,-86.55046865,LOCAL/CITY ROAD,Y,URBAN,N,N,N,"",DAYLIGHT,CLEAR,DRY,"",FOUR-WAY INTERSECTION,STRAIGHT/LEVEL,ASPHALT,FOLLOWING TOO CLOSELY,REAR END,SPATTERSONDRWPROSPECTST,TRAFFIC CONTROL SIGNAL
1347,ELLETTSVILLE PD,ELLETTSVILLE,2021-08-23T00:00:00,4:30 PM,2,0,0,0,0,"","","",SR 46,N CHANDLER DR,"",,"",39.23376,-86.621888,LOCAL/CITY ROAD,N,URBAN,N,N,N,"",DAYLIGHT,CLEAR,DRY,"",T-INTERSECTION,STRAIGHT/LEVEL,ASPHALT,DRIVER DISTRACTED - EXPLAIN IN NARRATIVE,REAR END,CHANDLERDRMAINST,LANE CONTROL
1348,BLOOMINGTON PD,BLOOMINGTON,2021-08-23T00:00:00,5:26 PM,2,0,0,0,0,"","","",N DUNN ST,E 17TH ST,"",,"",39.17904,-86.5284,LOCAL/CITY ROAD,N,URBAN,N,N,N,"",DAYLIGHT,CLEAR,DRY,"",FOUR-WAY INTERSECTION,STRAIGHT/GRADE,ASPHALT,FAILURE TO YIELD RIGHT OF WAY,RIGHT ANGLE,EAST17THSTNORTHDUNNST,TRAFFIC CONTROL SIGNAL
1349,INDIANA UNIV BLOOMINGTON PD,BLOOMINGTON,2021-08-23T00:00:00,6:50 PM,2,0,0,0,0,"","","",N INDIANA AVE,E 14TH ST,"",,"",39.17611,-86.527009,LOCAL/CITY ROAD,N,URBAN,N,N,N,"",DAYLIGHT,CLEAR,DRY,"",T-INTERSECTION,STRAIGHT/LEVEL,ASPHALT,FAILURE TO YIELD RIGHT OF WAY,LEFT TURN,FOURTEENTHSTINDIANAAVE,NONE
1350,ISP BLOOMINGTON 33,BLOOMINGTON,2021-08-23T00:00:00,8:40 PM,1,,0,0,1,"","","",S GARRISON CHAPEL RD,W ELLER RD,"",370,"",39.12191741,-86.64293101,COUNTY ROAD,"",RURAL,N,N,N,"",DARK (LIGHTED),CLEAR,DRY,"",FOUR-WAY INTERSECTION,"",ASPHALT,ANIMAL/OBJECT IN ROADWAY,COLLISION WITH DEER,WEllerRdSGarrisonChapelRd,""
1351,BLOOMINGTON PD,BLOOMINGTON,2021-08-23T00:00:00,11:00 PM,1,0,0,0,0,503,"","",S MULLER PKWY,"","",,"",39.1610573,-86.5674212,UNKNOWN,Y,URBAN,N,N,N,"",DAYLIGHT,CLEAR,DRY,"",NO JUNCTION INVOLVED,STRAIGHT/LEVEL,ASPHALT,IMPROPER TURNING,OTHER - EXPLAIN IN NARRATIVE,SOUTHMUELLERPKWY,NONE
1352,INDIANA UNIV BLOOMINGTON PD,BLOOMINGTON,2021-08-23T00:00:00,11:50 PM,2,0,0,0,0,"","","",N WOODLAWN AVE,E 17TH ST,"",,"",39.1790372,-86.523554,"",Y,URBAN,N,N,N,"",DARK (LIGHTED),CLEAR,DRY,"",FOUR-WAY INTERSECTION,STRAIGHT/HILLCREST,ASPHALT,FOLLOWING TOO CLOSELY,REAR END,EAST17THSTWOODLAWNAVE,LANE CONTROL
1353,BLOOMINGTON PD,BLOOMINGTON,2021-08-22T00:00:00,9:32 AM,3,0,0,0,0,"","","",SR 46,S SMITH RD,"",,"",39.16424,-86.480688,LOCAL/CITY ROAD,N,URBAN,N,N,N,"",DAYLIGHT,CLEAR,DRY,"",NO JUNCTION INVOLVED,STRAIGHT/LEVEL,ASPHALT,FOLLOWING TOO CLOSELY,REAR END,E3RDSTSMITHRD,TRAFFIC CONTROL SIGNAL
1354,BLOOMINGTON PD,BLOOMINGTON,2021-08-22T00:00:00,10:58 AM,2,0,1,0,0,"","","",N PETE ELLIS DR,E LONGVIEW AVE,"",,"",39.166944,-86.495056,LOCAL/CITY ROAD,N,URBAN,N,N,N,"",DAYLIGHT,CLEAR,DRY,"",FOUR-WAY INTERSECTION,STRAIGHT/LEVEL,ASPHALT,FAILURE TO YIELD RIGHT OF WAY,RIGHT ANGLE,ELONGVIEWAVENPETEELLISDR,STOP SIGN
1355,INDIANA UNIV BLOOMINGTON PD,BLOOMINGTON,2021-08-22T00:00:00,4:15 PM,2,0,0,0,0,"","","",E 10TH ST,N SUNRISE DR,"",,"",39.171585,-86.512477,LOCAL/CITY ROAD,N,URBAN,N,N,N,"",DAYLIGHT,CLEAR,DRY,"",FOUR-WAY INTERSECTION,STRAIGHT/LEVEL,ASPHALT,FAILURE TO YIELD RIGHT OF WAY,RIGHT ANGLE,NSUNRISEDRTENTHST,TRAFFIC CONTROL SIGNAL
1356,BLOOMINGTON PD,BLOOMINGTON,2021-08-22T00:00:00,5:19 PM,2,0,0,0,0,"","","",W EZEKIEL DR,S ELEMENT WAY,"",,"",0,0,LOCAL/CITY ROAD,Y,URBAN,N,N,N,"",DAYLIGHT,CLEAR,DRY,"",T-INTERSECTION,STRAIGHT/GRADE,ASPHALT,UNSAFE BACKING,BACKING CRASH,SELEMENTWAYWEZEKIALDR,NONE
1357,BLOOMINGTON PD,BLOOMINGTON,2021-08-22T00:00:00,9:00 PM,1,0,1,0,0,"","","",S HENDERSON ST,ENTRANCE TO CRAWFORD APARTMENTS,"",250,S,39.11170976,-86.526926,LOCAL/CITY ROAD,N,URBAN,N,Y,N,"",DARK (NOT LIGHTED),CLEAR,DRY,"",NO JUNCTION INVOLVED,STRAIGHT/LEVEL,ASPHALT,PEDESTRIAN ACTION,COLLISION WITH OBJECT IN ROAD,EASTBRANDONCTSOUTHHENDERSONST,LANE CONTROL
1358,MONROE SD,BLOOMINGTON,2021-08-22T00:00:00,9:01 PM,1,0,0,0,0,"","","",S HANDY RD,S AIRLINE RD,"",,"",39.08476423,-86.49100012,COUNTY ROAD,N,RURAL,N,N,N,"",DARK (NOT LIGHTED),CLOUDY,DRY,"",T-INTERSECTION,CURVE/LEVEL,ASPHALT,RAN OFF ROAD RIGHT,RAN OFF ROAD,AIRLANERDHANDYRD,NONE
1359,ISP BLOOMINGTON 33,BLOOMINGTON,2021-08-21T00:00:00,6:50 AM,1,,0,0,1,"","","",SR 45,N RUSSELL RD (N),"",0,"",39.20104995,-86.46761272,STATE ROAD,"",RURAL,N,N,N,"",DAWN/DUSK,CLEAR,DRY,"",RAILROAD CROSSINGS,"",ASPHALT,ANIMAL/OBJECT IN ROADWAY,COLLISION WITH DEER,StateRd45RussellRd,""
1360,BLOOMINGTON PD,BLOOMINGTON,2021-08-21T00:00:00,8:04 AM,2,0,1,0,0,"","","",N ADAMS ST,W KIRKWOOD AVE,"",,"",39.166816,-86.549488,LOCAL/CITY ROAD,N,URBAN,N,N,N,"",DAYLIGHT,CLEAR,DRY,"",FOUR-WAY INTERSECTION,CURVE/GRADE,ASPHALT,FOLLOWING TOO CLOSELY,REAR END,NADAMSSTWKIRKWOODAVE,TRAFFIC CONTROL SIGNAL
1361,MONROE SD,BLOOMINGTON,2021-08-21T00:00:00,12:29 PM,2,0,0,0,0,2450,"","",W KARST FARM PARK RD,S ENDWRIGHT RD,"",,"",39.148848,-86.5964,UNKNOWN,N,URBAN,N,N,N,"",DAYLIGHT,CLEAR,DRY,"",T-INTERSECTION,STRAIGHT/GRADE,ASPHALT,FOLLOWING TOO CLOSELY,REAR END,SENDWRIGHTRD,STOP SIGN
1362,BLOOMINGTON PD,BLOOMINGTON,2021-08-21T00:00:00,1:57 PM,2,0,0,0,0,"","","",S JEFFERSON ST,E 3RD ST,"",,"",39.164304,-86.506992,LOCAL/CITY ROAD,N,URBAN,N,N,N,"",DAYLIGHT,CLEAR,DRY,"",T-INTERSECTION,STRAIGHT/LEVEL,ASPHALT,FOLLOWING TOO CLOSELY,REAR END,E3RDSTSJEFFERSONST,NONE
1363,BLOOMINGTON PD,BLOOMINGTON,2021-08-21T00:00:00,2:08 PM,2,0,0,0,0,"","","",E 3RD ST,S HILLSDALE DR,"",50,W,39.164272,-86.502416,LOCAL/CITY ROAD,N,URBAN,N,N,N,"",DAYLIGHT,CLEAR,DRY,"",NO JUNCTION INVOLVED,STRAIGHT/GRADE,ASPHALT,FOLLOWING TOO CLOSELY,REAR END,E3RDSTSHILLSDALEDR,NONE
1364,BLOOMINGTON PD,BLOOMINGTON,2021-08-21T00:00:00,3:23 PM,2,0,0,0,0,"","","",S ROGERS ST,W PATTERSON DR,"",,"",39.153791,-86.538749,LOCAL/CITY ROAD,N,URBAN,N,N,N,"",DAYLIGHT,CLEAR,DRY,"",FOUR-WAY INTERSECTION,STRAIGHT/LEVEL,ASPHALT,FAILURE TO YIELD RIGHT OF WAY,RIGHT ANGLE,SROGERSSTWPATTERSONDR,TRAFFIC CONTROL SIGNAL
1365,INDIANA UNIV BLOOMINGTON PD,BLOOMINGTON,2021-08-21T00:00:00,5:08 PM,2,0,0,0,0,"","","",S SWAIN AVE,E 3RD ST,"",,"",39.164261,-86.515275,LOCAL/CITY ROAD,N,URBAN,N,N,N,"",DAYLIGHT,CLEAR,DRY,"",T-INTERSECTION,STRAIGHT/GRADE,ASPHALT,IMPROPER TURNING,LEFT TURN,SWAINAVETHIRDST,NONE
1366,INDIANA UNIV BLOOMINGTON PD,BLOOMINGTON,2021-08-21T00:00:00,5:29 PM,2,1,0,0,0,"","","",S PARK AVE,E ATWATER AVE,"",,"",39.163117,-86.524016,LOCAL/CITY ROAD,Y,URBAN,N,N,N,"",DAYLIGHT,CLEAR,DRY,"",T-INTERSECTION,STRAIGHT/LEVEL,ASPHALT,IMPROPER TURNING,OPPOSITE DIRECTION SIDESWIPE,ATWATERAVESPARKAVE,STOP SIGN
1367,BLOOMINGTON PD,BLOOMINGTON,2021-08-21T00:00:00,6:03 PM,2,0,0,0,0,"","","",N COLLEGE AVE,W 10TH ST,"",,"",39.171744,-86.534768,LOCAL/CITY ROAD,Y,URBAN,N,N,N,"",DAYLIGHT,CLEAR,DRY,"",FOUR-WAY INTERSECTION,STRAIGHT/LEVEL,ASPHALT,IMPROPER LANE USAGE,RIGHT ANGLE,NCOLLEGEAVEW10THST,TRAFFIC CONTROL SIGNAL
1368,BLOOMINGTON PD,BLOOMINGTON,2021-08-21T00:00:00,6:23 PM,2,0,0,0,0,"","","",S ROGERS ST,"","",500,S,39.146448,-86.5388,LOCAL/CITY ROAD,Y,URBAN,N,N,N,"",DAYLIGHT,CLEAR,DRY,"",FOUR-WAY INTERSECTION,STRAIGHT/LEVEL,ASPHALT,LEFT OF CENTER,OPPOSITE DIRECTION SIDESWIPE,SROCKPORTRDSROGERSST,NONE
1369,MONROE SD,BLOOMINGTON,2021-08-20T00:00:00,3:15 AM,1,0,2,0,0,8255,"","",S FAIRFAX RD,"","",1000,N,39.15126878,-86.490565,LOCAL/CITY ROAD,N,RURAL,N,N,N,"",DARK (NOT LIGHTED),CLEAR,DRY,"",NO JUNCTION INVOLVED,STRAIGHT/LEVEL,ASPHALT,ANIMAL/OBJECT IN ROADWAY,COLLISION WITH ANIMAL OTHER,CLEVEBUTCHERRDFAIRFAXRD,LANE CONTROL
1370,BLOOMINGTON PD,BLOOMINGTON,2021-08-20T00:00:00,11:54 AM,2,0,0,0,0,"","","",W 6TH ST,N COLLEGE AVE,"",,"",39.167648,-86.534784,LOCAL/CITY ROAD,N,URBAN,N,N,N,"",DAYLIGHT,CLEAR,DRY,"",FOUR-WAY INTERSECTION,STRAIGHT/GRADE,ASPHALT,UNSAFE BACKING,BACKING CRASH,6THSTCOLLEGEAVE,TRAFFIC CONTROL SIGNAL
1371,BLOOMINGTON PD,BLOOMINGTON,2021-08-20T00:00:00,2:36 PM,2,0,0,0,0,"","","",SR 45,S LIBERTY DR,"",,"",39.1450914,-86.5778283,LOCAL/CITY ROAD,N,URBAN,N,N,N,"",DAYLIGHT,CLEAR,DRY,"",FOUR-WAY INTERSECTION,STRAIGHT/LEVEL,ASPHALT,IMPROPER LANE USAGE,REAR END,SLIBERTYDRWSR45HWY,TRAFFIC CONTROL SIGNAL
1372,BLOOMINGTON PD,BLOOMINGTON,2021-08-20T00:00:00,3:46 PM,2,0,1,0,0,"","","",S WOODLAWN AVE,E 2ND ST,"",,"",39.16108,-86.522618,LOCAL/CITY ROAD,N,URBAN,N,N,N,"",DAYLIGHT,CLEAR,DRY,"",FOUR-WAY INTERSECTION,STRAIGHT/LEVEL,ASPHALT,DISREGARD SIGNAL/REG SIGN,RIGHT ANGLE,ESECONDSTSWOODLAWNAVE,STOP SIGN
1373,BLOOMINGTON PD,BLOOMINGTON,2021-08-20T00:00:00,10:53 PM,2,0,1,0,0,"","","",W 3RD ST,S MULLER PKWY,"",,"",39.164469,-86.562709,LOCAL/CITY ROAD,N,URBAN,N,N,N,"",DARK (LIGHTED),CLEAR,DRY,"",T-INTERSECTION,STRAIGHT/LEVEL,ASPHALT,FAILURE TO YIELD RIGHT OF WAY,RIGHT ANGLE,SMULLERPKWYW3RDST,STOP SIGN
1374,MONROE SD,BLOOMINGTON,2021-08-19T00:00:00,1:35 AM,2,1,0,0,0,"","","",I-69 S,"","",1000,S,0,0,INTERSTATE,N,URBAN,N,Y,N,"",DAYLIGHT,CLOUDY,DRY,"",INTERCHANGE,STRAIGHT/GRADE,ASPHALT,OTHER (VEHICLE) - EXPLAIN IN NARRATIVE,OTHER - EXPLAIN IN NARRATIVE,BURMARDI69S,NONE
1375,INDIANA UNIV BLOOMINGTON PD,BLOOMINGTON,2021-08-19T00:00:00,8:53 AM,2,0,0,0,0,"","","",SR 45,SR 45/46,"",,"",0,0,STATE ROAD,N,URBAN,N,N,N,"",DAYLIGHT,CLEAR,DRY,"",FOUR-WAY INTERSECTION,STRAIGHT/LEVEL,ASPHALT,DRIVER DISTRACTED - EXPLAIN IN NARRATIVE,REAR END,SR45SR46,TRAFFIC CONTROL SIGNAL
1376,BLOOMINGTON PD,BLOOMINGTON,2021-08-19T00:00:00,8:57 AM,2,0,0,0,0,"","","",W HAYS CT,S ROGERS ST,"",40,W,39.12504,-86.5388,LOCAL/CITY ROAD,N,URBAN,N,N,N,"",DAYLIGHT,CLEAR,DRY,"",NO JUNCTION INVOLVED,STRAIGHT/GRADE,ASPHALT,IMPROPER LANE USAGE,SAME DIRECTION SIDESWIPE,SROGERSSTWHAYSCT,NONE
1377,ISP BLOOMINGTON 33,BLOOMINGTON,2021-08-19T00:00:00,12:25 PM,2,,0,0,0,"","","",SR 45/46,"","",500,N,39.17514641,-86.50406172,STATE ROAD,"",URBAN,N,N,N,"",DAYLIGHT,CLOUDY,DRY,"",NO JUNCTION INVOLVED,"",ASPHALT,UNSAFE SPEED,REAR END,SR45DiscoveryParkway,""
1378,BLOOMINGTON PD,BLOOMINGTON,2021-08-19T00:00:00,2:04 PM,2,0,0,0,0,"","","",SR 45,S LIBERTY DR,"",,"",39.1450914,-86.5778283,LOCAL/CITY ROAD,N,URBAN,N,N,N,"",DAYLIGHT,CLEAR,DRY,"",FOUR-WAY INTERSECTION,STRAIGHT/LEVEL,ASPHALT,FAILURE TO YIELD RIGHT OF WAY,RIGHT ANGLE,LIBERTYDRWESTSTATEROAD45HWY,TRAFFIC CONTROL SIGNAL
1379,BLOOMINGTON PD,BLOOMINGTON,2021-08-19T00:00:00,2:31 PM,2,0,0,0,0,"","","",S LIBERTY DR,SR 45,"",50,N,39.155739,-86.57686479,LOCAL/CITY ROAD,N,URBAN,Y,N,N,"",DAYLIGHT,CLEAR,DRY,"",FOUR-WAY INTERSECTION,STRAIGHT/LEVEL,ASPHALT,BRAKE FAILURE OR DEFECTIVE,REAR END,SLIBERTYDRSR45HWY,NONE
1380,BLOOMINGTON PD,BLOOMINGTON,2021-08-19T00:00:00,3:05 PM,2,0,0,0,0,"","","",N WALNUT ST,W 10TH ST,"",,"",39.171744,-86.53352,LOCAL/CITY ROAD,N,URBAN,N,N,N,"",DAYLIGHT,CLEAR,DRY,"",FOUR-WAY INTERSECTION,STRAIGHT/GRADE,ASPHALT,DISREGARD SIGNAL/REG SIGN,RIGHT ANGLE,NORTHWALNUTSTWEST10THST,TRAFFIC CONTROL SIGNAL
1381,BLOOMINGTON PD,BLOOMINGTON,2021-08-19T00:00:00,3:30 PM,2,0,0,0,0,"","","",S WASHINGTON ST,E 7TH ST,"",50,S,39.16864,-86.5324,LOCAL/CITY ROAD,Y,URBAN,N,N,N,"",DAYLIGHT,CLOUDY,DRY,"",NO JUNCTION INVOLVED,STRAIGHT/GRADE,ASPHALT,UNSAFE LANE MOVEMENT,SAME DIRECTION SIDESWIPE,E7THSTSWASHINGTONST,NONE
1382,INDIANA UNIV BLOOMINGTON PD,BLOOMINGTON,2021-08-19T00:00:00,4:31 PM,2,0,0,0,0,"","","",SR 45/46,E DISCOVERY PKWY,"",300,N,39.20699156,-86.504121,STATE ROAD,N,URBAN,N,N,N,"",DAYLIGHT,CLEAR,DRY,"",NO JUNCTION INVOLVED,STRAIGHT/LEVEL,ASPHALT,FOLLOWING TOO CLOSELY,REAR END,EDISCOVERYPKWYSR45N,NONE
1383,INDIANA UNIV BLOOMINGTON PD,BLOOMINGTON,2021-08-19T00:00:00,4:31 PM,2,0,0,0,0,"","","",SR 45/46,E DISCOVERY PKWY,"",330,N,39.21016476,-86.504121,STATE ROAD,N,URBAN,N,N,N,"",DAYLIGHT,CLEAR,DRY,"",NO JUNCTION INVOLVED,STRAIGHT/LEVEL,ASPHALT,FOLLOWING TOO CLOSELY,REAR END,EDISCOVERYPKWYSR45N,NONE
1384,INDIANA UNIV BLOOMINGTON PD,BLOOMINGTON,2021-08-19T00:00:00,5:13 PM,2,0,0,0,0,"","","",SR 45/46,E DISCOVERY PKWY,"",150,N,39.23990158,-86.61052504,STATE ROAD,N,URBAN,N,N,N,"",DAYLIGHT,CLEAR,DRY,"",T-INTERSECTION,STRAIGHT/LEVEL,ASPHALT,FOLLOWING TOO CLOSELY,REAR END,DISCOVERYPKWYSR46E,TRAFFIC CONTROL SIGNAL
1385,INDIANA UNIV BLOOMINGTON PD,BLOOMINGTON,2021-08-19T00:00:00,5:50 PM,2,0,0,0,0,"","","",SR 45/46,E DISCOVERY PKWY,"",,"",39.171474,-86.495398,STATE ROAD,N,URBAN,N,N,N,"",DAYLIGHT,CLEAR,DRY,"",NO JUNCTION INVOLVED,STRAIGHT/LEVEL,ASPHALT,FOLLOWING TOO CLOSELY,REAR END,DISCOVERYPKWYSR45S,TRAFFIC CONTROL SIGNAL