_id,Agency,City,Collision Date,Collision Time,Vehicles Involved,Trailers Involved,Number Injured,Number Dead,Number Deer,House Number,Roadway Interchange,Roadway Ramp,Roadway Id,Intersecting Road,Interchange,Feet From,Direction,Latitude,Longitude,Roadway Class,Hit and Run?,Locality,School Zone?,Rumble Strips?,Construction?,Construction Type,Light Condition,Weather Conditions,Surface Condition,Type of Median,Roadway Junction Type,Road Character,Roadway Surface,Primary Factor,Manner of Collision,Unique Location Id,Traffic Control
1446,BLOOMINGTON PD,BLOOMINGTON,2021-08-13T00:00:00,2:07 PM,2,0,0,0,0,317,"","",W 17TH ST,N MADISON ST,"",,"",39.178762,-86.537456,UNKNOWN,N,URBAN,N,N,N,"",DAYLIGHT,CLOUDY,DRY,"",NO JUNCTION INVOLVED,STRAIGHT/GRADE,ASPHALT,FAILURE TO YIELD RIGHT OF WAY,BACKING CRASH,WEST17THST,NONE
1447,BLOOMINGTON PD,BLOOMINGTON,2021-08-13T00:00:00,2:28 PM,3,0,0,0,0,"","","",S COLLEGE MALL RD,E COVENANTER DR,"",,"",0,0,LOCAL/CITY ROAD,N,URBAN,N,N,N,"",DAYLIGHT,CLEAR,DRY,"",FOUR-WAY INTERSECTION,STRAIGHT/LEVEL,ASPHALT,FAILURE TO YIELD RIGHT OF WAY,RIGHT ANGLE,COLLEGEMALLRDECOVENANTERDR,TRAFFIC CONTROL SIGNAL
1448,BLOOMINGTON PD,BLOOMINGTON,2021-08-13T00:00:00,3:49 PM,2,0,0,0,0,3205,"","",SR 45,ENTRANCE TO SAM'S CLUB,"",,"",39.125552,-86.610192,LOCAL/CITY ROAD,N,URBAN,N,N,N,"",DAYLIGHT,CLEAR,DRY,"",NO JUNCTION INVOLVED,STRAIGHT/LEVEL,ASPHALT,FAILURE TO YIELD RIGHT OF WAY,RIGHT ANGLE,WSTATERD45SAMSCLUBRD,NONE
1449,BLOOMINGTON PD,BLOOMINGTON,2021-08-13T00:00:00,4:11 PM,2,0,0,0,0,"","","",N WALNUT ST,W 9TH ST,"",,"",39.170544,-86.533536,LOCAL/CITY ROAD,N,URBAN,N,N,N,"",DAYLIGHT,CLEAR,DRY,"",FOUR-WAY INTERSECTION,STRAIGHT/GRADE,ASPHALT,IMPROPER TURNING,LEFT TURN,NORTHWALNUTSTWEST9THST,STOP SIGN
1450,MONROE SD,BLOOMINGTON,2021-08-13T00:00:00,7:13 PM,2,0,1,0,0,"","","",S SMITH RD,E ST REMY DR,"",250,S,39.11575303,-86.480386,COUNTY ROAD,Y,RURAL,N,N,N,"",DAYLIGHT,CLEAR,DRY,"",NO JUNCTION INVOLVED,STRAIGHT/GRADE,ASPHALT,FOLLOWING TOO CLOSELY,REAR END,REMYDRSMITHRD,NONE
1451,MONROE SD,BLOOMINGTON,2021-08-13T00:00:00,9:50 PM,1,0,0,0,0,"","","",N STINESVILLE RD,W MT CARMEL RD,"",150,S,39.28016009,-86.659471,COUNTY ROAD,N,RURAL,N,N,N,"",DARK (NOT LIGHTED),CLEAR,DRY,"",NO JUNCTION INVOLVED,CURVE/GRADE,ASPHALT,ANIMAL/OBJECT IN ROADWAY,RAN OFF ROAD,MTCARMELRDSTINESVILLERD,NONE
1452,ISP BLOOMINGTON 33,BLOOMINGTON,2021-08-12T00:00:00,7:12 AM,2,,0,0,0,"","","",W TAPP RD,S ROCKPORT RD,"",0,"",39.13637258,-86.54920631,LOCAL/CITY ROAD,"",URBAN,N,N,N,"",DAWN/DUSK,CLEAR,DRY,"",FOUR-WAY INTERSECTION,"",ASPHALT,UNSAFE LANE MOVEMENT,SAME DIRECTION SIDESWIPE,WTappRdSRockportRd,""
1453,MONROE SD,BLOOMINGTON,2021-08-12T00:00:00,8:20 AM,1,0,4,0,0,"","","",E NORTHSHORE DR,"","",2000,N,0,0,LOCAL/CITY ROAD,N,RURAL,N,N,N,"",DAYLIGHT,CLEAR,DRY,"",NO JUNCTION INVOLVED,STRAIGHT/GRADE,ASPHALT,RAN OFF ROAD RIGHT,RAN OFF ROAD,ENORTHSHOREDRESPILLWAYRD,NONE
1454,BLOOMINGTON PD,BLOOMINGTON,2021-08-12T00:00:00,10:20 AM,2,0,1,0,0,"","","",E SMITH AVE,S DUNN ST,"",,"",39.162792,-86.528411,LOCAL/CITY ROAD,N,URBAN,N,N,N,"",DAYLIGHT,CLEAR,DRY,"",FOUR-WAY INTERSECTION,STRAIGHT/HILLCREST,ASPHALT,DISREGARD SIGNAL/REG SIGN,RIGHT ANGLE,ESMITHAVESDUNNST,STOP SIGN
1455,BLOOMINGTON PD,BLOOMINGTON,2021-08-12T00:00:00,12:12 PM,2,0,1,0,0,"","","",SR 46,E 3RD ST,"",200,N,39.16424,-86.473296,STATE ROAD,N,URBAN,N,N,N,"",DAYLIGHT,CLEAR,DRY,"",NO JUNCTION INVOLVED,STRAIGHT/GRADE,ASPHALT,CELL PHONE USAGE,REAR END,E3RDSTSR46S,LANE CONTROL
1456,BLOOMINGTON PD,BLOOMINGTON,2021-08-12T00:00:00,5:08 PM,2,0,0,0,0,"","","",W 6TH ST,N MORTON ST,"",40,E,39.167664,-86.536,LOCAL/CITY ROAD,N,URBAN,N,N,N,"",DAYLIGHT,CLEAR,DRY,"",NO JUNCTION INVOLVED,STRAIGHT/LEVEL,ASPHALT,IMPROPER TURNING,SAME DIRECTION SIDESWIPE,NORTHMORTONSTWEST6THST,NONE
1457,BLOOMINGTON PD,BLOOMINGTON,2021-08-12T00:00:00,8:40 PM,1,0,0,0,0,"",118,S,SR 48,I-69 S,"",,"",0,0,LOCAL/CITY ROAD,N,URBAN,N,N,N,"",DARK (LIGHTED),RAIN,WET,"",RAMP,CURVE/GRADE,ASPHALT,RAN OFF ROAD RIGHT,RAN OFF ROAD,STRD37OPAS,TRAFFIC CONTROL SIGNAL
1458,BLOOMINGTON PD,BLOOMINGTON,2021-08-12T00:00:00,8:52 PM,1,0,0,0,0,"","","",W 11TH ST,N MAPLE ST,"",,"",39.173408,-86.542,LOCAL/CITY ROAD,N,URBAN,N,N,N,"",DARK (LIGHTED),RAIN,WET,"",NO JUNCTION INVOLVED,STRAIGHT/GRADE,ASPHALT,RAN OFF ROAD RIGHT,RAN OFF ROAD,11THSTMAPLEST,STOP SIGN
1459,MONROE SD,BLOOMINGTON,2021-08-12T00:00:00,11:30 PM,1,0,1,0,0,5265,"","",SR 45,"","",,"",39.18636,-86.533048,STATE ROAD,N,RURAL,N,N,N,"",DARK (LIGHTED),CLEAR,DRY,"",NO JUNCTION INVOLVED,STRAIGHT/LEVEL,ASPHALT,RAN OFF ROAD RIGHT,RAN OFF ROAD,SR45,LANE CONTROL
1460,BLOOMINGTON PD,BLOOMINGTON,2021-08-11T00:00:00,12:00 AM,2,0,0,0,0,"","","",W HOWE ST,S ROGERS ST,"",20,E,39.1624,-86.538592,LOCAL/CITY ROAD,Y,URBAN,N,N,N,"",UNKNOWN,CLEAR,DRY,"",NO JUNCTION INVOLVED,STRAIGHT/GRADE,ASPHALT,UNSAFE LANE MOVEMENT,SAME DIRECTION SIDESWIPE,SROGERSSTWHOWEST,NONE
1461,MONROE SD,BLOOMINGTON,2021-08-11T00:00:00,7:02 AM,1,0,0,0,1,"","","",SR 446,"","",2500,S,38.81758378,-86.41880668,STATE ROAD,N,RURAL,N,Y,N,"",DAYLIGHT,CLEAR,DRY,"",T-INTERSECTION,STRAIGHT/GRADE,ASPHALT,ANIMAL/OBJECT IN ROADWAY,COLLISION WITH DEER,SSCHWARTZRIDGERDSR446S,NONE
1462,BLOOMINGTON PD,BLOOMINGTON,2021-08-11T00:00:00,1:15 PM,2,0,0,0,0,"","","",N KINSER PIKE,SR 45/46,"",,"",39.186437,-86.537723,LOCAL/CITY ROAD,N,URBAN,N,N,N,"",DAYLIGHT,CLEAR,DRY,"",FOUR-WAY INTERSECTION,STRAIGHT/LEVEL,ASPHALT,FAILURE TO YIELD RIGHT OF WAY,LEFT/RIGHT TURN,NKINSERPIKEWSTRD4546BYP,NONE
1463,MONROE SD,BLOOMINGTON,2021-08-11T00:00:00,4:00 PM,2,0,0,0,0,"","","",N DANIEL'S WAY,W ZENITH DR,"",,"",39.170137,-86.598301,LOCAL/CITY ROAD,N,RURAL,N,N,N,"",DAYLIGHT,CLEAR,DRY,"",T-INTERSECTION,STRAIGHT/LEVEL,ASPHALT,FAILURE TO YIELD RIGHT OF WAY,RIGHT ANGLE,DANIELSWAYZENITHDR,STOP SIGN
1464,MONROE SD,BLOOMINGTON,2021-08-11T00:00:00,6:40 PM,1,0,0,0,0,4410,"","",SR 446,S OLD RICHARDSON RD,"",,"",39.135648,-86.462248,STATE ROAD,N,URBAN,N,N,N,"",DAYLIGHT,CLEAR,DRY,"",T-INTERSECTION,CURVE/LEVEL,ASPHALT,UNSAFE SPEED,RAN OFF ROAD,SR446S,LANE CONTROL
1465,BLOOMINGTON PD,BLOOMINGTON,2021-08-11T00:00:00,9:41 PM,2,0,0,0,0,"","","",S WALNUT ST,W COUNTRY CLUB DR,"",,"",39.1359818,-86.5310843,LOCAL/CITY ROAD,Y,URBAN,N,N,N,"",DARK (LIGHTED),CLEAR,DRY,"",FOUR-WAY INTERSECTION,STRAIGHT/LEVEL,ASPHALT,FAILURE TO YIELD RIGHT OF WAY,LEFT TURN,SWALNUTSTWCOUNTRYCLUBDR,TRAFFIC CONTROL SIGNAL
1466,MONROE SD,BLOOMINGTON,2021-08-10T00:00:00,3:00 AM,2,0,1,0,0,"","","",SR 37,S OLD SR 37,"",,"",39.085462,-86.542568,STATE ROAD,Y,URBAN,N,Y,N,"",DARK (LIGHTED),CLEAR,DRY,"",FOUR-WAY INTERSECTION,STRAIGHT/LEVEL,ASPHALT,DISREGARD SIGNAL/REG SIGN,RIGHT ANGLE,SOLDST37RDSR37S,TRAFFIC CONTROL SIGNAL
1467,ISP BLOOMINGTON 33,BLOOMINGTON,2021-08-10T00:00:00,7:05 AM,2,,1,0,0,"","","",W DILLMAN RD,SR 37,"",0,"",39.09296203,-86.54594726,STATE ROAD,"",RURAL,N,N,N,"",DAWN/DUSK,CLEAR,DRY,"",FOUR-WAY INTERSECTION,"",ASPHALT,FAILURE TO YIELD RIGHT OF WAY,LEFT TURN,WDillmanRdStateRd37,""
1468,ELLETTSVILLE PD,ELLETTSVILLE,2021-08-10T00:00:00,8:08 AM,2,0,2,0,0,"","","",SR 46,S POPLAR DR,"",,"",39.237248,-86.629296,STATE ROAD,N,URBAN,N,N,N,"",DAYLIGHT,RAIN,WET,"",T-INTERSECTION,STRAIGHT/LEVEL,ASPHALT,FAILURE TO YIELD RIGHT OF WAY,RIGHT ANGLE,POPLARDRSR46W,STOP SIGN
1469,BLOOMINGTON PD,BLOOMINGTON,2021-08-10T00:00:00,8:25 AM,2,0,0,0,0,"","","",S CURRY PIKE,SR 45,"",,"",0,0,LOCAL/CITY ROAD,N,URBAN,N,N,N,"",DAYLIGHT,CLOUDY,DRY,"",FOUR-WAY INTERSECTION,STRAIGHT/LEVEL,ASPHALT,FOLLOWING TOO CLOSELY,REAR END,SCURRYPIKEWSR45HWY,TRAFFIC CONTROL SIGNAL
1470,BLOOMINGTON PD,BLOOMINGTON,2021-08-10T00:00:00,2:53 PM,1,0,0,0,0,"","","",W 11TH ST,N WALNUT ST,"",75,E,39.173248,-86.533488,LOCAL/CITY ROAD,N,URBAN,N,N,Y,INTERMITTENT OR MOVING WORK,DAYLIGHT,CLEAR,DRY,"",NO JUNCTION INVOLVED,STRAIGHT/LEVEL,ASPHALT,OTHER (DRIVER) - EXPLAIN IN NARRATIVE,OTHER - EXPLAIN IN NARRATIVE,NWALNUTSTW11THST,LANE CONTROL
1471,BLOOMINGTON PD,BLOOMINGTON,2021-08-10T00:00:00,4:31 PM,4,0,0,0,0,"","","",SR 45,W INDUSTRIAL BLVD,"",,"",0,0,STATE ROAD,Y,URBAN,N,N,N,"",DAYLIGHT,CLEAR,DRY,"",FOUR-WAY INTERSECTION,STRAIGHT/LEVEL,ASPHALT,UNSAFE LANE MOVEMENT,SAME DIRECTION SIDESWIPE,SR45WWINDUSTRIALBLVD,TRAFFIC CONTROL SIGNAL
1472,MONROE SD,BLOOMINGTON,2021-08-10T00:00:00,5:18 PM,2,0,0,0,0,"","","",E RHORER RD,S WALNUT ST PIKE,"",,"",39.12144,-86.526496,LOCAL/CITY ROAD,N,URBAN,N,N,N,"",DAYLIGHT,CLEAR,DRY,"",FOUR-WAY INTERSECTION,STRAIGHT/GRADE,ASPHALT,UNSAFE BACKING,BACKING CRASH,ERHORERRDSOUTHWALNUTSTREETPIKE,TRAFFIC CONTROL SIGNAL
1473,MONROE SD,BLOOMINGTON,2021-08-10T00:00:00,5:23 PM,2,0,0,0,0,"","","",W MONARCH CT,"","",1000,N,39.26451843,-86.6046576,LOCAL/CITY ROAD,N,URBAN,N,N,N,"",DAYLIGHT,CLEAR,DRY,"",NO JUNCTION INVOLVED,STRAIGHT/LEVEL,ASPHALT,IMPROPER TURNING,SAME DIRECTION SIDESWIPE,SFIELDSTONEBLVDWMONARCHCT,NONE
1474,INDIANA UNIV BLOOMINGTON PD,BLOOMINGTON,2021-08-10T00:00:00,5:55 PM,2,0,0,0,0,"","","",SR 45/46,E 10TH ST,"",500,N,39.26049491,-86.2440072,STATE ROAD,N,URBAN,N,N,N,"",DAYLIGHT,CLEAR,DRY,"",NO JUNCTION INVOLVED,STRAIGHT/LEVEL,ASPHALT,FOLLOWING TOO CLOSELY,REAR END,10THSTSTSR46S,NONE
1475,BLOOMINGTON PD,BLOOMINGTON,2021-08-10T00:00:00,8:35 PM,1,0,0,0,0,1410,"","",W 15TH ST,N ILLINOIS ST,"",,"",39.176848,-86.55187363,UNKNOWN,Y,URBAN,N,N,N,"",DAWN/DUSK,CLEAR,DRY,"",NO JUNCTION INVOLVED,STRAIGHT/LEVEL,ASPHALT,RAN OFF ROAD RIGHT,RAN OFF ROAD,W15THST,NONE
1476,MONROE SD,BLOOMINGTON,2021-08-09T00:00:00,7:12 AM,1,0,0,0,1,"","","",SR 37,S OLD SR 37,"",300,S,39.33695424,-86.4843835,STATE ROAD,N,URBAN,N,N,N,"",DAYLIGHT,RAIN,WET,"",NO JUNCTION INVOLVED,CURVE/HILLCREST,ASPHALT,ANIMAL/OBJECT IN ROADWAY,COLLISION WITH DEER,OLDSTATEROAD37SOUTHRDSR37S,NONE
1477,ISP BLOOMINGTON 33,BLOOMINGTON,2021-08-09T00:00:00,7:17 AM,3,,0,0,0,"","","",SR 37,S WALNUT ST,"",0,"",39.08510099,-86.54213852,STATE ROAD,"",RURAL,N,N,Y,LANE CLOSURE,DAYLIGHT,RAIN,WET,"",NO JUNCTION INVOLVED,"",ASPHALT,FOLLOWING TOO CLOSELY,REAR END,SR37southofOldSR37S,""
1478,BLOOMINGTON PD,BLOOMINGTON,2021-08-09T00:00:00,7:57 AM,2,0,0,0,0,"","","",S ROGERS ST,W COUNTRY CLUB DR,"",,"",39.136014,-86.538267,LOCAL/CITY ROAD,N,URBAN,N,N,N,"",DAYLIGHT,RAIN,WET,"",FOUR-WAY INTERSECTION,STRAIGHT/LEVEL,ASPHALT,FAILURE TO YIELD RIGHT OF WAY,HEAD ON BETWEEN TWO MOTOR VEHICLES,COUNTRYCLUBDRROGERSST,TRAFFIC CONTROL SIGNAL
1479,MONROE SD,ELLETTSVILLE,2021-08-09T00:00:00,10:12 AM,2,0,0,0,0,"","","",N SMITH PIKE,W FORREST PARK DR,"",,"",0,0,LOCAL/CITY ROAD,N,URBAN,N,N,N,"",DAYLIGHT,RAIN,WET,"",T-INTERSECTION,STRAIGHT/HILLCREST,ASPHALT,ROADWAY SURFACE CONDITION,REAR END,NSMITHPIKEWFORRESTPARKDR,LANE CONTROL
1480,MONROE SD,BLOOMINGTON,2021-08-09T00:00:00,11:30 AM,2,0,0,0,0,"","","",SR 45,S HARMONY RD,"",,"",39.111024,-86.638304,STATE ROAD,N,RURAL,N,N,N,"",DAYLIGHT,RAIN,WET,"",FOUR-WAY INTERSECTION,STRAIGHT/LEVEL,ASPHALT,UNSAFE LANE MOVEMENT,SAME DIRECTION SIDESWIPE,SHARMONYRDSR45W,NONE
1481,ELLETTSVILLE PD,ELLETTSVILLE,2021-08-09T00:00:00,11:34 AM,2,0,0,0,0,"","","",SR 46,N TUPELO DR,"",,"",39.212935,-86.589672,STATE ROAD,N,URBAN,N,N,N,"",DAYLIGHT,RAIN,WET,"",NO JUNCTION INVOLVED,STRAIGHT/LEVEL,ASPHALT,FAILURE TO YIELD RIGHT OF WAY,RIGHT ANGLE,SR46WTUPELODR,LANE CONTROL
1482,ELLETTSVILLE PD,ELLETTSVILLE,2021-08-09T00:00:00,11:36 AM,2,0,0,0,0,"","","",SR 46,W FORREST PARK DR,"",,"",39.212096,-86.587196,STATE ROAD,N,URBAN,N,N,N,"",DAYLIGHT,RAIN,WET,"",NO JUNCTION INVOLVED,STRAIGHT/LEVEL,ASPHALT,FAILURE TO YIELD RIGHT OF WAY,RIGHT ANGLE,FORRESTPARKFARMSDRSR46W,STOP SIGN
1483,BLOOMINGTON PD,BLOOMINGTON,2021-08-09T00:00:00,1:23 PM,2,0,0,0,0,812,"","",W COUNTRY CLUB DR,"","",200,E,39.136304,-86.544592,LOCAL/CITY ROAD,N,URBAN,N,N,N,"",DAYLIGHT,RAIN,WET,"",NO JUNCTION INVOLVED,STRAIGHT/GRADE,ASPHALT,FOLLOWING TOO CLOSELY,REAR END,SOUTHBANTAAVEWESTCOUNTRYCLUBDR,NONE
1484,BLOOMINGTON PD,BLOOMINGTON,2021-08-09T00:00:00,2:02 PM,2,0,0,0,0,"","","",SR 46,E 10TH ST,"",500,S,0,0,LOCAL/CITY ROAD,N,URBAN,N,N,N,"",DAYLIGHT,RAIN,WET,"",NO JUNCTION INVOLVED,STRAIGHT/LEVEL,ASPHALT,UNSAFE LANE MOVEMENT,REAR END,E10THSTESTRD46BYP,NONE
1485,INDIANA UNIV BLOOMINGTON PD,BLOOMINGTON,2021-08-09T00:00:00,2:15 PM,2,0,0,0,0,"","","",S SWAIN AVE,E 3RD ST,"",,"",39.164261,-86.515275,LOCAL/CITY ROAD,N,URBAN,N,N,N,"",DAYLIGHT,CLOUDY,WET,"",T-INTERSECTION,STRAIGHT/LEVEL,ASPHALT,IMPROPER TURNING,LEFT TURN,SWAINAVETHIRDST,NONE
1486,BLOOMINGTON PD,BLOOMINGTON,2021-08-09T00:00:00,2:41 PM,2,0,2,0,0,"","","",W 3RD ST,S LANDMARK AVE,"",,"",39.164416,-86.556302,LOCAL/CITY ROAD,N,URBAN,N,N,N,"",DAYLIGHT,CLOUDY,WET,"",FOUR-WAY INTERSECTION,STRAIGHT/GRADE,ASPHALT,FAILURE TO YIELD RIGHT OF WAY,RIGHT ANGLE,SLANDMARKAVEW3RDST,TRAFFIC CONTROL SIGNAL
1487,BLOOMINGTON PD,BLOOMINGTON,2021-08-09T00:00:00,7:36 PM,2,0,0,0,0,513,"","",W HOOSIER CT AVE,"","",,"",39.18478,-86.5381767,UNKNOWN,N,URBAN,N,N,N,"",DAYLIGHT,CLEAR,DRY,"",NO JUNCTION INVOLVED,STRAIGHT/LEVEL,ASPHALT,UNSAFE BACKING,BACKING CRASH,WESTGOURLEYPIKE,NONE
1488,MONROE SD,BLOOMINGTON,2021-08-09T00:00:00,8:43 PM,2,0,2,0,0,"","","",W FLATWOODS RD,"","",2500,E,39.25264,-86.684096,LOCAL/CITY ROAD,N,RURAL,N,N,N,"",DAWN/DUSK,CLEAR,DRY,"",NO JUNCTION INVOLVED,STRAIGHT/LEVEL,ASPHALT,LEFT OF CENTER,HEAD ON BETWEEN TWO MOTOR VEHICLES,NCOUNTYLINERDWFLATWOODSRD,NONE
1489,BLOOMINGTON PD,BLOOMINGTON,2021-08-08T00:00:00,12:45 AM,2,0,0,1,0,"","","",N WALNUT ST,W KIRKWOOD AVE,"",,"",39.16664,-86.5336,LOCAL/CITY ROAD,N,URBAN,N,N,N,"",DARK (LIGHTED),CLEAR,DRY,"",FOUR-WAY INTERSECTION,STRAIGHT/LEVEL,ASPHALT,UNSAFE SPEED,REAR END,KIRKWOODAVENWALNUTST,TRAFFIC CONTROL SIGNAL
1490,MONROE SD,ELLETTSVILLE,2021-08-08T00:00:00,12:22 PM,2,0,0,0,0,"","","",SR 46,N UNION VALLEY RD,"",,"",39.215152,-86.5928,STATE ROAD,N,URBAN,N,N,N,"",DAYLIGHT,CLEAR,DRY,"",FOUR-WAY INTERSECTION,STRAIGHT/LEVEL,ASPHALT,FAILURE TO YIELD RIGHT OF WAY,RIGHT TURN,NUNIONVALLEYRDSR46W,TRAFFIC CONTROL SIGNAL
1491,MONROE SD,BLOOMINGTON,2021-08-08T00:00:00,3:13 PM,1,0,0,0,0,"","","",SR 45,N RICHARDSON RD,"",,"",39.23984,-86.387696,STATE ROAD,N,RURAL,N,N,N,"",DAYLIGHT,CLEAR,LOOSE MATERIAL ON ROAD,"",NO JUNCTION INVOLVED,CURVE/LEVEL,ASPHALT,ROADWAY SURFACE CONDITION,NON-COLLISION,NORTHRICHARDSONRDSR45E,NONE
1492,MONROE SD,BLOOMINGTON,2021-08-08T00:00:00,4:57 PM,2,0,0,0,0,"","","",SR 45,N INDUSTRIAL BLVD,"",,"",39.143552,-86.580528,STATE ROAD,N,RURAL,N,N,N,"",DAYLIGHT,CLEAR,DRY,"",NO JUNCTION INVOLVED,STRAIGHT/LEVEL,ASPHALT,DISREGARD SIGNAL/REG SIGN,HEAD ON BETWEEN TWO MOTOR VEHICLES,NORTHINDUSTRIALBLVDSR45W,TRAFFIC CONTROL SIGNAL
1493,ELLETTSVILLE PD,ELLETTSVILLE,2021-08-08T00:00:00,5:34 PM,2,0,0,0,0,"","","",SR 46,N UNION VALLEY RD,"",,"",39.215152,-86.5928,STATE ROAD,N,URBAN,N,N,N,"",DAYLIGHT,CLEAR,DRY,"",NO JUNCTION INVOLVED,STRAIGHT/LEVEL,ASPHALT,FAILURE TO YIELD RIGHT OF WAY,LEFT TURN,SR46WUNIONVALLEYRD,TRAFFIC CONTROL SIGNAL
1494,BLOOMINGTON PD,BLOOMINGTON,2021-08-08T00:00:00,6:10 PM,2,0,0,0,0,415,"","",ALLEY,"","",,"",39.169776,-86.52824,UNKNOWN,N,URBAN,N,N,N,"",DAYLIGHT,CLEAR,DRY,"",NO JUNCTION INVOLVED,STRAIGHT/LEVEL,ASPHALT,IMPROPER TURNING,LEFT/RIGHT TURN,SDUNNST,NONE
1495,MONROE SD,BLOOMINGTON,2021-08-07T00:00:00,6:00 AM,1,0,0,1,0,9999,"","",SR 46,W FOSTER FISCUS RD,"",1200,E,39.28068623,-86.68078353,STATE ROAD,N,URBAN,N,N,N,"",UNKNOWN,CLEAR,DRY,"",NO JUNCTION INVOLVED,CURVE/LEVEL,ASPHALT,RAN OFF ROAD RIGHT,RAN OFF ROAD,NCOUNTYLINERDSR46W,LANE CONTROL
1496,ELLETTSVILLE PD,ELLETTSVILLE,2021-08-07T00:00:00,7:35 PM,2,0,0,0,0,"","","",SR 46,N BRIAR GATE DR,"",,"",0,0,STATE ROAD,N,URBAN,N,N,N,"",DAYLIGHT,CLOUDY,DRY,"",NO JUNCTION INVOLVED,STRAIGHT/LEVEL,ASPHALT,IMPROPER LANE USAGE,REAR END,BRIARGATELNSR46W,LANE CONTROL
1497,MONROE SD,BLOOMINGTON,2021-08-07T00:00:00,9:10 PM,1,1,0,0,0,"","","",SR 446,E BURGOON CHURCH RD,"",,"",39.055498,-86.408942,STATE ROAD,N,RURAL,N,N,N,"",DARK (NOT LIGHTED),CLEAR,DRY,"",NO JUNCTION INVOLVED,CURVE/GRADE,ASPHALT,RAN OFF ROAD RIGHT,RAN OFF ROAD,BURGOONCHURCHRDSR446,NONE
1498,MONROE SD,BLOOMINGTON,2021-08-07T00:00:00,10:48 PM,1,0,0,0,0,"","","",S SHIELDS RIDGE RD,"","",2000,E,39.073088,-86.461184,COUNTY ROAD,N,RURAL,N,N,N,"",DARK (NOT LIGHTED),CLEAR,DRY,"",NO JUNCTION INVOLVED,CURVE/GRADE,ASPHALT,TIRE FAILURE OR DEFECTIVE,RAN OFF ROAD,7900SSHIELDSRIDGERDSSHADYSIDEDR,NONE
1499,BLOOMINGTON PD,BLOOMINGTON,2021-08-06T00:00:00,6:39 AM,3,0,0,0,0,"","","",W 8TH ST,N HAY ST,"",,"",39.169605,-86.553479,LOCAL/CITY ROAD,N,URBAN,N,N,N,"",DAYLIGHT,CLEAR,DRY,"",FOUR-WAY INTERSECTION,STRAIGHT/LEVEL,ASPHALT,OTHER (VEHICLE) - EXPLAIN IN NARRATIVE,SAME DIRECTION SIDESWIPE,8THSTHAYST,NONE
1500,MONROE SD,BLOOMINGTON,2021-08-06T00:00:00,8:00 AM,2,0,0,0,0,"","","",I-69 N,"","",100,S,0,0,INTERSTATE,N,URBAN,N,N,N,"",DAYLIGHT,CLEAR,DRY,"",NO JUNCTION INVOLVED,CURVE/GRADE,ASPHALT,IMPROPER LANE USAGE,SAME DIRECTION SIDESWIPE,I69N128.5,NONE
1501,INDIANA UNIV BLOOMINGTON PD,BLOOMINGTON,2021-08-06T00:00:00,12:01 PM,2,0,0,0,0,"","","",SR 45/46,E DISCOVERY PKWY,"",,"",39.171474,-86.495398,STATE ROAD,N,URBAN,N,N,N,"",DAYLIGHT,CLEAR,DRY,"",T-INTERSECTION,STRAIGHT/LEVEL,ASPHALT,FOLLOWING TOO CLOSELY,REAR END,DISCOVERYPKWYSR45S,TRAFFIC CONTROL SIGNAL
1502,BLOOMINGTON PD,BLOOMINGTON,2021-08-06T00:00:00,2:13 PM,2,0,0,0,0,"","","",E WINSLOW RD,ENTRANCE TO EL RANCHERO,"",250,E,39.1359818,-86.53110593,LOCAL/CITY ROAD,N,URBAN,N,N,N,"",DAYLIGHT,CLEAR,DRY,"",NO JUNCTION INVOLVED,STRAIGHT/LEVEL,ASPHALT,FAILURE TO YIELD RIGHT OF WAY,LEFT TURN,EWINSLOWRDSWALNUTST,NONE
1503,ELLETTSVILLE PD,ELLETTSVILLE,2021-08-06T00:00:00,3:45 PM,2,0,0,0,0,"","","",SR 46,N MATTHEWS DR (N),"",,"",39.236096,-86.625168,LOCAL/CITY ROAD,N,URBAN,N,N,N,"",DAYLIGHT,CLEAR,DRY,"",FOUR-WAY INTERSECTION,STRAIGHT/LEVEL,ASPHALT,FAILURE TO YIELD RIGHT OF WAY,SAME DIRECTION SIDESWIPE,MAINSTMATTHEWSDR,NONE
1504,BLOOMINGTON PD,BLOOMINGTON,2021-08-06T00:00:00,4:59 PM,2,0,0,0,0,"","","",W COUNTRY CLUB DR,S ROGERS ST,"",,"",39.13608,-86.538096,LOCAL/CITY ROAD,N,URBAN,N,N,N,"",DAYLIGHT,CLEAR,DRY,"",FOUR-WAY INTERSECTION,STRAIGHT/GRADE,ASPHALT,IMPROPER TURNING,LEFT TURN,SOUTHROGERSSTWESTCOUNTRYCLUBRD,TRAFFIC CONTROL SIGNAL
1505,MONROE SD,BLOOMINGTON,2021-08-06T00:00:00,5:35 PM,3,0,0,0,0,"","","",SR 46,N SMITH PIKE,"",50,E,39.21005745,-86.58306296,STATE ROAD,N,RURAL,N,N,N,"",DAYLIGHT,CLEAR,DRY,"",FOUR-WAY INTERSECTION,STRAIGHT/LEVEL,ASPHALT,FOLLOWING TOO CLOSELY,REAR END,NSMITHPIKESR46W,NONE