_id,Agency,City,Collision Date,Collision Time,Vehicles Involved,Trailers Involved,Number Injured,Number Dead,Number Deer,House Number,Roadway Interchange,Roadway Ramp,Roadway Id,Intersecting Road,Interchange,Feet From,Direction,Latitude,Longitude,Roadway Class,Hit and Run?,Locality,School Zone?,Rumble Strips?,Construction?,Construction Type,Light Condition,Weather Conditions,Surface Condition,Type of Median,Roadway Junction Type,Road Character,Roadway Surface,Primary Factor,Manner of Collision,Unique Location Id,Traffic Control
1506,BLOOMINGTON PD,BLOOMINGTON,2021-08-06T00:00:00,6:07 PM,2,0,1,0,0,"","","",S CURRY PIKE,SR 48,"",,"",39.16465,-86.582939,LOCAL/CITY ROAD,N,URBAN,N,N,N,"",DAYLIGHT,CLEAR,DRY,"",FOUR-WAY INTERSECTION,STRAIGHT/LEVEL,ASPHALT,FAILURE TO YIELD RIGHT OF WAY,RIGHT ANGLE,SOUTHCURRYPIKEWEST3RDST,TRAFFIC CONTROL SIGNAL
1507,BLOOMINGTON PD,BLOOMINGTON,2021-08-06T00:00:00,6:17 PM,2,0,0,0,0,"","","",SR 46,S SMITH RD,"",,"",39.16424,-86.480688,LOCAL/CITY ROAD,Y,URBAN,N,N,N,"",DAYLIGHT,CLEAR,DRY,"",FOUR-WAY INTERSECTION,STRAIGHT/HILLCREST,ASPHALT,FOLLOWING TOO CLOSELY,REAR END,E3RDSTSSMITHRD,TRAFFIC CONTROL SIGNAL
1508,INDIANA UNIV BLOOMINGTON PD,BLOOMINGTON,2021-08-05T00:00:00,6:58 AM,2,0,0,0,0,"","","",N DUNN ST,ENTRANCE TO IU PARKING LOT 9,"",377,N,39.22287437,-86.52834,LOCAL/CITY ROAD,Y,URBAN,N,N,N,"",DAYLIGHT,CLEAR,DRY,"",T-INTERSECTION,STRAIGHT/HILLCREST,ASPHALT,RAN OFF ROAD RIGHT,RAN OFF ROAD,DUNNSTEVARSITYLN,NONE
1509,BLOOMINGTON PD,BLOOMINGTON,2021-08-05T00:00:00,8:09 AM,2,0,0,0,0,"","","",S ROGERS ST,"","",500,S,39.14507588,-86.53872743,LOCAL/CITY ROAD,Y,URBAN,N,N,N,"",DAYLIGHT,CLEAR,DRY,"",NO JUNCTION INVOLVED,STRAIGHT/GRADE,ASPHALT,FOLLOWING TOO CLOSELY,REAR END,ROCKPORTRDROGERSST,LANE CONTROL
1510,BLOOMINGTON PD,BLOOMINGTON,2021-08-05T00:00:00,12:26 PM,2,0,0,0,0,"","","",N WALNUT ST,SR 45/46,"",,"",39.186268,-86.534589,LOCAL/CITY ROAD,N,URBAN,N,N,N,"",DAYLIGHT,CLEAR,DRY,"",FOUR-WAY INTERSECTION,STRAIGHT/LEVEL,ASPHALT,FAILURE TO YIELD RIGHT OF WAY,RIGHT ANGLE,NWALNUTSTWSTRD4546BYP,LANE CONTROL
1511,MONROE SD,BLOOMINGTON,2021-08-05T00:00:00,12:52 PM,1,0,0,0,0,"","","",S ISON RD,"","",1200,S,39.122352,-86.6056,COUNTY ROAD,N,URBAN,N,N,N,"",DAYLIGHT,CLEAR,DRY,"",NO JUNCTION INVOLVED,STRAIGHT/GRADE,ASPHALT,RAN OFF ROAD RIGHT,RAN OFF ROAD,SOUTHISONRDWESTLEONARDSPRINGSRD,NONE
1512,BLOOMINGTON PD,BLOOMINGTON,2021-08-05T00:00:00,5:14 PM,2,0,0,0,0,"","","",E 3RD ST,S OVERHILL DR,"",,"",39.164272,-86.501488,LOCAL/CITY ROAD,N,URBAN,N,N,N,"",DAYLIGHT,CLEAR,DRY,"",T-INTERSECTION,STRAIGHT/LEVEL,ASPHALT,FAILURE TO YIELD RIGHT OF WAY,RIGHT ANGLE,E3RDSTSOVERHILLDR,LANE CONTROL
1513,MONROE SD,BLOOMINGTON,2021-08-05T00:00:00,6:05 PM,2,1,0,0,0,"","","",W OLD SR 37,E WHISNAND RD,"",,"",39.222574,-86.517128,LOCAL/CITY ROAD,N,URBAN,N,N,N,"",DAYLIGHT,CLEAR,DRY,"",T-INTERSECTION,STRAIGHT/LEVEL,ASPHALT,OVERSIZE/OVERWEIGHT LOAD,OPPOSITE DIRECTION SIDESWIPE,OLDSR37RDWHISENANDRDRD,NONE
1514,MONROE SD,BLOOMINGTON,2021-08-05T00:00:00,11:21 PM,2,0,0,1,0,"","","",SR 45,S DUNLAP RD,"",,"",0,0,STATE ROAD,N,URBAN,N,N,N,"",DARK (NOT LIGHTED),CLEAR,DRY,"",NO JUNCTION INVOLVED,CURVE/GRADE,ASPHALT,UNSAFE SPEED,REAR END,DUNLAPRDSR45,NONE
1515,BLOOMINGTON PD,BLOOMINGTON,2021-08-04T00:00:00,1:00 AM,2,0,0,0,0,"","","",E SMITH AVE,S LINCOLN ST,"",,"",39.162826,-86.5312,LOCAL/CITY ROAD,N,URBAN,N,N,N,"",DARK (NOT LIGHTED),CLOUDY,DRY,"",FOUR-WAY INTERSECTION,STRAIGHT/LEVEL,ASPHALT,OTHER (DRIVER) - EXPLAIN IN NARRATIVE,REAR END,LINCOLNSTSMITHAVE,STOP SIGN
1516,BLOOMINGTON PD,BLOOMINGTON,2021-08-04T00:00:00,7:29 AM,2,0,0,0,0,"","","",SR 46,S MEADOWBROOK DR,"",60,W,39.16424,-86.484384,LOCAL/CITY ROAD,N,URBAN,N,N,N,"",DAYLIGHT,CLEAR,DRY,"",NO JUNCTION INVOLVED,STRAIGHT/LEVEL,ASPHALT,FOLLOWING TOO CLOSELY,REAR END,E3RDSTSMEADOWBROOKDR,LANE CONTROL
1517,BLOOMINGTON PD,BLOOMINGTON,2021-08-04T00:00:00,12:11 PM,2,0,0,0,0,"","","",S COLLEGE AVE,W SMITH AVE,"",,"",39.162944,-86.534832,LOCAL/CITY ROAD,N,URBAN,N,N,N,"",DAYLIGHT,CLEAR,DRY,"",NO JUNCTION INVOLVED,STRAIGHT/LEVEL,ASPHALT,FOLLOWING TOO CLOSELY,REAR END,SCOLLEGEAVESMITHAVE,LANE CONTROL
1518,BLOOMINGTON PD,BLOOMINGTON,2021-08-04T00:00:00,1:19 PM,2,0,1,0,0,"","","",E 3RD ST,S GRANT ST,"",,"",39.16464,-86.529728,LOCAL/CITY ROAD,N,URBAN,N,N,N,"",DAYLIGHT,CLEAR,DRY,"",FOUR-WAY INTERSECTION,STRAIGHT/GRADE,ASPHALT,LEFT OF CENTER,HEAD ON BETWEEN TWO MOTOR VEHICLES,E3RDSTSGRANTST,LANE CONTROL
1519,BLOOMINGTON PD,BLOOMINGTON,2021-08-04T00:00:00,3:04 PM,2,0,0,0,0,"","","",S WALNUT ST,E SOUTH DR,"",,"",39.142048,-86.531088,LOCAL/CITY ROAD,N,URBAN,N,N,N,"",DAYLIGHT,CLEAR,DRY,"",FOUR-WAY INTERSECTION,STRAIGHT/LEVEL,ASPHALT,FAILURE TO YIELD RIGHT OF WAY,SAME DIRECTION SIDESWIPE,EASTSOUTHDRSOUTHWALNUTST,TRAFFIC CONTROL SIGNAL
1520,MONROE SD,BLOOMINGTON,2021-08-04T00:00:00,3:10 PM,2,0,0,0,0,"","","",W FULLERTON PIKE,S SIMS DR,"",1000,E,39.12327573,-86.57906853,COUNTY ROAD,N,RURAL,N,N,N,"",DAYLIGHT,CLEAR,DRY,"",NO JUNCTION INVOLVED,CURVE/LEVEL,ASPHALT,FOLLOWING TOO CLOSELY,REAR END,FULLERTONPIKELEONARDSPRINGSRD,NONE
1521,MONROE SD,BLOOMINGTON,2021-08-04T00:00:00,6:15 PM,2,0,1,0,0,"","","",SR 48,N PROFILE PKWY,"",,"",0,0,STATE ROAD,Y,RURAL,N,N,N,"",DAYLIGHT,CLEAR,DRY,"",FOUR-WAY INTERSECTION,STRAIGHT/GRADE,ASPHALT,DISREGARD SIGNAL/REG SIGN,RIGHT ANGLE,PROFILEPKWYSR48W,TRAFFIC CONTROL SIGNAL
1522,BLOOMINGTON PD,BLOOMINGTON,2021-08-04T00:00:00,6:55 PM,2,0,1,0,0,"","","",S WALNUT ST,E 2ND ST,"",,"",39.16144,-86.5336,LOCAL/CITY ROAD,N,URBAN,N,N,N,"",DAYLIGHT,CLEAR,DRY,"",FOUR-WAY INTERSECTION,STRAIGHT/LEVEL,ASPHALT,FOLLOWING TOO CLOSELY,REAR END,EAST2NDSTSOUTHWALNUTST,TRAFFIC CONTROL SIGNAL
1523,INDIANA UNIV BLOOMINGTON PD,BLOOMINGTON,2021-08-04T00:00:00,8:51 PM,2,0,1,0,0,"","","",SR 46,SR 45,"",,"",0,0,STATE ROAD,N,URBAN,N,N,N,"",DAYLIGHT,CLEAR,DRY,"",FOUR-WAY INTERSECTION,STRAIGHT/LEVEL,ASPHALT,FAILURE TO YIELD RIGHT OF WAY,LEFT TURN,SR45SR46,NONE
1524,MONROE SD,BLOOMINGTON,2021-08-03T00:00:00,3:55 AM,1,0,1,0,0,"","","",SR 37,S VICTOR PIKE,"",200,W,39.1055865,-86.55134568,STATE ROAD,N,RURAL,N,N,N,"",DARK (LIGHTED),CLEAR,DRY,"",NO JUNCTION INVOLVED,STRAIGHT/LEVEL,ASPHALT,RAN OFF ROAD RIGHT,RAN OFF ROAD,SR37VICTORPIKE,LANE CONTROL
1525,BLOOMINGTON PD,BLOOMINGTON,2021-08-03T00:00:00,5:46 AM,2,0,0,0,0,"","","",S CURRY PIKE,SR 48,"",,"",39.16465,-86.582939,LOCAL/CITY ROAD,N,URBAN,N,N,N,"",DARK (LIGHTED),CLEAR,DRY,"",FOUR-WAY INTERSECTION,CURVE/GRADE,ASPHALT,IMPROPER LANE USAGE,SAME DIRECTION SIDESWIPE,CURRYPIKETHIRDST,LANE CONTROL
1526,ISP BLOOMINGTON 33,BLOOMINGTON,2021-08-03T00:00:00,9:40 AM,2,,0,0,0,"","","",S VICTOR PIKE,SR 37,"",0,"",39.10575854,-86.55127815,LOCAL/CITY ROAD,"",RURAL,N,N,N,"",DAYLIGHT,CLEAR,DRY,"",FOUR-WAY INTERSECTION,"",ASPHALT,IMPROPER PASSING,RIGHT TURN,VictorPikeStateRoad37,""
1527,MONROE SD,BLOOMINGTON,2021-08-03T00:00:00,11:40 AM,1,0,0,0,0,"","","",S WICKENS ST,W RANGEVIEW CIR,"",,"",0,0,LOCAL/CITY ROAD,N,URBAN,N,N,N,"",DAYLIGHT,CLEAR,DRY,"",NO JUNCTION INVOLVED,STRAIGHT/GRADE,ASPHALT,ROADWAY SURFACE CONDITION,COLLISION WITH OBJECT IN ROAD,SOUTHWICKENSSTWESTRANGEVIEWCIR,NONE
1528,BLOOMINGTON PD,BLOOMINGTON,2021-08-03T00:00:00,11:46 AM,2,0,0,0,0,"","","",S HENDERSON ST,E WINSLOW RD,"",,"",39.136,-86.526893,LOCAL/CITY ROAD,N,URBAN,N,N,N,"",DAYLIGHT,CLEAR,DRY,"",FOUR-WAY INTERSECTION,STRAIGHT/LEVEL,ASPHALT,FAILURE TO YIELD RIGHT OF WAY,RIGHT ANGLE,EWINSLOWRDSHENDERSONST,TRAFFIC CONTROL SIGNAL
1529,ELLETTSVILLE PD,ELLETTSVILLE,2021-08-03T00:00:00,2:35 PM,2,0,0,0,0,"","","",SR 46,S SALE ST,"",100,W,39.23396399,-86.62501913,STATE ROAD,N,URBAN,N,N,N,"",DAYLIGHT,CLEAR,DRY,"",NO JUNCTION INVOLVED,STRAIGHT/LEVEL,ASPHALT,FOLLOWING TOO CLOSELY,REAR END,SALESTSR46W,NONE
1530,ELLETTSVILLE PD,ELLETTSVILLE,2021-08-03T00:00:00,3:49 PM,1,0,0,0,0,546,"","",APACHE DR,NAVAHO DR,"",,"",0,0,LOCAL/CITY ROAD,N,URBAN,N,N,N,"",DAYLIGHT,CLEAR,DRY,"",NO JUNCTION INVOLVED,STRAIGHT/LEVEL,ASPHALT,RAN OFF ROAD RIGHT,RAN OFF ROAD,POTOWATMICT,NONE
1531,BLOOMINGTON PD,BLOOMINGTON,2021-08-03T00:00:00,6:10 PM,3,0,0,0,0,"","","",SR 45,N PETE ELLIS DR,"",50,E,39.171504,-86.495312,LOCAL/CITY ROAD,N,URBAN,N,N,N,"",DAYLIGHT,CLEAR,DRY,"",FOUR-WAY INTERSECTION,STRAIGHT/LEVEL,ASPHALT,FOLLOWING TOO CLOSELY,REAR END,EAST10THSTNORTHPETEELLISDR,LANE CONTROL
1532,MONROE SD,BLOOMINGTON,2021-08-02T00:00:00,8:38 AM,2,0,4,0,0,"","","",E RHORER RD,"","",500,E,39.121454,-86.51700025,LOCAL/CITY ROAD,N,URBAN,N,N,N,"",DAYLIGHT,CLEAR,DRY,"",NO JUNCTION INVOLVED,STRAIGHT/GRADE,ASPHALT,DRIVER ASLEEP OR FATIGUED,HEAD ON BETWEEN TWO MOTOR VEHICLES,ERHORERRDSTWOCREEKSLN,NONE
1533,MONROE SD,BLOOMINGTON,2021-08-02T00:00:00,11:03 PM,3,0,1,0,0,"","","",SR 48,S GARRISON CHAPEL RD,"",200,W,39.16382241,-86.6503102,STATE ROAD,N,RURAL,N,N,N,"",DARK (NOT LIGHTED),CLEAR,DRY,"",NO JUNCTION INVOLVED,CURVE/GRADE,ASPHALT,LEFT OF CENTER,HEAD ON BETWEEN TWO MOTOR VEHICLES,SGARRISONCHAPELRDSR48W,LANE CONTROL
1534,ISP BLOOMINGTON 33,BLOOMINGTON,2021-08-01T00:00:00,1:00 AM,1,,0,0,0,"","","",I-69 S,"","",0,"",39.0961928,-86.56488366,INTERSTATE,"",RURAL,N,Y,N,"",DAYLIGHT,CLEAR,DRY,"",NO JUNCTION INVOLVED,"",ASPHALT,OVERCORRECTING/OVERSTEERING,RAN OFF ROAD,I-69113,""
1535,MONROE SD,BLOOMINGTON,2021-08-01T00:00:00,4:35 PM,1,0,0,0,0,"","","",W ARLINGTON RD,W STOUTES CREEK RD,"",753,E,39.197648,-86.558304,LOCAL/CITY ROAD,N,RURAL,N,N,N,"",DAYLIGHT,CLOUDY,DRY,"",NO JUNCTION INVOLVED,CURVE/GRADE,ASPHALT,DRIVER ASLEEP OR FATIGUED,RAN OFF ROAD,WESTARLINGTONRDWESTSTOUTESCREEKRD,NONE
1536,MONROE SD,BLOOMINGTON,2021-08-01T00:00:00,4:55 PM,2,0,0,0,0,3710,"","",W MAYBURY MALL,W INDIAN CREEK DR,"",300,W,39.13217143,-86.57831143,LOCAL/CITY ROAD,N,RURAL,N,N,N,"",DAYLIGHT,CLEAR,DRY,"",NO JUNCTION INVOLVED,STRAIGHT/LEVEL,ASPHALT,STEERING FAILURE,REAR END,3710WMAYBURYMALLRDSINDIANACREEKDR,NONE
1537,MONROE SD,BLOOMINGTON,2021-08-01T00:00:00,7:00 PM,1,0,0,0,0,"","","",SR 46,"","",400,W,39.15197007,-86.39088538,STATE ROAD,Y,RURAL,N,N,N,"",DAYLIGHT,CLEAR,DRY,"",NO JUNCTION INVOLVED,STRAIGHT/GRADE,ASPHALT,DRIVER ILLNESS,RAN OFF ROAD,NBRUMMETTSCREEKRDSR46E,NONE
1538,MONROE SD,BLOOMINGTON,2021-08-01T00:00:00,9:28 PM,1,0,0,0,1,"","","",SR 446,S OAK RIDGE DR,"",,"",39.131872,-86.451639,STATE ROAD,N,RURAL,N,N,N,"",DARK (NOT LIGHTED),CLEAR,DRY,"",NO JUNCTION INVOLVED,STRAIGHT/LEVEL,ASPHALT,ANIMAL/OBJECT IN ROADWAY,COLLISION WITH DEER,OAKRIDGEDRSR446S,NONE
1539,BLOOMINGTON PD,BLOOMINGTON,2021-07-31T00:00:00,6:54 AM,2,0,0,0,0,"","","",W PATTERSON ST,S FAIRVIEW ST,"",,"",39.153819,-86.541097,LOCAL/CITY ROAD,N,URBAN,N,N,N,"",DAWN/DUSK,CLOUDY,DRY,"",FOUR-WAY INTERSECTION,STRAIGHT/GRADE,ASPHALT,FOLLOWING TOO CLOSELY,REAR END,SFAIRVIEWSTWPATTERSONST,TRAFFIC CONTROL SIGNAL
1540,MONROE SD,BLOOMINGTON,2021-07-31T00:00:00,1:14 PM,2,0,0,0,0,"","","",S CURRY PIKE,W BELLE AVE,"",,"",39.163552,-86.582896,COUNTY ROAD,N,RURAL,N,N,N,"",DAYLIGHT,RAIN,WET,"",T-INTERSECTION,STRAIGHT/GRADE,ASPHALT,FAILURE TO YIELD RIGHT OF WAY,LEFT TURN,SOUTHCURRYPIKEWESTBELLEAVE,STOP SIGN
1541,BLOOMINGTON PD,BLOOMINGTON,2021-07-31T00:00:00,2:52 PM,2,0,3,0,0,"","","",W COUNTRY CLUB DR,ENTRANCE TO FAIRWAY APARTMENTS,"",100,W,39.136304,-86.544592,LOCAL/CITY ROAD,N,URBAN,N,N,N,"",DAYLIGHT,RAIN,WET,"",NO JUNCTION INVOLVED,STRAIGHT/GRADE,ASPHALT,SPEED TOO FAST FOR WEATHER CONDITIONS,RAN OFF ROAD,SBANTASTWCOUNTRYCLUBDR,NONE
1542,BLOOMINGTON PD,BLOOMINGTON,2021-07-31T00:00:00,3:16 PM,2,0,0,0,0,"","","",N SMITH RD,ENTRANCE TO MEADOW PARK APARTMENTS (N),"",200,N,39.168848,-86.481296,LOCAL/CITY ROAD,Y,URBAN,N,N,N,"",DAYLIGHT,RAIN,WET,"",NO JUNCTION INVOLVED,STRAIGHT/GRADE,ASPHALT,FOLLOWING TOO CLOSELY,REAR END,EGRANDVIEWDRNSMITHRD,NONE
1543,MONROE SD,BLOOMINGTON,2021-07-31T00:00:00,9:28 PM,2,0,1,0,0,"","","",S ROCKPORT RD,"","",1000,N,39.10810144,-86.5898901,COUNTY ROAD,N,RURAL,N,N,N,"",DARK (NOT LIGHTED),CLEAR,DRY,"",Y-INTERSECTION,STRAIGHT/GRADE,ASPHALT,IMPROPER LANE USAGE,RAN OFF ROAD,SROCKPORTRDWPOPCORNRD,NONE
1544,BLOOMINGTON PD,BLOOMINGTON,2021-07-31T00:00:00,10:37 PM,3,0,2,0,0,"","","",E 2ND ST,"","",100,W,39.161348,-86.52986134,LOCAL/CITY ROAD,N,URBAN,N,N,N,"",DARK (NOT LIGHTED),CLOUDY,DRY,"",NO JUNCTION INVOLVED,STRAIGHT/GRADE,ASPHALT,OTHER (DRIVER) - EXPLAIN IN NARRATIVE,SAME DIRECTION SIDESWIPE,GRANTSTSECONDST,LANE CONTROL
1545,BLOOMINGTON PD,BLOOMINGTON,2021-07-30T00:00:00,12:50 AM,2,0,0,0,0,"","","",E 10TH ST,N GRANT ST,"",,"",39.171696,-86.529696,LOCAL/CITY ROAD,N,URBAN,N,N,N,"",DARK (LIGHTED),CLOUDY,WET,"",FOUR-WAY INTERSECTION,STRAIGHT/GRADE,ASPHALT,FAILURE TO YIELD RIGHT OF WAY,RIGHT ANGLE,E10THSTNGRANTST,STOP SIGN
1546,ISP BLOOMINGTON 33,BLOOMINGTON,2021-07-30T00:00:00,3:38 AM,1,,0,0,0,"","","",I-69 N,W TAPP RD,"",581,"",39.14538772,-86.57297135,INTERSTATE,"",URBAN,N,N,N,"",DARK (LIGHTED),CLEAR,DRY,"",NO JUNCTION INVOLVED,"",ASPHALT,ANIMAL/OBJECT IN ROADWAY,COLLISION WITH OBJECT IN ROAD,I-69,""
1547,MONROE SD,BLOOMINGTON,2021-07-30T00:00:00,9:50 AM,2,0,0,0,0,"","","",SR 46,ENTRANCE TO MCDONALD'S,"",275,E,39.2153592,-86.59303511,STATE ROAD,N,URBAN,N,N,N,"",DAYLIGHT,CLEAR,DRY,"",T-INTERSECTION,STRAIGHT/LEVEL,ASPHALT,IMPROPER TURNING,RIGHT TURN,NOUTBACKRDSR46W,LANE CONTROL
1548,BLOOMINGTON PD,BLOOMINGTON,2021-07-30T00:00:00,10:22 AM,2,0,1,0,0,"","","",W 3RD ST,S CORY LN,"",,"",39.164544,-86.560096,LOCAL/CITY ROAD,N,URBAN,N,N,N,"",DAYLIGHT,CLEAR,DRY,"",FOUR-WAY INTERSECTION,STRAIGHT/GRADE,ASPHALT,FAILURE TO YIELD RIGHT OF WAY,LEFT TURN,SCORYLNW3RDST,TRAFFIC CONTROL SIGNAL
1549,BLOOMINGTON PD,BLOOMINGTON,2021-07-30T00:00:00,10:28 AM,2,0,0,0,0,"","","",N WALNUT ST,W 10TH ST,"",,"",39.171744,-86.53352,LOCAL/CITY ROAD,N,URBAN,N,N,N,"",DAYLIGHT,CLOUDY,DRY,"",FOUR-WAY INTERSECTION,STRAIGHT/GRADE,ASPHALT,DISREGARD SIGNAL/REG SIGN,RIGHT ANGLE,E10THSTNWALNUTST,TRAFFIC CONTROL SIGNAL
1550,BLOOMINGTON PD,BLOOMINGTON,2021-07-30T00:00:00,12:29 PM,2,0,0,0,0,"","","",E HILLSIDE DR,S DUNN ST,"",,"",39.1505226,-86.5281428,LOCAL/CITY ROAD,N,URBAN,N,N,N,"",DAYLIGHT,CLEAR,DRY,"",T-INTERSECTION,STRAIGHT/LEVEL,ASPHALT,FAILURE TO YIELD RIGHT OF WAY,RIGHT ANGLE,EHILLSIDEDRSDUNNST,STOP SIGN
1551,MONROE SD,BLOOMINGTON,2021-07-30T00:00:00,2:18 PM,2,0,0,0,0,"","","",I-69 S,"","",100,N,0,0,INTERSTATE,N,URBAN,N,Y,N,"",DAYLIGHT,CLEAR,DRY,"",NO JUNCTION INVOLVED,CURVE/LEVEL,ASPHALT,DRIVER DISTRACTED - EXPLAIN IN NARRATIVE,REAR END,I69S129,LANE CONTROL
1552,ELLETTSVILLE PD,ELLETTSVILLE,2021-07-30T00:00:00,3:40 PM,3,0,0,0,0,"","","",SR 46,N HARTSTRAIT RD,"",,"",39.227624,-86.615919,LOCAL/CITY ROAD,N,URBAN,N,N,N,"",DAYLIGHT,CLEAR,DRY,"",T-INTERSECTION,STRAIGHT/LEVEL,ASPHALT,FAILURE TO YIELD RIGHT OF WAY,LEFT TURN,HARSTRAITRDTEMPERANCEST,TRAFFIC CONTROL SIGNAL
1553,ISP BLOOMINGTON 33,BLOOMINGTON,2021-07-30T00:00:00,3:40 PM,1,,0,0,0,"","","",S CURRY PIKE,ENTRANCE TO E & N MOBILE MANOR,"",0,"",39.17632331,-86.5829832,LOCAL/CITY ROAD,"",URBAN,N,N,N,"",DAYLIGHT,CLOUDY,DRY,"",T-INTERSECTION,"",ASPHALT,UNSAFE LANE MOVEMENT,SAME DIRECTION SIDESWIPE,CurryPike900NCurryPike,""
1554,BLOOMINGTON PD,BLOOMINGTON,2021-07-30T00:00:00,3:50 PM,2,0,1,0,0,"","","",W 3RD ST (N),S PATTERSON DR,"",,"",39.16342,-86.551249,LOCAL/CITY ROAD,N,URBAN,N,N,N,"",DAYLIGHT,CLEAR,DRY,"",T-INTERSECTION,STRAIGHT/LEVEL,ASPHALT,FOLLOWING TOO CLOSELY,REAR END,SPATTERSONDRW3RDST,TRAFFIC CONTROL SIGNAL
1555,ISP BLOOMINGTON 33,BLOOMINGTON,2021-07-30T00:00:00,4:34 PM,2,,0,0,0,"","","",S CURRY PIKE,ENTRANCE TO E & N MOBILE MANOR,"",0,"",39.17615297,-86.58305969,LOCAL/CITY ROAD,"",URBAN,N,N,N,"",DAYLIGHT,CLEAR,DRY,"",T-INTERSECTION,"",ASPHALT,FAILURE TO YIELD RIGHT OF WAY,REAR END,Currypike900NCurryPIke,""
1556,BLOOMINGTON PD,BLOOMINGTON,2021-07-30T00:00:00,4:36 PM,2,0,0,0,0,"","","",SR 46,S MEADOWBROOK DR,"",,"",39.16424,-86.484384,LOCAL/CITY ROAD,N,URBAN,N,N,N,"",DAYLIGHT,CLEAR,DRY,"",FOUR-WAY INTERSECTION,STRAIGHT/LEVEL,ASPHALT,FOLLOWING TOO CLOSELY,REAR END,MEADOWBROOKLNW3RDST,STOP SIGN
1557,BLOOMINGTON PD,BLOOMINGTON,2021-07-30T00:00:00,5:07 PM,2,0,0,0,0,"","","",S GATES DR,SR 48,"",,"",39.16466,-86.576125,LOCAL/CITY ROAD,N,URBAN,N,N,N,"",DAYLIGHT,CLEAR,DRY,"",FOUR-WAY INTERSECTION,STRAIGHT/GRADE,ASPHALT,FOLLOWING TOO CLOSELY,REAR END,SGATESDRW3RDST,TRAFFIC CONTROL SIGNAL
1558,BLOOMINGTON PD,BLOOMINGTON,2021-07-30T00:00:00,6:15 PM,2,0,0,0,0,"","","",W 7TH ST,N MORTON ST,"",100,W,39.168672,-86.536,LOCAL/CITY ROAD,Y,URBAN,N,N,N,"",DARK (LIGHTED),CLEAR,DRY,"",NO JUNCTION INVOLVED,STRAIGHT/LEVEL,ASPHALT,UNSAFE LANE MOVEMENT,OTHER - EXPLAIN IN NARRATIVE,NMORTONSTW7THST,NONE
1559,MONROE SD,BLOOMINGTON,2021-07-30T00:00:00,6:41 PM,2,0,0,0,0,"","","",E RHORER RD,S NIMIT DR,"",175,E,39.121428,-86.52383514,LOCAL/CITY ROAD,N,RURAL,N,N,N,"",DAYLIGHT,CLEAR,DRY,"",NO JUNCTION INVOLVED,STRAIGHT/LEVEL,ASPHALT,FOLLOWING TOO CLOSELY,REAR END,ERHORERRDSNIMITDR,NONE
1560,MONROE SD,BLOOMINGTON,2021-07-30T00:00:00,7:01 PM,2,0,1,0,0,"","","",SR 46,E KERR CREEK RD,"",300,W,39.16658216,-86.46355185,STATE ROAD,N,RURAL,N,Y,N,"",DAYLIGHT,CLEAR,DRY,"",T-INTERSECTION,STRAIGHT/LEVEL,ASPHALT,FOLLOWING TOO CLOSELY,REAR END,EKERRCREEKRDSR46E,NONE
1561,BLOOMINGTON PD,BLOOMINGTON,2021-07-29T00:00:00,11:45 AM,2,0,0,0,0,"","","",S WALNUT ST,W GRIMES LN,"",,"",39.15344,-86.5336,LOCAL/CITY ROAD,N,URBAN,N,N,N,"",DAYLIGHT,CLOUDY,DRY,"",FOUR-WAY INTERSECTION,STRAIGHT/LEVEL,ASPHALT,FOLLOWING TOO CLOSELY,REAR END,SWALNUTSTWGRIMESLN,TRAFFIC CONTROL SIGNAL
1562,ELLETTSVILLE PD,ELLETTSVILLE,2021-07-29T00:00:00,12:15 PM,2,0,0,0,0,"","","",SR 46,ENTRANCE TO CHANDLER FUNERAL HOME,"",200,W,39.2318101,-86.62181793,STATE ROAD,N,URBAN,N,N,N,"",DAYLIGHT,CLOUDY,DRY,"",NO JUNCTION INVOLVED,STRAIGHT/LEVEL,ASPHALT,IMPROPER TURNING,LEFT TURN,SOUTH1STSTSR46W,LANE CONTROL
1563,BLOOMINGTON PD,BLOOMINGTON,2021-07-29T00:00:00,1:13 PM,2,0,0,0,0,"","","",E 2ND ST,S GRANT ST,"",,"",39.161348,-86.52987,LOCAL/CITY ROAD,N,URBAN,N,N,N,"",DAYLIGHT,CLEAR,DRY,"",FOUR-WAY INTERSECTION,STRAIGHT/LEVEL,ASPHALT,FAILURE TO YIELD RIGHT OF WAY,RIGHT ANGLE,E2NDSTSGRANTST,STOP SIGN
1564,BLOOMINGTON PD,BLOOMINGTON,2021-07-29T00:00:00,1:51 PM,2,0,0,0,0,"","","",S PATTERSON DR,W ISAACS DR,"",,"",39.1644,-86.55207,LOCAL/CITY ROAD,N,URBAN,Y,N,N,"",DAYLIGHT,CLOUDY,DRY,"",FOUR-WAY INTERSECTION,CURVE/LEVEL,ASPHALT,FAILURE TO YIELD RIGHT OF WAY,SAME DIRECTION SIDESWIPE,SPATTERSONDRW3RDST,STOP SIGN