_id,Agency,City,Collision Date,Collision Time,Vehicles Involved,Trailers Involved,Number Injured,Number Dead,Number Deer,House Number,Roadway Interchange,Roadway Ramp,Roadway Id,Intersecting Road,Interchange,Feet From,Direction,Latitude,Longitude,Roadway Class,Hit and Run?,Locality,School Zone?,Rumble Strips?,Construction?,Construction Type,Light Condition,Weather Conditions,Surface Condition,Type of Median,Roadway Junction Type,Road Character,Roadway Surface,Primary Factor,Manner of Collision,Unique Location Id,Traffic Control
1565,BLOOMINGTON PD,BLOOMINGTON,2021-07-29T00:00:00,4:34 PM,2,0,0,0,0,"","","",W 3RD ST,S CORY LN,"",100,E,39.164544,-86.560096,LOCAL/CITY ROAD,N,URBAN,N,N,N,"",DAYLIGHT,CLEAR,DRY,"",NO JUNCTION INVOLVED,STRAIGHT/GRADE,ASPHALT,FOLLOWING TOO CLOSELY,REAR END,SCORYLNW3RDST,NONE
1566,MONROE SD,BLOOMINGTON,2021-07-29T00:00:00,11:12 PM,1,0,0,0,0,1800,"","",E TOWER RIDGE RD,"","",,"",39.014765,-86.400254,COUNTY ROAD,Y,RURAL,N,N,N,"",DARK (NOT LIGHTED),CLOUDY,DRY,"",T-INTERSECTION,STRAIGHT/LEVEL,GRAVEL,RAN OFF ROAD RIGHT,RAN OFF ROAD,ETOWERRIDGERD,NONE
1567,MONROE SD,BLOOMINGTON,2021-07-29T00:00:00,11:38 PM,2,0,0,0,0,"","","",I-69 S,"","",100,S,0,0,INTERSTATE,N,RURAL,N,Y,N,"",DARK (NOT LIGHTED),RAIN,WET,"",NO JUNCTION INVOLVED,STRAIGHT/GRADE,ASPHALT,ROADWAY SURFACE CONDITION,RAN OFF ROAD,I69S124.0,LANE CONTROL
1568,BLOOMINGTON PD,BLOOMINGTON,2021-07-28T00:00:00,7:52 AM,3,0,2,0,0,"","","",S CURRY PIKE,W ROLL AVE,"",,"",39.14719,-86.582613,LOCAL/CITY ROAD,N,URBAN,N,N,N,"",DAYLIGHT,CLEAR,DRY,"",T-INTERSECTION,STRAIGHT/LEVEL,ASPHALT,FOLLOWING TOO CLOSELY,REAR END,SCURRYPIKEWROLLAVE,LANE CONTROL
1569,ISP BLOOMINGTON 33,BLOOMINGTON,2021-07-28T00:00:00,8:54 AM,2,,1,0,0,"","","",SR 46,N CURRY PIKE,"",0,"",39.19364536,-86.57117133,STATE ROAD,"",RURAL,N,N,N,"",DAYLIGHT,CLEAR,DRY,"",FOUR-WAY INTERSECTION,"",ASPHALT,UNSAFE SPEED,REAR END,WCurryPikeStateRd46,""
1570,INDIANA UNIV BLOOMINGTON PD,BLOOMINGTON,2021-07-28T00:00:00,1:39 PM,2,0,1,0,0,1033,"","",SERVICE RD TO SWEENEY HALL (N),"","",,"",39.1653477,-86.5190192,UNKNOWN,N,URBAN,N,N,N,"",DAYLIGHT,CLEAR,DRY,"",NO JUNCTION INVOLVED,STRAIGHT/GRADE,ASPHALT,UNSAFE SPEED,REAR END,EAST3RDST,NONE
1571,BLOOMINGTON PD,BLOOMINGTON,2021-07-28T00:00:00,3:29 PM,2,0,0,0,0,"","","",N COLLEGE AVE,W 9TH ST,"",,"",39.170544,-86.534768,LOCAL/CITY ROAD,N,URBAN,N,N,N,"",DAYLIGHT,CLEAR,DRY,"",NO JUNCTION INVOLVED,STRAIGHT/LEVEL,ASPHALT,IMPROPER LANE USAGE,SAME DIRECTION SIDESWIPE,NCOLLEGEAVEW9THST,NONE
1572,MONROE SD,BLOOMINGTON,2021-07-28T00:00:00,9:59 PM,2,0,0,0,0,4141,"","",W MIDDLE CT,"","",,"",39.15980824,-86.58480425,LOCAL/CITY ROAD,N,URBAN,N,N,N,"",DARK (LIGHTED),CLEAR,DRY,"",NO JUNCTION INVOLVED,STRAIGHT/LEVEL,ASPHALT,CELL PHONE USAGE,SAME DIRECTION SIDESWIPE,WMIDDLECT,NONE
1573,ELLETTSVILLE PD,ELLETTSVILLE,2021-07-27T00:00:00,5:48 AM,2,,0,0,0,"","","",SR 46,N LAKEVIEW DR,"",0,"",39.22113148,-86.60547577,STATE ROAD,"",URBAN,N,N,N,"",DARK (LIGHTED),CLEAR,DRY,"",T-INTERSECTION,"",ASPHALT,FAILURE TO YIELD RIGHT OF WAY,RIGHT ANGLE,StateRd46NLakeviewDr,""
1574,MONROE SD,BLOOMINGTON,2021-07-27T00:00:00,5:57 AM,1,0,0,0,1,"","","",SR 48,S STONECHASE CROSSING RD,"",300,E,39.16136879,-86.5970883,STATE ROAD,N,RURAL,N,N,N,"",DARK (NOT LIGHTED),CLEAR,DRY,"",NO JUNCTION INVOLVED,STRAIGHT/LEVEL,ASPHALT,ANIMAL/OBJECT IN ROADWAY,COLLISION WITH DEER,SSTONECHASECROSSINGRDSR48W,LANE CONTROL
1575,BLOOMINGTON PD,BLOOMINGTON,2021-07-27T00:00:00,7:23 AM,2,0,0,0,0,"","","",E WINSLOW RD,S WALNUT ST,"",80,E,39.136144,-86.528688,LOCAL/CITY ROAD,N,URBAN,N,N,N,"",DAYLIGHT,CLEAR,DRY,"",NO JUNCTION INVOLVED,STRAIGHT/LEVEL,ASPHALT,OTHER (DRIVER) - EXPLAIN IN NARRATIVE,REAR END,EWINSLOWRDSWALNUTST,LANE CONTROL
1576,BLOOMINGTON PD,BLOOMINGTON,2021-07-27T00:00:00,11:13 AM,2,0,1,0,0,"","","",W 3RD ST,S KIMBLE DR,"",100,W,39.16464,-86.568,LOCAL/CITY ROAD,N,URBAN,N,N,N,"",DAYLIGHT,CLEAR,DRY,"",NO JUNCTION INVOLVED,STRAIGHT/GRADE,ASPHALT,FOLLOWING TOO CLOSELY,REAR END,KIMBLEDRWTHIRDST,LANE CONTROL
1577,BLOOMINGTON PD,BLOOMINGTON,2021-07-27T00:00:00,11:34 AM,2,0,0,0,0,"","","",S AUTO MALL RD,E COVENANTER DR,"",,"",39.15528941,-86.49406335,LOCAL/CITY ROAD,N,URBAN,N,N,N,"",DAYLIGHT,CLEAR,DRY,"",FOUR-WAY INTERSECTION,STRAIGHT/LEVEL,ASPHALT,FAILURE TO YIELD RIGHT OF WAY,RIGHT ANGLE,AUTOMALLRDCOVENANTERDR,STOP SIGN
1578,ELLETTSVILLE PD,ELLETTSVILLE,2021-07-27T00:00:00,12:09 PM,2,0,0,0,0,"","","",SR 46,N HARTSTRAIT RD,"",,"",39.227624,-86.615919,STATE ROAD,N,URBAN,N,N,N,"",DAYLIGHT,CLEAR,DRY,"",NO JUNCTION INVOLVED,STRAIGHT/LEVEL,ASPHALT,BRAKE FAILURE OR DEFECTIVE,REAR END,HARTSTRAITRDSSR46W,TRAFFIC CONTROL SIGNAL
1579,BLOOMINGTON PD,BLOOMINGTON,2021-07-27T00:00:00,12:12 PM,1,0,1,0,0,"","","",N ADAMS ST,INDIANA RAILROAD BRIDGE,"",50,N,39.168576,-86.5496,LOCAL/CITY ROAD,N,URBAN,N,N,N,"",DAYLIGHT,CLEAR,DRY,"",NO JUNCTION INVOLVED,STRAIGHT/LEVEL,ASPHALT,OTHER (DRIVER) - EXPLAIN IN NARRATIVE,COLLISION WITH OBJECT IN ROAD,NADAMSSTW7THST,LANE CONTROL
1580,BLOOMINGTON PD,BLOOMINGTON,2021-07-27T00:00:00,12:28 PM,1,0,0,0,1,"","","",E 3RD ST,S BRYAN AVE,"",,"",39.16432,-86.50824,LOCAL/CITY ROAD,N,URBAN,Y,N,N,"",DAYLIGHT,CLEAR,DRY,"",FOUR-WAY INTERSECTION,STRAIGHT/GRADE,ASPHALT,ANIMAL/OBJECT IN ROADWAY,COLLISION WITH ANIMAL OTHER,E3RDSTSBRYANST,TRAFFIC CONTROL SIGNAL
1581,BLOOMINGTON PD,BLOOMINGTON,2021-07-27T00:00:00,1:59 PM,2,0,1,0,0,"","","",W 13TH ST,N FAIRVIEW ST,"",,"",39.175152,-86.54104,LOCAL/CITY ROAD,N,URBAN,N,N,N,"",DAYLIGHT,CLEAR,DRY,"",FOUR-WAY INTERSECTION,STRAIGHT/LEVEL,ASPHALT,DISREGARD SIGNAL/REG SIGN,RIGHT ANGLE,NFAIRVIEWSTW13THST,STOP SIGN
1582,ISP BLOOMINGTON 33,HARRODSBURG,2021-07-27T00:00:00,4:45 PM,2,,0,0,0,"","","",W HOBART RD,S OLD SR 37,"",0,"",39.01367197,-86.54127257,COUNTY ROAD,"",RURAL,N,N,N,"",DAYLIGHT,CLEAR,DRY,"",T-INTERSECTION,"",ASPHALT,FAILURE TO YIELD RIGHT OF WAY,RIGHT ANGLE,SOldStateRoad37HobartRd,""
1583,MONROE SD,BLOOMINGTON,2021-07-26T00:00:00,4:43 AM,1,0,0,0,1,"","","",I-69 S,"","",50,S,0,0,INTERSTATE,N,RURAL,N,N,N,"",DARK (LIGHTED),CLEAR,DRY,"",NO JUNCTION INVOLVED,CURVE/GRADE,ASPHALT,ANIMAL/OBJECT IN ROADWAY,COLLISION WITH DEER,I69S114.0,LANE CONTROL
1584,MONROE SD,BLOOMINGTON,2021-07-26T00:00:00,5:53 AM,1,0,0,0,0,"",Y,"",I-69 S,SR 37,"",500,S,0,0,INTERSTATE,N,RURAL,N,Y,N,"",DARK (NOT LIGHTED),CLEAR,DRY,"",RAMP,CURVE/GRADE,ASPHALT,ANIMAL/OBJECT IN ROADWAY,COLLISION WITH OBJECT IN ROAD,I69S114,LANE CONTROL
1585,BLOOMINGTON PD,BLOOMINGTON,2021-07-26T00:00:00,7:53 AM,2,0,1,0,0,"","","",E WINSLOW RD,S HENDERSON ST,"",,"",39.136144,-86.5268,LOCAL/CITY ROAD,N,URBAN,N,N,N,"",DAYLIGHT,CLEAR,DRY,"",FOUR-WAY INTERSECTION,STRAIGHT/LEVEL,ASPHALT,DISREGARD SIGNAL/REG SIGN,RIGHT ANGLE,EWINSLOWRDSHENDERSONST,TRAFFIC CONTROL SIGNAL
1586,ISP BLOOMINGTON 33,BLOOMINGTON,2021-07-26T00:00:00,8:43 AM,2,,0,0,0,"","","",SR 37,S VICTOR PIKE,"",0,"",39.10556366,-86.55148318,STATE ROAD,"",RURAL,N,N,N,"",DAYLIGHT,CLEAR,DRY,"",FOUR-WAY INTERSECTION,"",ASPHALT,DISREGARD SIGNAL/REG SIGN,RIGHT ANGLE,VictorPikeSR37,""
1587,ISP BLOOMINGTON 33,BLOOMINGTON,2021-07-26T00:00:00,11:34 AM,2,,1,0,0,"",103,M,SR 45/46,I-69 S,"",0,"",39.18712215,-86.55802777,STATE ROAD,"",RURAL,N,N,N,"",DAYLIGHT,CLEAR,DRY,"",INTERCHANGE,"",ASPHALT,FAILURE TO YIELD RIGHT OF WAY,LEFT TURN,SR46atSR46-103-RampM,""
1588,ISP BLOOMINGTON 33,BLOOMINGTON,2021-07-26T00:00:00,11:56 AM,2,,0,0,0,"",33,M,SR 45/46,I-69 S,"",0,"",39.18707644,-86.55799574,STATE ROAD,"",RURAL,N,N,N,"",DAYLIGHT,CLEAR,DRY,"",INTERCHANGE,"",ASPHALT,OTHER (DRIVER) - EXPLAIN IN NARRATIVE,SAME DIRECTION SIDESWIPE,SR45033M,""
1589,MONROE SD,BLOOMINGTON,2021-07-26T00:00:00,11:57 AM,2,0,1,0,0,"","","",S WALNUT ST PIKE,E RHORER RD,"",,"",39.12144,-86.526496,LOCAL/CITY ROAD,N,URBAN,N,N,N,"",DAYLIGHT,CLEAR,DRY,"",FOUR-WAY INTERSECTION,STRAIGHT/HILLCREST,ASPHALT,OTHER (DRIVER) - EXPLAIN IN NARRATIVE,REAR END,SWALNUTSTPIKEWRHORERRD,TRAFFIC CONTROL SIGNAL
1590,MONROE SD,BLOOMINGTON,2021-07-26T00:00:00,2:24 PM,2,0,0,0,0,"","","",S ROCKPORT RD,"","",1200,N,39.24151991,-86.570452,LOCAL/CITY ROAD,Y,RURAL,N,N,N,"",DAYLIGHT,CLEAR,DRY,"",NO JUNCTION INVOLVED,STRAIGHT/LEVEL,CONCRETE,UNSAFE BACKING,BACKING CRASH,SROCKPORTRDWSHAWRD,NONE
1591,BLOOMINGTON PD,BLOOMINGTON,2021-07-26T00:00:00,3:01 PM,2,0,0,0,0,"","","",S WALNUT ST PIKE,E HEATHER DR,"",,"",39.123978,-86.526696,LOCAL/CITY ROAD,N,URBAN,N,N,N,"",DAYLIGHT,CLEAR,DRY,"",FOUR-WAY INTERSECTION,STRAIGHT/LEVEL,ASPHALT,IMPROPER TURNING,HEAD ON BETWEEN TWO MOTOR VEHICLES,EHEATHERDRSWALNUTSTPIKE,NONE
1592,INDIANA UNIV BLOOMINGTON PD,BLOOMINGTON,2021-07-26T00:00:00,5:34 PM,2,0,0,0,0,"","","",SR 45/46,E DISCOVERY PKWY,"",,"",39.227137,-86.615218,STATE ROAD,N,URBAN,N,N,N,"",DAYLIGHT,CLEAR,DRY,"",NO JUNCTION INVOLVED,STRAIGHT/LEVEL,ASPHALT,FOLLOWING TOO CLOSELY,SAME DIRECTION SIDESWIPE,EASTDISCOVERYPKWYSR46S,NONE
1593,BLOOMINGTON PD,BLOOMINGTON,2021-07-25T00:00:00,4:16 AM,2,0,0,0,0,"","","",E 2ND ST,S GRANT ST,"",100,W,39.16144,-86.52976,LOCAL/CITY ROAD,Y,URBAN,"","",N,"",DARK (NOT LIGHTED),CLEAR,WET,"",NO JUNCTION INVOLVED,STRAIGHT/GRADE,ASPHALT,IMPROPER LANE USAGE,REAR END,E2NDSTSGRANTST,NONE
1594,MONROE SD,BLOOMINGTON,2021-07-25T00:00:00,11:17 AM,2,0,0,0,0,"","","",W OLD SR 37,"","",2000,N,39.266928,-86.501424,LOCAL/CITY ROAD,N,RURAL,N,N,N,"",DAYLIGHT,CLEAR,DRY,"",NO JUNCTION INVOLVED,CURVE/LEVEL,ASPHALT,LEFT OF CENTER,HEAD ON BETWEEN TWO MOTOR VEHICLES,NFOXHOLLOWRDNOLDSTATEROAD37RD,NONE
1595,BLOOMINGTON PD,BLOOMINGTON,2021-07-25T00:00:00,12:15 PM,2,0,0,0,0,"","","",S SMITH RD,"","",500,S,39.17162407,-86.48129791,LOCAL/CITY ROAD,N,URBAN,N,N,N,"",DAYLIGHT,CLOUDY,DRY,"",NO JUNCTION INVOLVED,CURVE/GRADE,ASPHALT,FAILURE TO YIELD RIGHT OF WAY,RIGHT ANGLE,10THSTSMITHRD,NO PASSING ZONE
1596,BLOOMINGTON PD,BLOOMINGTON,2021-07-25T00:00:00,4:25 PM,2,0,0,0,0,"","","",E HILLSIDE DR,S DORCHESTER DR,"",,"",39.150544,-86.512592,LOCAL/CITY ROAD,N,URBAN,N,N,N,"",DAYLIGHT,CLEAR,DRY,"",FOUR-WAY INTERSECTION,STRAIGHT/LEVEL,ASPHALT,FAILURE TO YIELD RIGHT OF WAY,LEFT TURN,EHILLSIDEDRSDORCHESTERDR,STOP SIGN
1597,BLOOMINGTON PD,BLOOMINGTON,2021-07-25T00:00:00,4:45 PM,2,0,1,0,0,"","","",SR 46,E 10TH ST,"",,"",39.171648,-86.502096,STATE ROAD,N,URBAN,N,N,N,"",DAYLIGHT,CLOUDY,DRY,"",FOUR-WAY INTERSECTION,STRAIGHT/LEVEL,ASPHALT,FAILURE TO YIELD RIGHT OF WAY,SAME DIRECTION SIDESWIPE,10THSTSR46E,TRAFFIC CONTROL SIGNAL
1598,BLOOMINGTON PD,BLOOMINGTON,2021-07-25T00:00:00,6:11 PM,2,0,1,0,0,"","","",S LEONARD SPRINGS RD,W TAPP RD,"",,"",39.13704,-86.582512,LOCAL/CITY ROAD,N,URBAN,N,N,N,"",DAYLIGHT,CLEAR,DRY,"",T-INTERSECTION,STRAIGHT/LEVEL,ASPHALT,FAILURE TO YIELD RIGHT OF WAY,LEFT TURN,SLEONARDSPRINGSRDWTAPPRD,STOP SIGN
1599,MONROE SD,BLOOMINGTON,2021-07-24T00:00:00,9:50 AM,2,0,0,0,0,4199,"","",N INNISBROOKE DR,"","",,"",39.212232,-86.469186,UNKNOWN,N,URBAN,N,N,N,"",DAYLIGHT,CLEAR,DRY,"",NO JUNCTION INVOLVED,NON-ROADWAY CRASH,GRAVEL,UNSAFE BACKING,BACKING CRASH,NINNISBROOKEDR,NONE
1600,BLOOMINGTON PD,BLOOMINGTON,2021-07-24T00:00:00,1:08 PM,2,0,2,0,0,"","",Y,W 3RD ST,I-69 N,"",,"",0,0,LOCAL/CITY ROAD,N,URBAN,N,N,N,"",DAYLIGHT,CLEAR,DRY,"",FOUR-WAY INTERSECTION,STRAIGHT/LEVEL,ASPHALT,FOLLOWING TOO CLOSELY,REAR END,I69NW3RDST,YIELD SIGN
1601,BLOOMINGTON PD,BLOOMINGTON,2021-07-24T00:00:00,1:26 PM,1,0,0,0,0,"","","",E ATWATER AVE,S SWAIN AVE,"",,"",39.163048,-86.515262,LOCAL/CITY ROAD,N,URBAN,N,N,N,"",DAYLIGHT,CLEAR,DRY,"",FOUR-WAY INTERSECTION,STRAIGHT/LEVEL,ASPHALT,RAN OFF ROAD RIGHT,RAN OFF ROAD,EATWATERAVESSWAINAVE,STOP SIGN
1602,INDIANA UNIV BLOOMINGTON PD,BLOOMINGTON,2021-07-24T00:00:00,2:40 PM,3,0,1,0,0,"","","",SR 45/46,E DISCOVERY PKWY,"",300,S,39.13974511,-86.495398,STATE ROAD,N,URBAN,N,N,N,"",DAYLIGHT,CLEAR,DRY,"",NO JUNCTION INVOLVED,STRAIGHT/LEVEL,ASPHALT,DRIVER DISTRACTED - EXPLAIN IN NARRATIVE,REAR END,DISCOVERYPKWYSR45S,NONE
1603,MONROE SD,BLOOMINGTON,2021-07-23T00:00:00,7:58 AM,2,0,0,0,0,"","","",CUTRIGHT STATE RECREATION AREA RD,SR 446,"",200,E,0,0,LOCAL/CITY ROAD,N,RURAL,N,N,N,"",DAYLIGHT,CLEAR,DRY,"",NO JUNCTION INVOLVED,STRAIGHT/LEVEL,ASPHALT,LEFT OF CENTER,HEAD ON BETWEEN TWO MOTOR VEHICLES,CUTRIGHTBOATRAMPSTATEROAD446HWY,NONE
1604,BLOOMINGTON PD,BLOOMINGTON,2021-07-23T00:00:00,9:05 AM,1,0,1,0,0,"","","",S COLLEGE MALL RD,ENTRANCE TO EASTLAND PLAZA,"",,"",39.1629776,-86.4979521,LOCAL/CITY ROAD,N,URBAN,N,N,N,"",DAYLIGHT,CLEAR,DRY,"",FOUR-WAY INTERSECTION,STRAIGHT/GRADE,ASPHALT,FAILURE TO YIELD RIGHT OF WAY,RIGHT ANGLE,COLLEGEMALLRDENTRANCETOEASTLANDPLAZADR,TRAFFIC CONTROL SIGNAL
1605,BLOOMINGTON PD,BLOOMINGTON,2021-07-23T00:00:00,11:14 AM,2,0,0,0,0,"","","",SR 48,S CURRY PIKE,"",,"",39.16465,-86.582939,LOCAL/CITY ROAD,N,URBAN,N,N,N,"",DAYLIGHT,CLEAR,DRY,"",FOUR-WAY INTERSECTION,STRAIGHT/LEVEL,ASPHALT,FOLLOWING TOO CLOSELY,REAR END,SCURRYPIKEWTHIRDST,TRAFFIC CONTROL SIGNAL
1606,MONROE SD,BLOOMINGTON,2021-07-23T00:00:00,11:50 AM,2,0,0,0,0,2450,"","",W KARST FARM PARK DR,"","",,"",39.148848,-86.5964,UNKNOWN,N,RURAL,N,N,N,"",DAYLIGHT,CLEAR,DRY,"",NO JUNCTION INVOLVED,NON-ROADWAY CRASH,ASPHALT,UNSAFE BACKING,BACKING CRASH,SENDWRIGHTRD,NONE
1607,MONROE SD,BLOOMINGTON,2021-07-23T00:00:00,1:18 PM,2,0,0,0,0,"","","",N OARD RD,ENTRANCE TO WESTSIDE RECYCLING CENTER,"",1000,N,39.27054797,-86.620155,LOCAL/CITY ROAD,N,RURAL,N,N,N,"",DAYLIGHT,CLEAR,DRY,"",NO JUNCTION INVOLVED,STRAIGHT/LEVEL,ASPHALT,UNSAFE BACKING,BACKING CRASH,NOARDRDSTHWY48HWY,NONE
1608,MONROE SD,BLOOMINGTON,2021-07-23T00:00:00,5:45 PM,1,0,0,0,1,"","","",W TAPP RD,I-69 N,"",,"",0,0,LOCAL/CITY ROAD,N,RURAL,N,N,N,"",DAYLIGHT,CLEAR,DRY,"",TRAFFIC CIRCLE/ROUNDABOUT,STRAIGHT/LEVEL,ASPHALT,ANIMAL/OBJECT IN ROADWAY,COLLISION WITH DEER,I69NWTAPPRD,NONE
1609,MONROE SD,BLOOMINGTON,2021-07-23T00:00:00,6:01 PM,1,0,1,0,0,1575,"","",W SIMPSON CHAPEL RD,W LAWSON RD,"",125,E,39.273216,-86.532176,LOCAL/CITY ROAD,N,RURAL,N,N,N,"",DAYLIGHT,CLEAR,DRY,"",NO JUNCTION INVOLVED,STRAIGHT/HILLCREST,ASPHALT,PEDESTRIAN ACTION,OTHER - EXPLAIN IN NARRATIVE,WLAWSONRDWSIMPSONCHAPELRD,NONE
1610,BLOOMINGTON PD,BLOOMINGTON,2021-07-23T00:00:00,7:36 PM,1,0,0,0,1,"","","",E 1ST ST,S GRANT ST,"",100,E,39.177776,-86.5296,LOCAL/CITY ROAD,N,URBAN,N,N,N,"",DAYLIGHT,CLEAR,DRY,"",T-INTERSECTION,STRAIGHT/LEVEL,ASPHALT,ANIMAL/OBJECT IN ROADWAY,COLLISION WITH DEER,E1STSTSGRANTST,NONE
1611,BLOOMINGTON PD,BLOOMINGTON,2021-07-22T00:00:00,11:52 AM,1,0,0,0,0,1901,"","",S LIBERTY DR,ENTRANCE TO CENTER 37,"",,"",39.145264,-86.577616,UNKNOWN,N,URBAN,N,N,N,"",DAYLIGHT,CLEAR,DRY,"",NO JUNCTION INVOLVED,NON-ROADWAY CRASH,ASPHALT,RAN OFF ROAD RIGHT,RAN OFF ROAD,SLIBERTYDR,NONE
1612,BLOOMINGTON PD,BLOOMINGTON,2021-07-22T00:00:00,1:14 PM,2,0,0,0,0,"","","",E HEATHER DR,E PEPPERIDGE DR,"",,"",39.125985,-86.523026,LOCAL/CITY ROAD,N,URBAN,N,N,N,"",UNKNOWN,CLEAR,DRY,"",T-INTERSECTION,STRAIGHT/GRADE,ASPHALT,FAILURE TO YIELD RIGHT OF WAY,SAME DIRECTION SIDESWIPE,EASTHEATHERDREASTPEPPERIDGEDR,STOP SIGN
1613,MONROE SD,BLOOMINGTON,2021-07-22T00:00:00,3:10 PM,2,0,1,0,0,"","","",N SMITH PIKE,W CARMOLA DR,"",175,S,39.204448,-86.583168,LOCAL/CITY ROAD,N,URBAN,N,N,N,"",DAYLIGHT,CLOUDY,DRY,"",NO JUNCTION INVOLVED,STRAIGHT/LEVEL,ASPHALT,DRIVER DISTRACTED - EXPLAIN IN NARRATIVE,REAR END,NORTHSMITHPIKEWESTCARMOLADR,NONE
1614,INDIANA UNIV BLOOMINGTON PD,BLOOMINGTON,2021-07-22T00:00:00,3:32 PM,2,0,0,0,0,1800,"","",JOHN MELLENCAMP PAVILION ACCESS RD,"","",,"",39.18279,-86.523885,UNKNOWN,N,URBAN,N,N,N,"",DAYLIGHT,CLOUDY,DRY,"",NO JUNCTION INVOLVED,STRAIGHT/LEVEL,ASPHALT,LEFT OF CENTER,OPPOSITE DIRECTION SIDESWIPE,NORTHDUNNST,NONE
1615,ELLETTSVILLE PD,ELLETTSVILLE,2021-07-22T00:00:00,3:50 PM,2,0,2,0,0,"","","",SR 46,N HARTSTRAIT RD,"",,"",39.227624,-86.615919,STATE ROAD,N,URBAN,N,N,N,"",DAYLIGHT,CLEAR,DRY,"",FOUR-WAY INTERSECTION,STRAIGHT/LEVEL,ASPHALT,DISREGARD SIGNAL/REG SIGN,OTHER - EXPLAIN IN NARRATIVE,HARTSTRAITRDSR46W,TRAFFIC CONTROL SIGNAL
1616,BLOOMINGTON PD,BLOOMINGTON,2021-07-22T00:00:00,4:39 PM,2,0,0,0,0,"","","",E 1ST ST,S BALLANTINE RD,"",,"",39.159273,-86.519119,LOCAL/CITY ROAD,N,URBAN,N,N,N,"",DAYLIGHT,CLEAR,DRY,"",T-INTERSECTION,STRAIGHT/LEVEL,ASPHALT,FAILURE TO YIELD RIGHT OF WAY,RIGHT ANGLE,E1STSTSBALLANTINERD,STOP SIGN
1617,BLOOMINGTON PD,BLOOMINGTON,2021-07-22T00:00:00,5:06 PM,2,0,0,0,0,"","","",E HILLSIDE DR,S WALNUT ST,"",,"",39.150544,-86.5336,LOCAL/CITY ROAD,N,URBAN,N,N,N,"",DAYLIGHT,CLEAR,DRY,"",FOUR-WAY INTERSECTION,STRAIGHT/GRADE,ASPHALT,FOLLOWING TOO CLOSELY,REAR END,EASTHILLSIDEDRSOUTHWALNUTST,TRAFFIC CONTROL SIGNAL
1618,BLOOMINGTON PD,BLOOMINGTON,2021-07-22T00:00:00,6:40 PM,2,0,0,0,0,"","","",S WALNUT ST,W KIRKWOOD AVE,"",,"",39.16664,-86.5336,LOCAL/CITY ROAD,N,URBAN,N,N,N,"",DAYLIGHT,CLEAR,DRY,"",FOUR-WAY INTERSECTION,STRAIGHT/GRADE,ASPHALT,IMPROPER TURNING,SAME DIRECTION SIDESWIPE,EKIRKWOODAVENWALNUTST,LANE CONTROL
1619,BLOOMINGTON PD,BLOOMINGTON,2021-07-21T00:00:00,1:00 AM,2,0,0,0,0,3206,"","",S WALNUT SPRINGS DR,"","",,"",39.12542895,-86.52670546,UNKNOWN,Y,URBAN,N,N,N,"",DARK (LIGHTED),CLEAR,DRY,"",NO JUNCTION INVOLVED,STRAIGHT/LEVEL,ASPHALT,UNSAFE BACKING,BACKING CRASH,SWALNUTSPRINGSDR,NONE
1620,INDIANA UNIV BLOOMINGTON PD,BLOOMINGTON,2021-07-21T00:00:00,1:10 AM,1,0,0,0,0,"","","",E 7TH ST,N SUNRISE DR,"",,"",39.168537,-86.512407,LOCAL/CITY ROAD,N,URBAN,N,N,N,"",DARK (LIGHTED),CLEAR,DRY,"",NO JUNCTION INVOLVED,CURVE/GRADE,CONCRETE,UNSAFE BACKING,OTHER - EXPLAIN IN NARRATIVE,E7THSTNSUNRISEDR,NONE
1621,BLOOMINGTON PD,BLOOMINGTON,2021-07-21T00:00:00,8:31 AM,1,0,0,0,0,"","","",S SUGAR MAPLE CIR,S WOODSIDE DR,"",,"",39.156288,-86.5888,LOCAL/CITY ROAD,N,URBAN,N,N,N,"",DAYLIGHT,CLEAR,DRY,"",T-INTERSECTION,STRAIGHT/LEVEL,ASPHALT,RAN OFF ROAD RIGHT,RAN OFF ROAD,SSUGARMAPLECIRSWOODSIDEDR,NONE
1622,MONROE SD,BLOOMINGTON,2021-07-21T00:00:00,8:51 AM,1,0,0,0,0,"","","",S STRAIN RIDGE RD,E SMITHVILLE RD,"",,"",39.07112,-86.507008,LOCAL/CITY ROAD,N,RURAL,N,N,N,"",DAYLIGHT,CLEAR,DRY,"",T-INTERSECTION,STRAIGHT/GRADE,ASPHALT,RAN OFF ROAD RIGHT,RAN OFF ROAD,ESMITHVILLERDSSTRAINRIDGERD,STOP SIGN
1623,BLOOMINGTON PD,BLOOMINGTON,2021-07-21T00:00:00,9:27 AM,2,0,0,0,0,"","","",S SARE RD,E CATHCART ST,"",,"",39.14885175,-86.49920105,LOCAL/CITY ROAD,N,URBAN,N,N,N,"",DAYLIGHT,CLEAR,DRY,"",T-INTERSECTION,STRAIGHT/LEVEL,ASPHALT,FAILURE TO YIELD RIGHT OF WAY,LEFT TURN,CATHCARTSTSARERD,STOP SIGN
1624,BLOOMINGTON PD,BLOOMINGTON,2021-07-21T00:00:00,9:50 AM,1,1,0,0,0,"","","",S CORY LN,ENTRANCE TO LOYAL ORDER OF THE MOOSE,"",380,S,39.164544,-86.560096,LOCAL/CITY ROAD,N,URBAN,N,N,N,"",DAYLIGHT,CLOUDY,DRY,"",NO JUNCTION INVOLVED,STRAIGHT/LEVEL,ASPHALT,OTHER (DRIVER) - EXPLAIN IN NARRATIVE,OTHER - EXPLAIN IN NARRATIVE,SOUTHCORYLNWESTCORYDR,LANE CONTROL