_id,Agency,City,Collision Date,Collision Time,Vehicles Involved,Trailers Involved,Number Injured,Number Dead,Number Deer,House Number,Roadway Interchange,Roadway Ramp,Roadway Id,Intersecting Road,Interchange,Feet From,Direction,Latitude,Longitude,Roadway Class,Hit and Run?,Locality,School Zone?,Rumble Strips?,Construction?,Construction Type,Light Condition,Weather Conditions,Surface Condition,Type of Median,Roadway Junction Type,Road Character,Roadway Surface,Primary Factor,Manner of Collision,Unique Location Id,Traffic Control
1744,ISP BLOOMINGTON 33,BLOOMINGTON,2021-07-05T00:00:00,11:46 AM,2,,0,0,0,"","","",SR 37,S OLD SR 37,"",0,"",39.08533417,-86.54288954,STATE ROAD,"",RURAL,N,N,N,"",DAYLIGHT,CLEAR,DRY,"",FOUR-WAY INTERSECTION,"",ASPHALT,FOLLOWING TOO CLOSELY,REAR END,SR37SOldStateRoad37,""
1745,BLOOMINGTON PD,BLOOMINGTON,2021-07-05T00:00:00,5:40 PM,2,0,0,0,0,"","","",S LEONARD SPRINGS RD,W FAIRINGTON DR,"",400,N,39.17725279,-86.582605,LOCAL/CITY ROAD,N,URBAN,N,N,N,"",DAYLIGHT,CLEAR,DRY,"",NO JUNCTION INVOLVED,STRAIGHT/GRADE,ASPHALT,FOLLOWING TOO CLOSELY,REAR END,SLEONARDSPRINGSDRWBARGELN,NONE
1746,BLOOMINGTON PD,BLOOMINGTON,2021-07-04T00:00:00,2:27 AM,1,0,0,0,0,3939,"","",SR 48,S CURRY PIKE,"",,"",39.164832,-86.582048,LOCAL/CITY ROAD,N,URBAN,N,N,N,"",DARK (LIGHTED),CLEAR,DRY,"",T-INTERSECTION,STRAIGHT/LEVEL,ASPHALT,UNSAFE SPEED,RAN OFF ROAD,W3RDST,NONE
1747,DNR LAW ENFORCEMENT,BLOOMINGTON,2021-07-04T00:00:00,11:08 AM,2,,1,0,0,"","","",SR 446,PAYNETOWN RD,"",0,"",39.09139239,-86.42295725,STATE ROAD,"",RURAL,N,N,N,"",DAYLIGHT,CLEAR,DRY,"",T-INTERSECTION,"",ASPHALT,FAILURE TO YIELD RIGHT OF WAY,LEFT TURN,StateRd446PaynetownRd,""
1748,MONROE SD,BLOOMINGTON,2021-07-04T00:00:00,10:21 PM,1,0,0,0,0,"","","",S GARRISON CHAPEL RD,SR 45,"",100,S,39.111024,-86.638304,COUNTY ROAD,N,RURAL,N,N,N,"",DARK (NOT LIGHTED),CLEAR,DRY,"",NO JUNCTION INVOLVED,STRAIGHT/LEVEL,ASPHALT,RAN OFF ROAD RIGHT,RAN OFF ROAD,SGARRISONCHAPELRDSR45W,NONE
1749,ISP BLOOMINGTON 33,BLOOMINGTON,2021-07-03T00:00:00,10:15 AM,2,,0,0,0,"",Y,NB,I-69 N,W 3RD ST,"",739,"",39.16734863,-86.57262988,INTERSTATE,"",URBAN,N,N,N,"",DAYLIGHT,CLEAR,DRY,"",RAMP,"",ASPHALT,FAILURE TO YIELD RIGHT OF WAY,SAME DIRECTION SIDESWIPE,I-69117.5,""
1750,INDIANA UNIV BLOOMINGTON PD,BLOOMINGTON,2021-07-03T00:00:00,12:06 PM,1,0,0,0,0,XXX,"","",SR 45/46,ENTRANCE TO IU PARKING LOT 11,"",,"",0,0,UNKNOWN,N,URBAN,N,N,N,"",DAYLIGHT,CLEAR,DRY,"",T-INTERSECTION,STRAIGHT/LEVEL,ASPHALT,OTHER (DRIVER) - EXPLAIN IN NARRATIVE,OTHER - EXPLAIN IN NARRATIVE,4546BYP,NONE
1751,DNR LAW ENFORCEMENT,BLOOMINGTON,2021-07-03T00:00:00,12:09 PM,1,,0,0,1,"","","",SR 446,"","",1003,S,39.08287239,-86.42022887,STATE ROAD,"",RURAL,N,Y,N,"",DAYLIGHT,CLEAR,DRY,"",NO JUNCTION INVOLVED,"",ASPHALT,ANIMAL/OBJECT IN ROADWAY,COLLISION WITH DEER,StateRd446RushRidgeRd,""
1752,DNR LAW ENFORCEMENT,BLOOMINGTON,2021-07-03T00:00:00,12:29 PM,2,,0,0,0,"","","",S LAST HORSE LN,E TOWER RIDGE RD,"",0,"",39.01485106,-86.40056107,COUNTY ROAD,"",RURAL,N,N,N,"",DAYLIGHT,CLEAR,LOOSE MATERIAL ON ROAD,"",T-INTERSECTION,"",GRAVEL,OTHER (DRIVER) - EXPLAIN IN NARRATIVE,OTHER - EXPLAIN IN NARRATIVE,TowerRidgeRdLastHorseLn,""
1753,BLOOMINGTON PD,BLOOMINGTON,2021-07-03T00:00:00,5:26 PM,2,0,0,0,0,901,"","",N LINDBERGH DR,"","",,"",39.174792,-86.552848,LOCAL/CITY ROAD,Y,URBAN,N,N,N,"",DAYLIGHT,CLEAR,DRY,"",NO JUNCTION INVOLVED,NON-ROADWAY CRASH,GRAVEL,OTHER (DRIVER) - EXPLAIN IN NARRATIVE,OTHER - EXPLAIN IN NARRATIVE,NLINDBERGHDR,NONE
1754,MONROE SD,BLOOMINGTON,2021-07-03T00:00:00,5:58 PM,2,0,0,0,0,"","","",I-69 S,SR 37,"",,"",0,0,INTERSTATE,Y,RURAL,N,Y,N,"",DAYLIGHT,CLEAR,DRY,"",INTERCHANGE,STRAIGHT/LEVEL,ASPHALT,UNSAFE LANE MOVEMENT,SAME DIRECTION SIDESWIPE,I69S114.0,NONE
1755,MONROE SD,STINESVILLE,2021-07-03T00:00:00,6:50 PM,1,0,1,0,0,"","","",N WALKER LN,W ELM ST,"",203,E,0,0,LOCAL/CITY ROAD,N,RURAL,N,N,N,"",DAYLIGHT,CLOUDY,DRY,"",NO JUNCTION INVOLVED,CURVE/GRADE,ASPHALT,RAN OFF ROAD RIGHT,RAN OFF ROAD,NORTHEASTSTNORTHWALKERLN,NONE
1756,BLOOMINGTON PD,BLOOMINGTON,2021-07-03T00:00:00,9:10 PM,2,0,0,0,0,"","","",E SMITH AVE,S DUNN ST,"",50,E,,,LOCAL/CITY ROAD,Y,URBAN,N,N,N,"",UNKNOWN,CLEAR,DRY,"",NO JUNCTION INVOLVED,STRAIGHT/LEVEL,ASPHALT,UNSAFE LANE MOVEMENT,SAME DIRECTION SIDESWIPE,ESMITHAVESDUNNST,NONE
1757,MONROE SD,BLOOMINGTON,2021-07-02T00:00:00,6:35 AM,2,0,0,0,0,"","","",S SNODDY RD,E BLUEBIRD LN,"",,"",39.131603,-86.489606,COUNTY ROAD,N,RURAL,N,N,N,"",DAYLIGHT,CLEAR,DRY,"",T-INTERSECTION,STRAIGHT/HILLCREST,ASPHALT,FAILURE TO YIELD RIGHT OF WAY,LEFT TURN,EASTBLUEBIRDLNSOUTHSNODDYRD,NONE
1758,BLOOMINGTON PD,BLOOMINGTON,2021-07-02T00:00:00,8:55 AM,2,0,1,0,0,"","","",S SMITH RD,E BRIGHTON CREST,"",,"",39.157551,-86.480642,LOCAL/CITY ROAD,N,URBAN,N,N,N,"",DAYLIGHT,CLEAR,DRY,"",FOUR-WAY INTERSECTION,STRAIGHT/LEVEL,ASPHALT,FOLLOWING TOO CLOSELY,REAR END,BRIGHTONCRESSSMITHROADRD,LANE CONTROL
1759,MONROE SD,BLOOMINGTON,2021-07-02T00:00:00,9:05 AM,1,0,1,0,0,"","","",S WICKENS ST,W RANGEVIEW CIR,"",,"",0,0,LOCAL/CITY ROAD,N,URBAN,N,N,N,"",DAYLIGHT,CLOUDY,DRY,"",NO JUNCTION INVOLVED,STRAIGHT/GRADE,ASPHALT,OBSTRUCTION NOT MARKED,COLLISION WITH OBJECT IN ROAD,SOUTHWICKENSSTWESTRANGEVIEWCIR,NONE
1760,ISP BLOOMINGTON 33,ELLETTSVILLE,2021-07-02T00:00:00,9:37 AM,2,,1,0,0,"","","",SR 46,N SMITH PIKE,"",0,"",39.2104499,-86.58345626,STATE ROAD,"",RURAL,N,N,N,"",DAYLIGHT,CLOUDY,DRY,"",FOUR-WAY INTERSECTION,"",ASPHALT,UNSAFE SPEED,REAR END,StateRd46NSmithPike,""
1761,BLOOMINGTON PD,BLOOMINGTON,2021-07-02T00:00:00,12:55 PM,2,0,0,0,0,"","","",SR 45,S LEONARD SPRINGS RD,"",,"",39.122404,-86.614233,LOCAL/CITY ROAD,N,URBAN,N,N,N,"",DAYLIGHT,CLEAR,DRY,"",FOUR-WAY INTERSECTION,STRAIGHT/LEVEL,ASPHALT,DISREGARD SIGNAL/REG SIGN,REAR END,LEONARDSPRINGSRDSTATERD45RD,TRAFFIC CONTROL SIGNAL
1762,BLOOMINGTON PD,BLOOMINGTON,2021-07-02T00:00:00,1:06 PM,2,0,0,0,0,"","","",SR 45/46,N WALNUT ST,"",100,E,39.18636592,-86.53404709,STATE ROAD,N,URBAN,N,N,N,"",DAYLIGHT,CLEAR,DRY,"",NO JUNCTION INVOLVED,STRAIGHT/LEVEL,ASPHALT,FOLLOWING TOO CLOSELY,REAR END,NWALNUTSTSR45E,LANE CONTROL
1763,BLOOMINGTON PD,BLOOMINGTON,2021-07-02T00:00:00,2:46 PM,2,1,0,0,0,"","","",S COLLEGE AVE,W 3RD ST,"",,"",39.164609,-86.534898,LOCAL/CITY ROAD,N,URBAN,N,N,N,"",DAYLIGHT,CLEAR,DRY,"",FOUR-WAY INTERSECTION,STRAIGHT/LEVEL,ASPHALT,IMPROPER LANE USAGE,RIGHT ANGLE,SCOLLEGEAVEWTHIRDST,TRAFFIC CONTROL SIGNAL
1764,MONROE SD,BLOOMINGTON,2021-07-02T00:00:00,5:40 PM,2,0,0,0,0,"","","",SR 45,W HINDS RD (NE),"",,"",39.099152,-86.652,STATE ROAD,N,RURAL,N,Y,N,"",DAYLIGHT,CLEAR,DRY,"",T-INTERSECTION,CURVE/GRADE,ASPHALT,FOLLOWING TOO CLOSELY,REAR END,SR45WWHINDSRD,NONE
1765,MONROE SD,BLOOMINGTON,2021-07-02T00:00:00,6:47 PM,1,0,0,0,0,"","","",SR 45,S LIBERTY DR,"",200,E,0,0,LOCAL/CITY ROAD,Y,URBAN,N,N,N,"",DAYLIGHT,CLEAR,DRY,"",FOUR-WAY INTERSECTION,STRAIGHT/LEVEL,ASPHALT,DRIVER DISTRACTED - EXPLAIN IN NARRATIVE,OTHER - EXPLAIN IN NARRATIVE,LIBERTYDRWBLOOMFIELDRD,LANE CONTROL
1766,BLOOMINGTON PD,BLOOMINGTON,2021-07-02T00:00:00,8:39 PM,2,0,1,0,0,"","","",W 11TH ST,N FAIRVIEW ST,"",,"",39.173152,-86.5408,LOCAL/CITY ROAD,N,URBAN,N,N,N,"",DAWN/DUSK,CLEAR,DRY,"",NO JUNCTION INVOLVED,CURVE/GRADE,ASPHALT,UNSAFE SPEED,HEAD ON BETWEEN TWO MOTOR VEHICLES,NFAIRVIEWSTW11THST,NONE
1767,MONROE SD,BLOOMINGTON,2021-07-01T00:00:00,5:45 AM,1,0,1,0,0,4630,"","",SR 446,"","",2500,W,39.09876447,-86.42466057,STATE ROAD,N,RURAL,N,N,N,"",DARK (NOT LIGHTED),CLEAR,DRY,"",NO JUNCTION INVOLVED,CURVE/GRADE,ASPHALT,SPEED TOO FAST FOR WEATHER CONDITIONS,RAN OFF ROAD,EASTMERRITTLNSR446S,NONE
1768,BLOOMINGTON PD,BLOOMINGTON,2021-07-01T00:00:00,8:09 AM,2,0,0,0,0,321,"","",S GRANT ST,ALLEY,"",75,S,39.16464,-86.529728,LOCAL/CITY ROAD,N,URBAN,N,N,N,"",DAYLIGHT,RAIN,WET,"",NO JUNCTION INVOLVED,STRAIGHT/LEVEL,ASPHALT,IMPROPER PASSING,SAME DIRECTION SIDESWIPE,300SGRANTSTE3RDST,NONE
1769,BLOOMINGTON PD,BLOOMINGTON,2021-07-01T00:00:00,8:45 AM,2,0,1,0,0,"","","",S PATTERSON DR,W ALLEN ST,"",,"",39.155641,-86.543337,LOCAL/CITY ROAD,N,URBAN,N,N,N,"",DAYLIGHT,RAIN,WET,"",FOUR-WAY INTERSECTION,CURVE/GRADE,ASPHALT,FOLLOWING TOO CLOSELY,REAR END,ALLENSTPATTERSONDR,TRAFFIC CONTROL SIGNAL
1770,ISP BLOOMINGTON 33,ELLETTSVILLE,2021-07-01T00:00:00,10:40 AM,2,,0,0,0,"","","",SR 46,N MATTHEWS DR (N),"",0,"",39.23597457,-86.6249798,STATE ROAD,"",URBAN,N,N,N,"",DAYLIGHT,RAIN,WET,"",FOUR-WAY INTERSECTION,"",ASPHALT,UNSAFE SPEED,REAR END,StateRoad46NMathewsDr,""
1771,MONROE SD,BLOOMINGTON,2021-07-01T00:00:00,2:05 PM,2,1,0,0,0,"","","",SR 45,S LIBERTY DR,"",,"",39.145152,-86.5776,STATE ROAD,N,URBAN,N,N,N,"",DAYLIGHT,CLOUDY,DRY,"",FIVE POINT OR MORE,STRAIGHT/LEVEL,ASPHALT,OTHER (DRIVER) - EXPLAIN IN NARRATIVE,BACKING CRASH,SOUTHLIBERTYDRSR45W,TRAFFIC CONTROL SIGNAL
1772,BLOOMINGTON PD,BLOOMINGTON,2021-07-01T00:00:00,2:13 PM,2,0,1,0,0,"","","",SR 45,S CURRY PIKE,"",,"",39.1420168,-86.5825852,LOCAL/CITY ROAD,N,URBAN,N,N,N,"",DAYLIGHT,CLEAR,DRY,"",FOUR-WAY INTERSECTION,STRAIGHT/GRADE,CONCRETE,DISREGARD SIGNAL/REG SIGN,OPPOSITE DIRECTION SIDESWIPE,SCURRYPIKEWSR45RD,NONE
1773,BLOOMINGTON PD,BLOOMINGTON,2021-07-01T00:00:00,2:16 PM,3,0,0,0,0,"","","",W 3RD ST,S CORY LN,"",,"",39.164544,-86.560096,LOCAL/CITY ROAD,N,URBAN,N,N,N,"",DAYLIGHT,CLEAR,DRY,"",FOUR-WAY INTERSECTION,STRAIGHT/LEVEL,ASPHALT,FOLLOWING TOO CLOSELY,REAR END,SCORYLNW3RDST,TRAFFIC CONTROL SIGNAL
1774,MONROE SD,BLOOMINGTON,2021-07-01T00:00:00,2:39 PM,1,0,0,0,0,"","","",SR 37,W DILLMAN RD,"",,"",39.092976,-86.545648,STATE ROAD,N,URBAN,N,Y,Y,LANE CLOSURE,DAYLIGHT,CLEAR,DRY,"",FOUR-WAY INTERSECTION,STRAIGHT/GRADE,ASPHALT,RAN OFF ROAD RIGHT,RAN OFF ROAD,DILLMANRDSR37S,LANE CONTROL
1775,BLOOMINGTON PD,BLOOMINGTON,2021-07-01T00:00:00,3:30 PM,2,0,2,0,0,"","","",S WALNUT ST,E MILLER DR,"",,"",39.146944,-86.532544,LOCAL/CITY ROAD,N,URBAN,N,N,N,"",DAYLIGHT,CLEAR,DRY,"",T-INTERSECTION,STRAIGHT/GRADE,ASPHALT,FAILURE TO YIELD RIGHT OF WAY,RIGHT ANGLE,EASTMILLERDRSOUTHWALNUTST,TRAFFIC CONTROL SIGNAL
1776,MONROE SD,BLOOMINGTON,2021-07-01T00:00:00,5:34 PM,2,0,0,0,0,"","","",E ROBINSON RD,"","",658,N,39.31035592,-86.443184,LOCAL/CITY ROAD,N,RURAL,N,N,N,"",DAYLIGHT,CLOUDY,DRY,"",NO JUNCTION INVOLVED,CURVE/GRADE,ASPHALT,LEFT OF CENTER,OPPOSITE DIRECTION SIDESWIPE,ENEHRTRDEROBINSONRD,NONE
1777,BLOOMINGTON PD,BLOOMINGTON,2021-07-01T00:00:00,5:34 PM,2,0,1,0,0,"","","",N GATES DR,W JACOB DR,"",,"",39.165635,-86.575984,LOCAL/CITY ROAD,N,URBAN,N,N,N,"",DAYLIGHT,CLEAR,DRY,"",T-INTERSECTION,STRAIGHT/LEVEL,ASPHALT,FAILURE TO YIELD RIGHT OF WAY,LEFT TURN,NGATESDRWJACOBDR,STOP SIGN
1778,BLOOMINGTON PD,BLOOMINGTON,2021-07-01T00:00:00,8:52 PM,2,0,1,0,0,"","","",S LEONARD SPRINGS RD,W MAYBURY MALL,"",,"",0,0,LOCAL/CITY ROAD,N,URBAN,N,N,N,"",DAWN/DUSK,CLEAR,DRY,"",T-INTERSECTION,STRAIGHT/GRADE,ASPHALT,IMPROPER LANE USAGE,OPPOSITE DIRECTION SIDESWIPE,SLEONARDSPRINGSRDWMAYBURYMALL,NONE
1779,MONROE SD,BLOOMINGTON,2021-06-30T00:00:00,8:40 AM,1,0,0,0,0,4170,"","",W OLD SR 37,"","",200,N,39.208048,-86.528704,COUNTY ROAD,N,RURAL,N,N,N,"",DAYLIGHT,RAIN,WET,"",NO JUNCTION INVOLVED,CURVE/GRADE,ASPHALT,SPEED TOO FAST FOR WEATHER CONDITIONS,RAN OFF ROAD,NDUNNSTNOLDSTATE37RD,LANE CONTROL
1780,ISP BLOOMINGTON 33,BLOOMINGTON,2021-06-30T00:00:00,8:48 AM,1,,0,0,0,"","","",I-69 S,"","",0,"",39.25829421,-86.52491334,INTERSTATE,"",RURAL,N,N,N,"",DAYLIGHT,RAIN,WET,"",NO JUNCTION INVOLVED,"",ASPHALT,SPEED TOO FAST FOR WEATHER CONDITIONS,"",I-69129.5,""
1781,ISP BLOOMINGTON 33,BLOOMINGTON,2021-06-30T00:00:00,10:30 AM,1,,1,0,0,"","","",I-69 S,"","",0,"",39.33002868,-86.51516623,INTERSTATE,"",RURAL,N,N,N,"",DAYLIGHT,RAIN,WET,"",NO JUNCTION INVOLVED,"",ASPHALT,SPEED TOO FAST FOR WEATHER CONDITIONS,RAN OFF ROAD,I69130.5,""
1782,BLOOMINGTON PD,BLOOMINGTON,2021-06-30T00:00:00,10:52 AM,2,0,0,0,0,"","","",W 2ND ST,S PATTERSON DR,"",,"",39.160737,-86.548536,LOCAL/CITY ROAD,N,URBAN,N,N,N,"",DAYLIGHT,CLOUDY,WET,"",FOUR-WAY INTERSECTION,STRAIGHT/LEVEL,ASPHALT,FOLLOWING TOO CLOSELY,REAR END,SPATTERSONDRW2NDST,TRAFFIC CONTROL SIGNAL
1783,BLOOMINGTON PD,BLOOMINGTON,2021-06-30T00:00:00,12:08 PM,2,0,0,0,0,"","","",E 10TH ST,N GRANT ST,"",,"",39.171696,-86.529696,LOCAL/CITY ROAD,N,URBAN,N,N,N,"",DAYLIGHT,RAIN,WET,"",FOUR-WAY INTERSECTION,STRAIGHT/LEVEL,ASPHALT,DISREGARD SIGNAL/REG SIGN,RIGHT ANGLE,E10THSTGRANTST,STOP SIGN
1784,BLOOMINGTON PD,BLOOMINGTON,2021-06-30T00:00:00,12:23 PM,2,0,0,0,0,221,"","",W 2ND ST,ENTRANCE TO KROGER (E),"",200,W,39.16501186,-86.5348251,LOCAL/CITY ROAD,N,URBAN,N,N,N,"",DAYLIGHT,CLOUDY,WET,"",NO JUNCTION INVOLVED,STRAIGHT/LEVEL,ASPHALT,FAILURE TO YIELD RIGHT OF WAY,LEFT TURN,221W2NDSTSCOLLEGEAVE,LANE CONTROL
1785,BLOOMINGTON PD,BLOOMINGTON,2021-06-30T00:00:00,1:16 PM,2,0,0,0,0,"","","",N WALNUT ST,ENTRANCE TO SPEEDWAY GAS STATION,"",850,N,39.191248,-86.532896,LOCAL/CITY ROAD,N,URBAN,N,N,N,"",DAYLIGHT,CLOUDY,WET,"",T-INTERSECTION,CURVE/LEVEL,ASPHALT,FOLLOWING TOO CLOSELY,REAR END,NORTHFRITZDRNORTHWALNUTST,LANE CONTROL
1786,ELLETTSVILLE PD,ELLETTSVILLE,2021-06-30T00:00:00,1:50 PM,2,1,0,0,0,"","","",SR 46,N LAKEVIEW DR,"",,"",39.221152,-86.6056,STATE ROAD,Y,URBAN,N,N,N,"",DAYLIGHT,CLOUDY,DRY,"",NO JUNCTION INVOLVED,STRAIGHT/LEVEL,ASPHALT,FAILURE TO YIELD RIGHT OF WAY,REAR END,LAKEVIEWDRSR46W,LANE CONTROL
1787,BLOOMINGTON PD,BLOOMINGTON,2021-06-30T00:00:00,2:14 PM,2,0,0,0,0,200,"","",S COLLEGE AVE,W 3RD ST,"",,"",39.16464,-86.534816,LOCAL/CITY ROAD,N,URBAN,N,N,N,"",DAYLIGHT,CLOUDY,DRY,"",NO JUNCTION INVOLVED,STRAIGHT/LEVEL,ASPHALT,FOLLOWING TOO CLOSELY,REAR END,200SCOLLEGEAVEW3RDST,TRAFFIC CONTROL SIGNAL
1788,BLOOMINGTON PD,BLOOMINGTON,2021-06-30T00:00:00,2:43 PM,2,0,0,0,0,"","","",E RHORER RD,S WALNUT ST,"",,"",39.12144,-86.526496,LOCAL/CITY ROAD,N,URBAN,N,N,N,"",DAYLIGHT,CLEAR,DRY,"",FOUR-WAY INTERSECTION,STRAIGHT/LEVEL,ASPHALT,FOLLOWING TOO CLOSELY,REAR END,ERHORERRDSWALNUTRD,TRAFFIC CONTROL SIGNAL
1789,ELLETTSVILLE PD,ELLETTSVILLE,2021-06-30T00:00:00,5:19 PM,1,0,0,0,0,"","","",SR 46,S 1ST ST,"",,"",39.231367,-86.621314,STATE ROAD,N,URBAN,N,N,N,"",DAYLIGHT,CLEAR,DRY,"",NO JUNCTION INVOLVED,STRAIGHT/LEVEL,ASPHALT,UNSAFE LANE MOVEMENT,OTHER - EXPLAIN IN NARRATIVE,SOUTHFIRSTSTSR46W,LANE CONTROL
1790,ISP BLOOMINGTON 33,BLOOMINGTON,2021-06-30T00:00:00,5:50 PM,2,,0,0,0,"","","",SR 37,S VICTOR PIKE,"",0,"",39.10623706,-86.55206611,STATE ROAD,"",RURAL,N,N,N,"",DAYLIGHT,CLEAR,DRY,"",NO JUNCTION INVOLVED,"",ASPHALT,"",RAN OFF ROAD,StateRd37NButcherRd,""
1791,ISP BLOOMINGTON 33,BLOOMINGTON,2021-06-30T00:00:00,6:22 PM,2,,0,0,0,"","","",SR 37,S VICTOR PIKE,"",0,"",39.10558067,-86.55106799,STATE ROAD,"",URBAN,N,N,N,"",DAYLIGHT,CLOUDY,WET,"",FOUR-WAY INTERSECTION,"",ASPHALT,DRIVER DISTRACTED - EXPLAIN IN NARRATIVE,REAR END,NButcherRdNButcherRd,""
1792,INDIANA UNIV BLOOMINGTON PD,BLOOMINGTON,2021-06-29T00:00:00,9:43 AM,2,0,0,0,0,"","","",SR 45/46,E DISCOVERY PKWY,"",,"",39.227137,-86.61521799,STATE ROAD,N,URBAN,N,N,N,"",DAYLIGHT,CLEAR,DRY,"",T-INTERSECTION,STRAIGHT/LEVEL,ASPHALT,RAN OFF ROAD RIGHT,RAN OFF ROAD,DISCOVERYPKWYSR46E,TRAFFIC CONTROL SIGNAL
1793,BLOOMINGTON PD,BLOOMINGTON,2021-06-29T00:00:00,10:07 AM,2,0,0,0,0,"","","",E 3RD ST,S BRYAN AVE,"",,"",39.16432,-86.50824,LOCAL/CITY ROAD,N,URBAN,N,N,N,"",DAYLIGHT,CLEAR,DRY,"",T-INTERSECTION,STRAIGHT/LEVEL,ASPHALT,IMPROPER LANE USAGE,SAME DIRECTION SIDESWIPE,E3RDSTSBRYANAVE,TRAFFIC CONTROL SIGNAL
1794,BLOOMINGTON PD,BLOOMINGTON,2021-06-29T00:00:00,2:54 PM,1,0,0,0,0,"","","",S HIGH ST,E WEXLEY RD,"",,"",39.137168,-86.508112,LOCAL/CITY ROAD,N,URBAN,N,N,N,"",DAYLIGHT,CLEAR,DRY,"",T-INTERSECTION,STRAIGHT/GRADE,ASPHALT,OTHER (DRIVER) - EXPLAIN IN NARRATIVE,OTHER - EXPLAIN IN NARRATIVE,EASTWEXLEYRDSOUTHHIGHST,STOP SIGN
1795,INDIANA UNIV BLOOMINGTON PD,BLOOMINGTON,2021-06-29T00:00:00,4:10 PM,2,0,0,0,0,"","","",SR 45/46,E DISCOVERY PKWY,"",300,N,39.25891098,-86.61521799,STATE ROAD,N,URBAN,N,N,N,"",DAYLIGHT,CLEAR,DRY,"",FOUR-WAY INTERSECTION,STRAIGHT/LEVEL,ASPHALT,DRIVER DISTRACTED - EXPLAIN IN NARRATIVE,REAR END,DISCOVERYPKWYSR46E,OTHER REGULATORY SIGN/MARKING
1796,ISP BLOOMINGTON 33,BLOOMINGTON,2021-06-29T00:00:00,4:20 PM,1,,0,0,0,"","","",SR 46,N LOWER BIRDIE GALYAN RD,"",0,"",39.16268745,-86.41342275,STATE ROAD,"",RURAL,N,Y,N,"",DAYLIGHT,CLEAR,DRY,"",T-INTERSECTION,"",CONCRETE,UNSAFE SPEED,"",StateRd46NUpperBirdieGalyanRd,""
1797,INDIANA UNIV BLOOMINGTON PD,BLOOMINGTON,2021-06-29T00:00:00,5:21 PM,3,0,0,0,0,"","","",SR 45/46,SR 45,"",,"",0,0,STATE ROAD,Y,URBAN,"","",N,"",DAYLIGHT,CLEAR,DRY,"",FOUR-WAY INTERSECTION,STRAIGHT/LEVEL,ASPHALT,UNSAFE SPEED,REAR END,SR46UNIONVILLERD,TRAFFIC CONTROL SIGNAL
1798,ISP BLOOMINGTON 33,BLOOMINGTON,2021-06-28T00:00:00,10:30 AM,1,,0,0,0,"","","",SR 45/46,I-69,"",0,"",39.1871097,-86.55763096,STATE ROAD,"",URBAN,N,N,N,"",DAYLIGHT,CLEAR,DRY,"",T-INTERSECTION,"",CONCRETE,IMPROPER TURNING,RIGHT TURN,StateRd46I-69,""
1799,BLOOMINGTON PD,BLOOMINGTON,2021-06-28T00:00:00,12:32 PM,2,0,0,0,0,"","","",W 4TH ST,S MADISON ST,"",,"",39.16568,-86.537296,LOCAL/CITY ROAD,N,URBAN,N,N,N,"",DAWN/DUSK,CLOUDY,DRY,"",FOUR-WAY INTERSECTION,STRAIGHT/LEVEL,ASPHALT,FAILURE TO YIELD RIGHT OF WAY,RIGHT ANGLE,SMADISONSTW4THST,STOP SIGN
1800,BLOOMINGTON PD,BLOOMINGTON,2021-06-28T00:00:00,1:20 PM,2,0,0,0,0,"","","",S WALNUT ST,W 1ST ST,"",,"",39.176848,-86.533424,LOCAL/CITY ROAD,Y,URBAN,N,N,N,"",DAYLIGHT,CLEAR,WET,"",FOUR-WAY INTERSECTION,STRAIGHT/LEVEL,ASPHALT,FOLLOWING TOO CLOSELY,REAR END,SOUTHWALNUTSTWEST1STST,TRAFFIC CONTROL SIGNAL
1801,BLOOMINGTON PD,BLOOMINGTON,2021-06-28T00:00:00,4:43 PM,2,0,0,0,0,"","","",E HILLSIDE DR,S NANCY ST,"",,"",39.150544,-86.511088,LOCAL/CITY ROAD,N,URBAN,N,N,N,"",DAYLIGHT,CLEAR,DRY,"",FOUR-WAY INTERSECTION,STRAIGHT/GRADE,ASPHALT,FAILURE TO YIELD RIGHT OF WAY,RIGHT ANGLE,EASTHILLSIDEDRSOUTHNANCYST,STOP SIGN
1802,ELLETTSVILLE PD,ELLETTSVILLE,2021-06-28T00:00:00,8:07 PM,2,0,0,0,0,"","","",SR 46,N LAKEVIEW DR,"",150,W,39.2214005,-86.60602245,STATE ROAD,N,URBAN,N,N,N,"",DAYLIGHT,CLEAR,DRY,"",NO JUNCTION INVOLVED,STRAIGHT/GRADE,ASPHALT,UNSAFE BACKING,RIGHT ANGLE,LAKEVIEWDRSR46W,NONE
1803,BLOOMINGTON PD,BLOOMINGTON,2021-06-27T00:00:00,1:27 AM,1,0,1,0,0,"","","",W KIRKWOOD AVE,S COLLEGE AVE,"",,"",39.16664,-86.5348,LOCAL/CITY ROAD,Y,URBAN,N,N,N,"",DARK (LIGHTED),CLEAR,DRY,"",FOUR-WAY INTERSECTION,STRAIGHT/LEVEL,ASPHALT,FAILURE TO YIELD RIGHT OF WAY,OTHER - EXPLAIN IN NARRATIVE,SOUTHCOLLEGEAVEWESTKIRKWOODAVE,TRAFFIC CONTROL SIGNAL