_id,Agency,City,Collision Date,Collision Time,Vehicles Involved,Trailers Involved,Number Injured,Number Dead,Number Deer,House Number,Roadway Interchange,Roadway Ramp,Roadway Id,Intersecting Road,Interchange,Feet From,Direction,Latitude,Longitude,Roadway Class,Hit and Run?,Locality,School Zone?,Rumble Strips?,Construction?,Construction Type,Light Condition,Weather Conditions,Surface Condition,Type of Median,Roadway Junction Type,Road Character,Roadway Surface,Primary Factor,Manner of Collision,Unique Location Id,Traffic Control
1804,MONROE SD,BLOOMINGTON,2021-06-27T00:00:00,1:15 PM,2,0,1,0,0,"","","",S WALNUT ST,W DILLMAN RD,"",,"",39.092972,-86.544156,LOCAL/CITY ROAD,N,URBAN,N,N,N,"",DAYLIGHT,CLOUDY,DRY,"",FOUR-WAY INTERSECTION,CURVE/GRADE,ASPHALT,FAILURE TO YIELD RIGHT OF WAY,RIGHT ANGLE,DILLMANRDSOLDSTATE37RD,TRAFFIC CONTROL SIGNAL
1805,ISP BLOOMINGTON 33,BLOOMINGTON,2021-06-27T00:00:00,3:20 PM,1,,0,0,0,"","","",I-69 S,"","",0,"",39.33033987,-86.51517679,INTERSTATE,"",RURAL,N,N,N,"",DAYLIGHT,RAIN,WET,"",NO JUNCTION INVOLVED,"",ASPHALT,SPEED TOO FAST FOR WEATHER CONDITIONS,RAN OFF ROAD,I-69129.5,""
1806,MONROE SD,BLOOMINGTON,2021-06-27T00:00:00,4:58 PM,2,0,1,0,0,"","","",I-69 N,"","",,"",0,0,INTERSTATE,N,RURAL,N,Y,N,"",DAYLIGHT,CLOUDY,DRY,"",NO JUNCTION INVOLVED,STRAIGHT/LEVEL,ASPHALT,IMPROPER LANE USAGE,REAR END,I69N129,NONE
1807,MONROE SD,BLOOMINGTON,2021-06-27T00:00:00,5:15 PM,2,0,0,0,0,"","","",SR 46,E KINGS RD,"",,"",39.166592,-86.455123,STATE ROAD,N,RURAL,N,N,N,"",DAYLIGHT,RAIN,WET,"",T-INTERSECTION,CURVE/GRADE,ASPHALT,FOLLOWING TOO CLOSELY,REAR END,KINGSRDSR46E,NONE
1808,BLOOMINGTON PD,BLOOMINGTON,2021-06-27T00:00:00,7:21 PM,2,0,0,0,0,"","","",W 6TH ST,N COLLEGE AVE,"",,"",39.167648,-86.534784,LOCAL/CITY ROAD,Y,URBAN,N,N,N,"",DAYLIGHT,CLEAR,DRY,"",FOUR-WAY INTERSECTION,STRAIGHT/LEVEL,ASPHALT,OTHER (VEHICLE) - EXPLAIN IN NARRATIVE,BACKING CRASH,NCOLLEGEAVEW6THST,TRAFFIC CONTROL SIGNAL
1809,BLOOMINGTON PD,BLOOMINGTON,2021-06-27T00:00:00,7:45 PM,2,0,0,0,0,"","","",S COLLEGE AVE,W KIRKWOOD AVE,"",,"",39.16664,-86.5348,LOCAL/CITY ROAD,N,URBAN,N,N,N,"",DAYLIGHT,CLEAR,DRY,"",FOUR-WAY INTERSECTION,STRAIGHT/LEVEL,ASPHALT,DRIVER DISTRACTED - EXPLAIN IN NARRATIVE,RIGHT ANGLE,SCOLLEGEAVEWKIRKWOODAVE,TRAFFIC CONTROL SIGNAL
1810,MONROE SD,BLOOMINGTON,2021-06-27T00:00:00,8:40 PM,1,0,0,0,0,"","","",I-69 S,"","",15,S,0,0,INTERSTATE,N,RURAL,N,N,N,"",DAYLIGHT,RAIN,WATER (STANDING OR MOVING),"",NO JUNCTION INVOLVED,STRAIGHT/LEVEL,ASPHALT,ROADWAY SURFACE CONDITION,RAN OFF ROAD,I69S129.0,LANE CONTROL
1811,ELLETTSVILLE PD,ELLETTSVILLE,2021-06-26T00:00:00,8:23 AM,2,0,0,0,0,"","","",SR 46,W RIDGE SPRINGS LN,"",,"",39.24104,-86.632096,STATE ROAD,N,URBAN,N,N,N,"",DAYLIGHT,CLEAR,DRY,"",NO JUNCTION INVOLVED,STRAIGHT/HILLCREST,ASPHALT,FAILURE TO YIELD RIGHT OF WAY,SAME DIRECTION SIDESWIPE,RIDGESPRINGSLNSR46W,LANE CONTROL
1812,BLOOMINGTON PD,BLOOMINGTON,2021-06-26T00:00:00,10:02 AM,2,0,0,0,0,"","","",W 11TH ST,N ROGERS ST,"",,"",39.173184,-86.538528,LOCAL/CITY ROAD,N,URBAN,N,N,N,"",DAYLIGHT,CLOUDY,DRY,"",FOUR-WAY INTERSECTION,STRAIGHT/LEVEL,ASPHALT,OTHER (DRIVER) - EXPLAIN IN NARRATIVE,REAR END,11THSTROGERSST,STOP SIGN
1813,ELLETTSVILLE PD,ELLETTSVILLE,2021-06-26T00:00:00,11:50 AM,2,0,0,0,0,"","","",SR 46,"","",1056,W,39.2523475,-86.65403549,STATE ROAD,N,URBAN,N,N,N,"",DAYLIGHT,CLEAR,DRY,"",NO JUNCTION INVOLVED,CURVE/LEVEL,ASPHALT,FOLLOWING TOO CLOSELY,REAR END,FLATWOODRDSR46W,LANE CONTROL
1814,BLOOMINGTON PD,BLOOMINGTON,2021-06-26T00:00:00,11:50 AM,1,0,0,0,0,"","","",N COLLEGE AVE,W 11TH ST,"",,"",39.173232,-86.534752,LOCAL/CITY ROAD,N,URBAN,N,N,Y,LANE CLOSURE,DAWN/DUSK,CLEAR,DRY,"",FOUR-WAY INTERSECTION,STRAIGHT/GRADE,ASPHALT,OTHER (DRIVER) - EXPLAIN IN NARRATIVE,COLLISION WITH OBJECT IN ROAD,11THSTNCOLLEGEAVE,OTHER
1815,BLOOMINGTON PD,BLOOMINGTON,2021-06-26T00:00:00,12:25 PM,2,0,0,0,0,3911,"","",W MAYBURY MALL,W MARKET PL,"",,"",39.1313458,-86.5809278,LOCAL/CITY ROAD,Y,URBAN,N,N,N,"",DAYLIGHT,CLEAR,DRY,"",NO JUNCTION INVOLVED,STRAIGHT/LEVEL,CONCRETE,UNSAFE SPEED,BACKING CRASH,WMAYBURYMALL,NONE
1816,BLOOMINGTON PD,BLOOMINGTON,2021-06-26T00:00:00,12:38 PM,2,0,0,0,0,"","","",SR 45/46,I-69 S,"",150,E,39.226352,-86.61410149,STATE ROAD,N,URBAN,N,N,N,"",DAYLIGHT,CLOUDY,DRY,"",T-INTERSECTION,STRAIGHT/GRADE,ASPHALT,FOLLOWING TOO CLOSELY,REAR END,I69HWYSR46W,LANE CONTROL
1817,BLOOMINGTON PD,BLOOMINGTON,2021-06-26T00:00:00,5:15 PM,2,0,0,0,0,"","","",W 8TH ST,N HOPEWELL ST,"",,"",39.16968,-86.552192,LOCAL/CITY ROAD,Y,URBAN,N,N,N,"",DAYLIGHT,CLEAR,DRY,"",FOUR-WAY INTERSECTION,STRAIGHT/LEVEL,ASPHALT,LEFT OF CENTER,OPPOSITE DIRECTION SIDESWIPE,NHOPEWELLSTW8THST,NONE
1818,BLOOMINGTON PD,BLOOMINGTON,2021-06-26T00:00:00,7:11 PM,1,0,0,0,0,2610,"","",S BANTA AVE,"","",,"",39.137635,-86.545058,LOCAL/CITY ROAD,Y,URBAN,N,N,N,"",DAWN/DUSK,CLEAR,DRY,"",NO JUNCTION INVOLVED,STRAIGHT/LEVEL,ASPHALT,RAN OFF ROAD RIGHT,RAN OFF ROAD,SBANTAAVE,NONE
1819,MONROE SD,BLOOMINGTON,2021-06-26T00:00:00,9:22 PM,1,0,0,0,1,"","","",E SMITHVILLE RD,"","",800,E,39.071056,-86.5356,UNKNOWN,N,RURAL,N,N,N,"",DARK (NOT LIGHTED),CLEAR,DRY,"",NO JUNCTION INVOLVED,CURVE/GRADE,ASPHALT,ANIMAL/OBJECT IN ROADWAY,COLLISION WITH DEER,ESMITHVILLERDSOUTHSTATE37RD,NONE
1820,MONROE SD,BLOOMINGTON,2021-06-26T00:00:00,9:41 PM,1,0,0,0,1,"","","",I-69 S,"","",700,S,0,0,INTERSTATE,N,RURAL,N,Y,N,"",DARK (NOT LIGHTED),CLEAR,DRY,"",NO JUNCTION INVOLVED,STRAIGHT/GRADE,ASPHALT,ANIMAL/OBJECT IN ROADWAY,COLLISION WITH DEER,I69S111.0,NONE
1821,MONROE SD,BLOOMINGTON,2021-06-26T00:00:00,10:12 PM,2,0,0,0,0,9753,"","",S TAILWATER DR,"","",,"",39.0059957,-86.5162788,UNKNOWN,Y,RURAL,N,N,N,"",DARK (NOT LIGHTED),CLEAR,DRY,"",NO JUNCTION INVOLVED,CURVE/LEVEL,ASPHALT,RAN OFF ROAD RIGHT,RAN OFF ROAD,SOUTHTAILWATERDR,NONE
1822,MONROE SD,BLOOMINGTON,2021-06-26T00:00:00,10:15 PM,1,0,0,0,0,"","","",S TAILWATER DR,"","",,"",39.008658,-86.517698,COUNTY ROAD,N,RURAL,N,N,N,"",DARK (NOT LIGHTED),CLEAR,DRY,"",NO JUNCTION INVOLVED,CURVE/LEVEL,ASPHALT,RAN OFF ROAD RIGHT,RAN OFF ROAD,EMONROEDAMCTTAILWATERDR,NONE
1823,MONROE SD,BLOOMINGTON,2021-06-26T00:00:00,11:09 PM,1,0,0,0,0,"","","",N HARTSTRAIT RD,"","",300,N,39.24086838,-86.611378,COUNTY ROAD,N,RURAL,N,N,N,"",DARK (NOT LIGHTED),FOG/SMOKE/SMOG,DRY,"",NO JUNCTION INVOLVED,STRAIGHT/HILLCREST,ASPHALT,ANIMAL/OBJECT IN ROADWAY,COLLISION WITH ANIMAL OTHER,HARTSTRAITRDRATLIFFRD,NONE
1824,BLOOMINGTON PD,BLOOMINGTON,2021-06-25T00:00:00,12:02 PM,2,0,0,0,0,"","","",E UNIVERSITY ST,S FESS AVE,"",,"",39.16032,-86.525856,LOCAL/CITY ROAD,N,URBAN,N,N,N,"",DAYLIGHT,CLOUDY,DRY,"",FOUR-WAY INTERSECTION,STRAIGHT/LEVEL,ASPHALT,FAILURE TO YIELD RIGHT OF WAY,RIGHT ANGLE,FESSAVEUNIVERSITYST,STOP SIGN
1825,MONROE SD,BLOOMINGTON,2021-06-25T00:00:00,12:21 PM,2,0,0,0,0,"","","",W WOODMERE WAY,W WOODHAVEN DR,"",,"",39.127664,-86.578736,LOCAL/CITY ROAD,N,RURAL,N,N,N,"",DAYLIGHT,CLOUDY,DRY,"",T-INTERSECTION,STRAIGHT/LEVEL,ASPHALT,UNSAFE BACKING,BACKING CRASH,WWOODHAVENDRWWOODMEREWAY,NONE
1826,ELLETTSVILLE PD,ELLETTSVILLE,2021-06-25T00:00:00,8:53 PM,2,0,0,0,0,"","","",SR 46,BRIAR GATE DR,"",,"",39.216569,-86.596334,STATE ROAD,N,URBAN,N,N,N,"",DAWN/DUSK,CLEAR,DRY,"",T-INTERSECTION,STRAIGHT/LEVEL,ASPHALT,FAILURE TO YIELD RIGHT OF WAY,LEFT TURN,BRIARGATEDRSR46W,NONE
1827,MONROE SD,BLOOMINGTON,2021-06-24T00:00:00,2:10 AM,1,0,0,0,1,"","","",SR 46,"","",2000,E,39.163636,-86.43812987,STATE ROAD,N,RURAL,N,N,N,"",DARK (NOT LIGHTED),CLEAR,DRY,"",NO JUNCTION INVOLVED,STRAIGHT/GRADE,ASPHALT,ANIMAL/OBJECT IN ROADWAY,COLLISION WITH DEER,NORTHDUBLINDRSR46E,NONE
1828,MONROE SD,BLOOMINGTON,2021-06-24T00:00:00,8:08 AM,2,0,0,0,0,"","","",W FULLERTON PIKE,S MONROE MEDICAL PARK BLVD,"",,"",39.1220233,-86.5734289,LOCAL/CITY ROAD,N,URBAN,N,N,N,"",DAYLIGHT,CLEAR,DRY,"",FOUR-WAY INTERSECTION,CURVE/LEVEL,ASPHALT,FAILURE TO YIELD RIGHT OF WAY,RIGHT ANGLE,SMONROEMEDICALPARKBLVDWFULLERTONPIKE,ROUNDABOUT INTERSECTION
1829,BLOOMINGTON PD,BLOOMINGTON,2021-06-24T00:00:00,11:42 AM,2,0,1,0,0,"","","",N WALNUT ST,E 16TH ST,"",,"",39.17784,-86.533408,LOCAL/CITY ROAD,N,URBAN,N,N,N,"",DAYLIGHT,CLEAR,DRY,"",T-INTERSECTION,STRAIGHT/LEVEL,ASPHALT,FOLLOWING TOO CLOSELY,REAR END,E16THSTNWALNUTST,TRAFFIC CONTROL SIGNAL
1830,BLOOMINGTON PD,BLOOMINGTON,2021-06-24T00:00:00,11:49 AM,2,0,2,0,0,"","","",SR 45,N SMITH RD,"",,"",39.172752,-86.482288,LOCAL/CITY ROAD,N,URBAN,N,N,N,"",DAYLIGHT,CLOUDY,DRY,"",T-INTERSECTION,CURVE/GRADE,ASPHALT,FAILURE TO YIELD RIGHT OF WAY,RIGHT ANGLE,E10THSTNSMITHRD,STOP SIGN
1831,MONROE SD,BLOOMINGTON,2021-06-24T00:00:00,12:00 PM,2,0,0,0,0,"","","",W GORDON PIKE,S WALNUT ST,"",,"",39.121463,-86.531363,LOCAL/CITY ROAD,N,RURAL,N,N,N,"",DAYLIGHT,CLEAR,DRY,"",FOUR-WAY INTERSECTION,STRAIGHT/GRADE,ASPHALT,DRIVER DISTRACTED - EXPLAIN IN NARRATIVE,REAR END,SWALNUTESTWGORDONPIKE,TRAFFIC CONTROL SIGNAL
1832,BLOOMINGTON PD,BLOOMINGTON,2021-06-24T00:00:00,6:45 PM,2,0,0,0,0,"","","",W COUNTRY CLUB DR,ENTRANCE TO GREASE MONKEY,"",,"",0,0,LOCAL/CITY ROAD,N,URBAN,N,N,N,"",DAYLIGHT,CLEAR,DRY,"",FOUR-WAY INTERSECTION,STRAIGHT/LEVEL,ASPHALT,FAILURE TO YIELD RIGHT OF WAY,RIGHT ANGLE,PRIVATEDRWCOUNTRYCLUBDR,NONE
1833,ISP BLOOMINGTON 33,BLOOMINGTON,2021-06-23T00:00:00,6:00 AM,1,,0,0,1,"","","",N SR 37 BUSINESS,E WHISNAND RD,"",0,"",39.22283746,-86.53924286,LOCAL/CITY ROAD,"",RURAL,N,N,N,"",DAWN/DUSK,CLEAR,DRY,"",NO JUNCTION INVOLVED,"",ASPHALT,ANIMAL/OBJECT IN ROADWAY,COLLISION WITH DEER,EWhisnandRdBusiness37N,""
1834,ISP BLOOMINGTON 33,BLOOMINGTON,2021-06-23T00:00:00,1:15 PM,1,,0,0,0,"",Y,125,E SAMPLE RD,I-69 N,"",0,"",39.26577882,-86.5217914,COUNTY ROAD,"",RURAL,N,N,N,"",DAYLIGHT,CLEAR,WET,"",TRAFFIC CIRCLE/ROUNDABOUT,"",ASPHALT,UNSAFE SPEED,RIGHT TURN,I-69ESampleRd,""
1835,ISP BLOOMINGTON 33,BLOOMINGTON,2021-06-23T00:00:00,5:25 PM,2,,0,0,0,866,"","",W SAMPLE RD,"","",0,"",39.27102879,-86.52749581,COUNTY ROAD,"",RURAL,N,N,N,"",DAYLIGHT,CLEAR,DRY,"",NO JUNCTION INVOLVED,"",ASPHALT,LEFT OF CENTER,OPPOSITE DIRECTION SIDESWIPE,WSampleRd530ftnorthofFlemingPlace,""
1836,MONROE SD,BLOOMINGTON,2021-06-23T00:00:00,10:00 PM,1,0,0,0,1,"","","",I-69 N,"","",,"",0,0,INTERSTATE,N,RURAL,N,Y,N,"",DARK (NOT LIGHTED),CLEAR,DRY,"",NO JUNCTION INVOLVED,STRAIGHT/GRADE,ASPHALT,ANIMAL/OBJECT IN ROADWAY,COLLISION WITH DEER,I69N112.0,NONE
1837,BLOOMINGTON PD,BLOOMINGTON,2021-06-22T00:00:00,12:53 PM,2,0,0,0,0,1285,"","",S COLLEGE MALL RD,"","",1000,N,39.150448,-86.498,LOCAL/CITY ROAD,N,URBAN,N,N,N,"",DAYLIGHT,CLEAR,DRY,"",NO JUNCTION INVOLVED,STRAIGHT/LEVEL,ASPHALT,FOLLOWING TOO CLOSELY,REAR END,1285SCOLLEGEMALLRDEMOORESPIKE,NONE
1838,ELLETTSVILLE PD,ELLETTSVILLE,2021-06-22T00:00:00,2:33 PM,2,0,0,0,0,"","","",SR 46,N CONSTABLE DR,"",100,E,39.23707456,-86.62740615,LOCAL/CITY ROAD,N,URBAN,N,N,N,"",DAYLIGHT,CLEAR,DRY,"",NO JUNCTION INVOLVED,STRAIGHT/HILLCREST,ASPHALT,OTHER (DRIVER) - EXPLAIN IN NARRATIVE,SAME DIRECTION SIDESWIPE,CONSTABLEDRMAINST,LANE CONTROL
1839,BLOOMINGTON PD,BLOOMINGTON,2021-06-22T00:00:00,3:55 PM,1,0,1,0,0,"","","",W 7TH ST,B-LINE TRAIL,"",50,E,39.168688,-86.537296,LOCAL/CITY ROAD,N,URBAN,N,N,N,"",DAYLIGHT,CLEAR,DRY,"",TRAIL CROSSINGS,STRAIGHT/LEVEL,CONCRETE,FAILURE TO YIELD RIGHT OF WAY,RIGHT ANGLE,NORTHMADISONSTWEST7THST,YIELD SIGN
1840,MONROE SD,BLOOMINGTON,2021-06-22T00:00:00,4:25 PM,2,0,0,0,0,"","","",SR 46,N CURRY PIKE,"",,"",39.19378485,-86.5710361,STATE ROAD,N,RURAL,N,Y,N,"",DAYLIGHT,CLEAR,DRY,"",NO JUNCTION INVOLVED,STRAIGHT/LEVEL,ASPHALT,DISREGARD SIGNAL/REG SIGN,LEFT TURN,CURRYPIKESR46W,TRAFFIC CONTROL SIGNAL
1841,BLOOMINGTON PD,BLOOMINGTON,2021-06-22T00:00:00,4:54 PM,2,0,0,0,0,"","","",W PATTERSON DR,S ROGERS ST,"",100,W,39.153791,-86.53874034,LOCAL/CITY ROAD,N,URBAN,N,N,N,"",DAYLIGHT,CLEAR,DRY,"",FOUR-WAY INTERSECTION,STRAIGHT/GRADE,ASPHALT,FOLLOWING TOO CLOSELY,REAR END,SOUTHROGERSSTWESTPATTERSONDR,LANE CONTROL
1842,BLOOMINGTON PD,BLOOMINGTON,2021-06-22T00:00:00,5:47 PM,2,0,1,0,0,"","","",SR 45/46,N KINSER PIKE,"",200,E,39.186544,-86.537888,LOCAL/CITY ROAD,N,URBAN,N,N,N,"",DAYLIGHT,CLEAR,DRY,"",FOUR-WAY INTERSECTION,STRAIGHT/GRADE,ASPHALT,FOLLOWING TOO CLOSELY,REAR END,NORTHKINSERPIKEWESTSTATEROAD4546BYPASSBYP,LANE CONTROL
1843,MONROE SD,BLOOMINGTON,2021-06-22T00:00:00,7:50 PM,2,0,0,0,0,"","","",SR 46,N CURRY PIKE,"",,"",39.193635,-86.571374,STATE ROAD,N,RURAL,N,N,N,"",DAYLIGHT,CLEAR,DRY,"",FOUR-WAY INTERSECTION,STRAIGHT/LEVEL,ASPHALT,FOLLOWING TOO CLOSELY,REAR END,NCURRYPIKESR46W,TRAFFIC CONTROL SIGNAL
1844,MONROE SD,STINESVILLE,2021-06-21T00:00:00,9:49 AM,2,1,1,0,0,"","","",SR 46,N STINESVILLE RD,"",200,E,39.266807,-86.66575133,STATE ROAD,N,RURAL,N,N,N,"",DAYLIGHT,CLEAR,DRY,"",NO JUNCTION INVOLVED,CURVE/LEVEL,ASPHALT,TIRE FAILURE OR DEFECTIVE,COLLISION WITH OBJECT IN ROAD,NSTINESVILLERDSR46W,LANE CONTROL
1845,INDIANA UNIV BLOOMINGTON PD,BLOOMINGTON,2021-06-21T00:00:00,12:32 PM,2,0,0,0,0,"","","",E ATWATER AVE,S JORDAN AVE,"",,"",39.163051,-86.516389,LOCAL/CITY ROAD,N,URBAN,N,N,N,"",DAYLIGHT,CLEAR,DRY,"",FOUR-WAY INTERSECTION,STRAIGHT/GRADE,ASPHALT,DRIVER DISTRACTED - EXPLAIN IN NARRATIVE,REAR END,ATWATERAVEJORDANAVE,TRAFFIC CONTROL SIGNAL
1846,BLOOMINGTON PD,BLOOMINGTON,2021-06-21T00:00:00,3:10 PM,2,0,0,0,0,"","","",N COLLEGE AVE,W 17TH ST,"",,"",39.17896,-86.53472,LOCAL/CITY ROAD,N,URBAN,N,N,N,"",DAYLIGHT,CLEAR,DRY,"",FOUR-WAY INTERSECTION,STRAIGHT/LEVEL,ASPHALT,DISREGARD SIGNAL/REG SIGN,RIGHT ANGLE,NCOLLEGEAVEW17THST,TRAFFIC CONTROL SIGNAL
1847,MONROE SD,BLOOMINGTON,2021-06-21T00:00:00,8:46 PM,1,0,0,0,0,"","","",S LIBERTY DR,"","",300,N,39.18290747,-86.576869,COUNTY ROAD,N,RURAL,N,N,N,"",DAWN/DUSK,CLEAR,DRY,"",T-INTERSECTION,CURVE/LEVEL,ASPHALT,RAN OFF ROAD RIGHT,RAN OFF ROAD,SLIBERTYDRWCONSTITUTIONAVE,NONE
1848,MONROE SD,BLOOMINGTON,2021-06-21T00:00:00,11:47 PM,1,0,0,0,1,"","","",SR 37,"","",1200,S,38.63333811,-86.498608,STATE ROAD,N,RURAL,N,N,N,"",DARK (NOT LIGHTED),CLEAR,DRY,"",NO JUNCTION INVOLVED,STRAIGHT/GRADE,ASPHALT,ANIMAL/OBJECT IN ROADWAY,COLLISION WITH DEER,SR37SSTATERD37RD,NONE
1849,MONROE SD,BLOOMINGTON,2021-06-20T00:00:00,7:57 AM,1,0,0,0,0,"","","",S ROCKPORT RD,"","",500,N,0,0,"",Y,RURAL,N,N,N,"",DAYLIGHT,CLEAR,WET,"",NO JUNCTION INVOLVED,STRAIGHT/GRADE,ASPHALT,UNSAFE SPEED,RAN OFF ROAD,SHARMONYRDTARKINGTONRD,NO PASSING ZONE
1850,MONROE SD,BLOOMINGTON,2021-06-20T00:00:00,11:45 AM,2,0,0,0,0,"","","",E RHORER RD,S FOX CHASE RUN,"",,"",39.12146,-86.496599,LOCAL/CITY ROAD,N,RURAL,N,N,N,"",DAYLIGHT,CLEAR,DRY,"",NO JUNCTION INVOLVED,STRAIGHT/HILLCREST,ASPHALT,ANIMAL/OBJECT IN ROADWAY,REAR END,EASTRHORERRDSOUTHFOXCHASERUN,NONE
1851,BLOOMINGTON PD,BLOOMINGTON,2021-06-19T00:00:00,12:07 AM,1,0,0,0,0,2170,"","",S YOST AVE,"","",,"",39.14642215,-86.5807135,LOCAL/CITY ROAD,N,URBAN,N,N,N,"",DARK (NOT LIGHTED),RAIN,WET,"",NO JUNCTION INVOLVED,STRAIGHT/LEVEL,ASPHALT,OTHER (ENVIRONMENTAL) - EXPLAIN IN NARR,NON-COLLISION,SYOSTAVE,NONE
1852,BLOOMINGTON PD,BLOOMINGTON,2021-06-19T00:00:00,12:23 AM,2,0,0,0,0,"","","",S WALNUT ST,"","",600,S,39.06810198,-86.531432,LOCAL/CITY ROAD,N,URBAN,N,N,N,"",DARK (NOT LIGHTED),RAIN,WET,"",NO JUNCTION INVOLVED,STRAIGHT/LEVEL,ASPHALT,FAILURE TO YIELD RIGHT OF WAY,SAME DIRECTION SIDESWIPE,SWALNUTSTWPINEWOODDR,LANE CONTROL
1853,BLOOMINGTON PD,BLOOMINGTON,2021-06-19T00:00:00,8:07 AM,2,0,0,0,0,"","","",SR 46,SR 46,"",,"",39.1641839,-86.4982356,LOCAL/CITY ROAD,N,URBAN,N,N,N,"",DAWN/DUSK,RAIN,WET,"",FOUR-WAY INTERSECTION,STRAIGHT/GRADE,ASPHALT,FAILURE TO YIELD RIGHT OF WAY,RIGHT ANGLE,3RDSTSR46BYP,TRAFFIC CONTROL SIGNAL
1854,ISP BLOOMINGTON 33,BLOOMINGTON,2021-06-19T00:00:00,12:05 PM,1,,1,0,0,"","","",I-69 S,W BLOOMFIELD RD,"",0,"",39.16066887,-86.57328433,INTERSTATE,"",RURAL,N,N,N,"",DAYLIGHT,CLOUDY,WATER (STANDING OR MOVING),"",NO JUNCTION INVOLVED,"",ASPHALT,SPEED TOO FAST FOR WEATHER CONDITIONS,RAN OFF ROAD,I-69,""
1855,BLOOMINGTON PD,BLOOMINGTON,2021-06-19T00:00:00,12:44 PM,2,0,0,0,0,"","","",E HILLSIDE DR,S PALMER AVE,"",,"",39.150608,-86.529104,LOCAL/CITY ROAD,N,URBAN,N,N,N,"",DAYLIGHT,CLOUDY,WET,"",T-INTERSECTION,STRAIGHT/LEVEL,ASPHALT,FOLLOWING TOO CLOSELY,REAR END,EHILLSIDEDRSPALMERAVE,LANE CONTROL
1856,MONROE SD,BLOOMINGTON,2021-06-19T00:00:00,8:09 PM,2,0,1,0,0,"","","",W VERNAL PIKE,ENTRANCE TO GARDEN HILL MOBILE HOME PARK,"",300,W,39.179142,-86.57637302,COUNTY ROAD,N,URBAN,N,N,N,"",DAYLIGHT,CLEAR,DRY,"",NO JUNCTION INVOLVED,STRAIGHT/GRADE,ASPHALT,FAILURE TO YIELD RIGHT OF WAY,RIGHT ANGLE,SUNRISEGREETINGSCTVERNALPIKE,NONE
1857,BLOOMINGTON PD,BLOOMINGTON,2021-06-19T00:00:00,11:00 PM,2,0,0,0,0,"","","",W 7TH ST,N WALNUT ST,"",,"",39.16864,-86.533568,LOCAL/CITY ROAD,Y,URBAN,N,N,N,"",DARK (LIGHTED),CLEAR,DRY,"",FOUR-WAY INTERSECTION,STRAIGHT/LEVEL,ASPHALT,IMPROPER TURNING,OPPOSITE DIRECTION SIDESWIPE,NWALNUTSTW7THST,TRAFFIC CONTROL SIGNAL
1858,MONROE SD,BLOOMINGTON,2021-06-18T00:00:00,12:00 PM,1,0,3,0,0,"","","",S GARRISON CHAPEL RD,"","",1000,S,39.16101331,-86.64835235,LOCAL/CITY ROAD,N,RURAL,N,N,N,"",DAYLIGHT,CLEAR,DRY,"",T-INTERSECTION,CURVE/LEVEL,ASPHALT,UNSAFE SPEED,RAN OFF ROAD,GARRISONCHAPELRDSTATE48RD,NONE
1859,ELLETTSVILLE PD,ELLETTSVILLE,2021-06-18T00:00:00,1:35 PM,2,0,0,0,0,"","","",N UNION VALLEY RD,W LYNWEST DR,"",,"",39.2160693,-86.5926522,LOCAL/CITY ROAD,N,URBAN,N,N,N,"",DAYLIGHT,CLEAR,DRY,"",T-INTERSECTION,STRAIGHT/GRADE,ASPHALT,FAILURE TO YIELD RIGHT OF WAY,LEFT TURN,LYNWESTDRUNIONVALLEYRD,NONE
1860,INDIANA UNIV BLOOMINGTON PD,BLOOMINGTON,2021-06-18T00:00:00,8:30 PM,1,0,1,0,0,"","","",E 3RD ST,S INDIANA AVE,"",,"",39.164287,-86.526904,LOCAL/CITY ROAD,N,URBAN,N,N,N,"",DAWN/DUSK,RAIN,WET,"",FOUR-WAY INTERSECTION,STRAIGHT/LEVEL,ASPHALT,RAN OFF ROAD RIGHT,RAN OFF ROAD,INDIANAAVETHIRDST,STOP SIGN
1861,MONROE SD,BLOOMINGTON,2021-06-18T00:00:00,8:40 PM,1,0,0,0,0,"","","",I-69 S,"","",,"",0,0,INTERSTATE,N,RURAL,N,Y,N,"",DAWN/DUSK,RAIN,WET,"",NO JUNCTION INVOLVED,STRAIGHT/GRADE,ASPHALT,RAN OFF ROAD RIGHT,RAN OFF ROAD,I69S130.0,NONE
1862,BLOOMINGTON PD,BLOOMINGTON,2021-06-18T00:00:00,8:50 PM,2,0,0,0,0,"","","",E HILLSIDE DR,S WOODLAWN AVE,"",,"",39.150521,-86.522627,LOCAL/CITY ROAD,N,URBAN,N,N,N,"",DARK (NOT LIGHTED),CLOUDY,WET,"",NO JUNCTION INVOLVED,STRAIGHT/LEVEL,ASPHALT,FAILURE TO YIELD RIGHT OF WAY,RIGHT ANGLE,EHILLSODEDRSWOODLAWNAVE,STOP SIGN
1863,MONROE SD,BLOOMINGTON,2021-06-18T00:00:00,11:11 PM,1,0,0,0,0,"","","",W BLOOMFIELD RD,S RANSOM LN,"",,"",39.15927,-86.555261,LOCAL/CITY ROAD,N,URBAN,N,N,N,"",DARK (NOT LIGHTED),RAIN,WATER (STANDING OR MOVING),"",NO JUNCTION INVOLVED,CURVE/LEVEL,ASPHALT,ROADWAY SURFACE CONDITION,RAN OFF ROAD,2NDSTRANSOMLN,NONE