_id,Agency,City,Collision Date,Collision Time,Vehicles Involved,Trailers Involved,Number Injured,Number Dead,Number Deer,House Number,Roadway Interchange,Roadway Ramp,Roadway Id,Intersecting Road,Interchange,Feet From,Direction,Latitude,Longitude,Roadway Class,Hit and Run?,Locality,School Zone?,Rumble Strips?,Construction?,Construction Type,Light Condition,Weather Conditions,Surface Condition,Type of Median,Roadway Junction Type,Road Character,Roadway Surface,Primary Factor,Manner of Collision,Unique Location Id,Traffic Control
1864,BLOOMINGTON PD,BLOOMINGTON,2021-06-18T00:00:00,11:40 PM,1,0,0,1,0,"","","",S COLLEGE AVE,E DODDS ST,"",,"",39.157568,-86.534896,LOCAL/CITY ROAD,N,URBAN,N,N,N,"",DARK (NOT LIGHTED),RAIN,WATER (STANDING OR MOVING),"",T-INTERSECTION,CURVE/LEVEL,ASPHALT,ROADWAY SURFACE CONDITION,NON-COLLISION,EDODDSSTSTSCOLLEGEAVEAVE,NONE
1865,MONROE SD,BLOOMINGTON,2021-06-17T00:00:00,12:54 AM,1,0,1,0,0,"","","",W LEONARD SPRINGS RD,S DUNCAN RD,"",100,W,39.122352,-86.5964,LOCAL/CITY ROAD,N,RURAL,N,N,N,"",DARK (NOT LIGHTED),CLEAR,DRY,"",T-INTERSECTION,STRAIGHT/GRADE,ASPHALT,RAN OFF ROAD RIGHT,RAN OFF ROAD,SOUTHDUNCANRDWESTLEONARDSPRINGSRD,NONE
1866,INDIANA UNIV BLOOMINGTON PD,BLOOMINGTON,2021-06-17T00:00:00,1:15 AM,1,0,0,0,0,"","","",S JORDAN AVE,E 3RD ST,"",,"",39.164263,-86.516394,"",Y,URBAN,N,N,N,"",DARK (LIGHTED),CLEAR,DRY,"",NO JUNCTION INVOLVED,STRAIGHT/LEVEL,ASPHALT,OTHER (DRIVER) - EXPLAIN IN NARRATIVE,RAN OFF ROAD,JORDANAVETHIRDST,NONE
1867,INDIANA UNIV BLOOMINGTON PD,BLOOMINGTON,2021-06-17T00:00:00,9:15 AM,2,0,0,0,0,"","","",SR 45/46,E 10TH ST,"",,"",0,0,STATE ROAD,N,URBAN,N,N,N,"",DAYLIGHT,CLEAR,DRY,"",FOUR-WAY INTERSECTION,STRAIGHT/LEVEL,ASPHALT,IMPROPER TURNING,LEFT TURN,SR45SR46,TRAFFIC CONTROL SIGNAL
1868,ELLETTSVILLE PD,ELLETTSVILLE,2021-06-17T00:00:00,1:45 PM,2,0,0,0,0,"","","",SR 46,N UNION VALLEY RD,"",,"",39.215152,-86.5928,STATE ROAD,N,URBAN,N,N,N,"",DAYLIGHT,CLEAR,DRY,"",T-INTERSECTION,STRAIGHT/GRADE,ASPHALT,FAILURE TO YIELD RIGHT OF WAY,RIGHT ANGLE,SR46WUNIONVALLEYRD,TRAFFIC CONTROL SIGNAL
1869,BLOOMINGTON PD,BLOOMINGTON,2021-06-17T00:00:00,3:10 PM,1,0,1,0,0,1350,"","",W BLOOMFIELD RD,S DOLIMAH AVE,"",,"",39.15998862,-86.55307876,LOCAL/CITY ROAD,N,URBAN,N,N,N,"",DAYLIGHT,CLEAR,DRY,"",Y-INTERSECTION,STRAIGHT/LEVEL,ASPHALT,PEDESTRIAN ACTION,RIGHT TURN,WBLOOMFIELDRD,STOP SIGN
1870,INDIANA UNIV BLOOMINGTON PD,BLOOMINGTON,2021-06-17T00:00:00,3:15 PM,2,0,0,0,0,"","","",E JONES AVE,"","",,"",0,0,LOCAL/CITY ROAD,N,URBAN,N,N,N,"",DAYLIGHT,CLEAR,DRY,"",NO JUNCTION INVOLVED,STRAIGHT/LEVEL,ASPHALT,UNSAFE BACKING,BACKING CRASH,EJONESAVETHIRDST,NONE
1871,MONROE SD,BLOOMINGTON,2021-06-17T00:00:00,3:39 PM,2,1,0,0,0,"","","",SR 48,N OARD RD,"",,"",39.164848,-86.62,STATE ROAD,N,RURAL,N,N,N,"",DAYLIGHT,CLEAR,DRY,"",T-INTERSECTION,STRAIGHT/LEVEL,ASPHALT,INSECURE/LEAKY LOAD,COLLISION WITH OBJECT IN ROAD,NOARDRDSR48W,NONE
1872,MONROE SD,BLOOMINGTON,2021-06-17T00:00:00,5:31 PM,1,0,1,0,0,"","","",SR 446,"","",2000,S,39.02880379,-86.40804595,STATE ROAD,N,RURAL,N,N,N,"",DAYLIGHT,CLEAR,DRY,"",T-INTERSECTION,CURVE/LEVEL,ASPHALT,RAN OFF ROAD RIGHT,RAN OFF ROAD,EALLENSCREEKRDSR446N,NONE
1873,MONROE SD,BLOOMINGTON,2021-06-17T00:00:00,7:51 PM,1,0,0,0,0,"","","",S ADAMS ST,W MILLENNIUM PARK DR,"",,"",39.1529197,-86.5523785,COUNTY ROAD,N,URBAN,N,N,N,"",DAYLIGHT,CLEAR,DRY,"",NO JUNCTION INVOLVED,STRAIGHT/HILLCREST,ASPHALT,RAN OFF ROAD RIGHT,RAN OFF ROAD,SADAMSSTWMILLENNIUMPARKDR,NONE
1874,ELLETTSVILLE PD,ELLETTSVILLE,2021-06-17T00:00:00,8:20 PM,1,0,0,0,0,3601,"","",SR 46,S BLUE SKY,"",,"",39.210316,-86.58398,UNKNOWN,N,URBAN,N,N,N,"",DAWN/DUSK,CLEAR,DRY,"",NO JUNCTION INVOLVED,STRAIGHT/LEVEL,ASPHALT,IMPROPER TURNING,RAN OFF ROAD,WESTSTRD46HWY,NONE
1875,BLOOMINGTON PD,BLOOMINGTON,2021-06-16T00:00:00,3:14 AM,2,0,1,0,0,"","","",S HENDERSON ST,E ATWATER AVE,"",,"",39.163344,-86.5272,LOCAL/CITY ROAD,N,URBAN,N,N,N,"",DARK (LIGHTED),CLEAR,DRY,"",FOUR-WAY INTERSECTION,STRAIGHT/LEVEL,ASPHALT,FAILURE TO YIELD RIGHT OF WAY,RIGHT ANGLE,EATWATERAVESHENDERSONST,TRAFFIC CONTROL SIGNAL
1876,ISP INDIANAPOLIS 52,BLOOMINGTON,2021-06-16T00:00:00,7:13 AM,1,,1,0,0,"","","",I-69 S,SR 45/46,"",0,"",39.18378814,-86.55627159,INTERSTATE,"",URBAN,N,N,N,"",DAYLIGHT,CLEAR,DRY,"",NO JUNCTION INVOLVED,"",ASPHALT,OVERCORRECTING/OVERSTEERING,OTHER - EXPLAIN IN NARRATIVE,I-69120,""
1877,MONROE SD,BLOOMINGTON,2021-06-16T00:00:00,10:18 AM,2,0,1,0,0,"","","",W VERNAL PIKE,N CURRY PIKE,"",,"",39.179248,-86.5832,LOCAL/CITY ROAD,N,RURAL,N,N,N,"",DAYLIGHT,CLEAR,DRY,"",FOUR-WAY INTERSECTION,STRAIGHT/GRADE,ASPHALT,OTHER (DRIVER) - EXPLAIN IN NARRATIVE,REAR END,NCURRYPIKEWVERNALPIKE,TRAFFIC CONTROL SIGNAL
1878,BLOOMINGTON PD,BLOOMINGTON,2021-06-16T00:00:00,2:03 PM,2,0,0,0,0,"","","",SR 46,KINGSTON DR S,"",,"",39.16424,-86.492944,LOCAL/CITY ROAD,N,URBAN,N,N,N,"",DAYLIGHT,CLEAR,DRY,"",FOUR-WAY INTERSECTION,STRAIGHT/LEVEL,ASPHALT,IMPROPER LANE USAGE,SAME DIRECTION SIDESWIPE,E3RDSTSKINGSTONDR,TRAFFIC CONTROL SIGNAL
1879,BLOOMINGTON PD,BLOOMINGTON,2021-06-16T00:00:00,4:36 PM,2,0,0,0,0,"","","",E WINSLOW RD,S WALNUT ST,"",100,E,39.136144,-86.528688,LOCAL/CITY ROAD,N,URBAN,N,N,N,"",DAYLIGHT,CLEAR,DRY,"",NO JUNCTION INVOLVED,STRAIGHT/LEVEL,ASPHALT,FAILURE TO YIELD RIGHT OF WAY,RIGHT ANGLE,EASTWINSLOWRDSOUTHWALNUTST,LANE CONTROL
1880,MONROE SD,BLOOMINGTON,2021-06-15T00:00:00,7:59 AM,1,0,0,0,0,"","","",SR 446,E PINE GROVE RD,"",,"",39.116464,-86.428672,STATE ROAD,N,RURAL,N,N,N,"",DAYLIGHT,CLEAR,DRY,"",T-INTERSECTION,CURVE/GRADE,ASPHALT,RAN OFF ROAD RIGHT,RAN OFF ROAD,PINEGROVERDSR446S,NONE
1881,ELLETTSVILLE PD,ELLETTSVILLE,2021-06-15T00:00:00,8:55 AM,2,0,0,0,0,"","","",SR 46,"","",4000,E,39.24600354,-86.64279661,STATE ROAD,N,RURAL,N,N,N,"",DAYLIGHT,CLEAR,DRY,"",NO JUNCTION INVOLVED,STRAIGHT/LEVEL,ASPHALT,LEFT OF CENTER,OPPOSITE DIRECTION SIDESWIPE,FLATWOODSRDSR46W,LANE CONTROL
1882,BLOOMINGTON PD,BLOOMINGTON,2021-06-15T00:00:00,4:16 PM,2,0,0,0,0,"","","",E UNIVERSITY ST,S HENDERSON ST,"",,"",39.16032,-86.527136,LOCAL/CITY ROAD,N,URBAN,N,N,N,"",DAYLIGHT,CLEAR,DRY,"",FOUR-WAY INTERSECTION,STRAIGHT/GRADE,ASPHALT,FAILURE TO YIELD RIGHT OF WAY,RIGHT ANGLE,EASTUNIVERSITYSTSOUTHHENDERSONST,STOP SIGN
1883,BLOOMINGTON PD,BLOOMINGTON,2021-06-15T00:00:00,4:39 PM,2,0,0,0,0,"","","",S WALKER ST,W 2ND ST,"",100,S,39.15085741,-86.546144,LOCAL/CITY ROAD,N,URBAN,N,N,N,"",DAYLIGHT,CLEAR,DRY,"",NO JUNCTION INVOLVED,STRAIGHT/LEVEL,ASPHALT,FAILURE TO YIELD RIGHT OF WAY,RIGHT ANGLE,SOUTHWALKERSTWESTSECONDST,NONE
1884,BLOOMINGTON PD,BLOOMINGTON,2021-06-15T00:00:00,5:10 PM,2,0,1,0,0,"","","",S WALNUT ST,W GORDON PIKE,"",100,N,39.12144,-86.526496,LOCAL/CITY ROAD,N,URBAN,N,N,N,"",DAYLIGHT,CLEAR,DRY,"",FOUR-WAY INTERSECTION,STRAIGHT/LEVEL,CONCRETE,FAILURE TO YIELD RIGHT OF WAY,RIGHT ANGLE,EASTRHORERRDSOUTHWALNUTST,NONE
1885,BLOOMINGTON PD,BLOOMINGTON,2021-06-14T00:00:00,1:23 PM,2,0,0,0,0,"","","",S COLLEGE MALL RD,SR 46,"",,"",39.16424,-86.4984,LOCAL/CITY ROAD,N,URBAN,N,N,N,"",DAYLIGHT,CLEAR,DRY,"",FOUR-WAY INTERSECTION,STRAIGHT/LEVEL,ASPHALT,FOLLOWING TOO CLOSELY,REAR END,COLLEGEMALLRDE3RDST,TRAFFIC CONTROL SIGNAL
1886,INDIANA UNIV BLOOMINGTON PD,BLOOMINGTON,2021-06-14T00:00:00,4:40 PM,2,0,0,0,0,"","","",S SWAIN AVE,E 3RD ST,"",,"",39.164261,-86.515275,LOCAL/CITY ROAD,N,URBAN,N,N,N,"",DAYLIGHT,CLEAR,DRY,"",T-INTERSECTION,STRAIGHT/LEVEL,ASPHALT,IMPROPER TURNING,SAME DIRECTION SIDESWIPE,SWAINAVETHIRDST,NONE
1887,BLOOMINGTON PD,BLOOMINGTON,2021-06-14T00:00:00,4:48 PM,2,0,0,0,0,"","","",S OAKDALE DR,W BLOOMFIELD RD,"",,"",39.1497231,-86.5688429,LOCAL/CITY ROAD,Y,URBAN,N,N,N,"",DAYLIGHT,CLEAR,DRY,"",FOUR-WAY INTERSECTION,STRAIGHT/LEVEL,ASPHALT,IMPROPER TURNING,LEFT TURN,SOAKDALEDRWBLOOMFIELDRD,TRAFFIC CONTROL SIGNAL
1888,MONROE SD,BLOOMINGTON,2021-06-14T00:00:00,7:33 PM,1,0,0,0,0,"","","",SR 45,E CHAPEL RD,"",100,E,0,0,STATE ROAD,N,RURAL,N,N,N,"",DAYLIGHT,CLEAR,DRY,"",T-INTERSECTION,CURVE/LEVEL,ASPHALT,RAN OFF ROAD RIGHT,RAN OFF ROAD,ECHAPELRDSR45W,NONE
1889,MONROE SD,BLOOMINGTON,2021-06-14T00:00:00,9:46 PM,1,0,0,0,0,"","","",W HOBART RD,S OLD SR 37,"",100,W,39.01375547,-86.54115176,LOCAL/CITY ROAD,N,RURAL,N,N,N,"",DARK (NOT LIGHTED),CLEAR,DRY,"",NO JUNCTION INVOLVED,CURVE/GRADE,ASPHALT,RAN OFF ROAD RIGHT,RAN OFF ROAD,HOBARTRDSOLDSR37RD,NONE
1890,DNR LAW ENFORCEMENT,"",2021-06-13T00:00:00,12:30 AM,1,,1,0,0,4850,"","",ENRANCE TO PAYNETOWN STATE PARK CAMPGROUND,"","",0,"",39.08227362,-86.43503775,"","",RURAL,N,N,N,"",DARK (NOT LIGHTED),CLEAR,DRY,"",Y-INTERSECTION,"",ASPHALT,DRIVER DISTRACTED - EXPLAIN IN NARRATIVE,OTHER - EXPLAIN IN NARRATIVE,STATEROAD446,""
1891,BLOOMINGTON PD,BLOOMINGTON,2021-06-13T00:00:00,4:05 PM,2,0,1,0,0,"","","",SR 48,W 3RD ST (ENTRANCE TO WHITEHALL CROSSING),"",150,E,39.164606,-86.57914398,LOCAL/CITY ROAD,N,URBAN,N,N,N,"",DAYLIGHT,CLEAR,DRY,"",NO JUNCTION INVOLVED,STRAIGHT/GRADE,ASPHALT,FOLLOWING TOO CLOSELY,REAR END,SLIBERTYDRW3RDST,YIELD SIGN
1892,BLOOMINGTON PD,BLOOMINGTON,2021-06-13T00:00:00,6:30 PM,3,0,0,0,0,"","","",N COLLEGE AVE,W 6TH ST,"",,"",39.167648,-86.534784,LOCAL/CITY ROAD,Y,"",N,N,N,"",DAYLIGHT,CLEAR,DRY,"",FOUR-WAY INTERSECTION,STRAIGHT/LEVEL,ASPHALT,UNSAFE LANE MOVEMENT,SAME DIRECTION SIDESWIPE,6THSTCOLLEGEAVE,TRAFFIC CONTROL SIGNAL
1893,BLOOMINGTON PD,BLOOMINGTON,2021-06-13T00:00:00,9:25 PM,1,0,0,0,1,"","","",I-69 N,W TAPP RD,"",5,N,0,0,INTERSTATE,N,URBAN,N,N,N,"",DARK (LIGHTED),CLEAR,DRY,"",NO JUNCTION INVOLVED,STRAIGHT/GRADE,ASPHALT,ANIMAL/OBJECT IN ROADWAY,COLLISION WITH DEER,I69N116.0,NONE
1894,BLOOMINGTON PD,BLOOMINGTON,2021-06-13T00:00:00,11:20 PM,1,0,1,0,0,"","","",E WINSLOW RD,S WALNUT ST PIKE,"",,"",39.135969,-86.528794,LOCAL/CITY ROAD,Y,URBAN,N,N,N,"",DARK (LIGHTED),CLEAR,DRY,"",T-INTERSECTION,STRAIGHT/LEVEL,ASPHALT,UNSAFE SPEED,OTHER - EXPLAIN IN NARRATIVE,EWINSLOWRDSWALNUTSTPIKE,NONE
1895,BLOOMINGTON PD,BLOOMINGTON,2021-06-12T00:00:00,3:26 AM,2,0,0,0,0,"","","",W 4TH ST,"","",100,E,39.165712,-86.542096,LOCAL/CITY ROAD,N,URBAN,N,N,N,"",DARK (NOT LIGHTED),CLEAR,DRY,"",NO JUNCTION INVOLVED,STRAIGHT/LEVEL,ASPHALT,IMPROPER LANE USAGE,RIGHT ANGLE,SMAPLESTW4THST,NONE
1896,DNR LAW ENFORCEMENT,BLOOMINGTON,2021-06-12T00:00:00,6:04 AM,3,,1,0,0,"","","",CUTRIGHT STATE RECREATION AREA RD,"","",0,"",39.06942627,-86.41577429,STATE ROAD,"",RURAL,N,N,N,"",DAYLIGHT,CLEAR,DRY,"",NO JUNCTION INVOLVED,"",CONCRETE,DRIVER DISTRACTED - EXPLAIN IN NARRATIVE,HEAD ON BETWEEN TWO MOTOR VEHICLES,StateRd446,""
1897,MONROE SD,BLOOMINGTON,2021-06-12T00:00:00,8:50 AM,1,0,2,0,0,5094,"","",SR 45,"","",500,N,39.23076054,-86.42586167,STATE ROAD,N,RURAL,N,N,N,"",DAYLIGHT,CLEAR,DRY,"",NO JUNCTION INVOLVED,CURVE/GRADE,ASPHALT,RAN OFF ROAD RIGHT,RAN OFF ROAD,NMOUNTGILEADRDSR45E,NO PASSING ZONE
1898,MONROE SD,BLOOMINGTON,2021-06-12T00:00:00,2:33 PM,1,0,0,0,0,"","","",SR 46,N GETTYS CREEK RD,"",100,W,39.16292863,-86.41477489,STATE ROAD,N,RURAL,N,N,N,"",DAYLIGHT,CLEAR,DRY,"",T-INTERSECTION,STRAIGHT/LEVEL,ASPHALT,INSECURE/LEAKY LOAD,NON-COLLISION,NGETTYSCREEKRDSR46E,NONE
1899,MONROE SD,BLOOMINGTON,2021-06-12T00:00:00,11:35 PM,2,0,2,0,0,"","","",SR 37,W SMITHVILLE RD,"",,"",39.071056,-86.5356,STATE ROAD,N,RURAL,N,N,N,"",DARK (NOT LIGHTED),CLEAR,DRY,"",FOUR-WAY INTERSECTION,STRAIGHT/LEVEL,ASPHALT,FAILURE TO YIELD RIGHT OF WAY,RIGHT ANGLE,SMITHVILLERDSR37S,STOP SIGN
1900,BLOOMINGTON PD,BLOOMINGTON,2021-06-11T00:00:00,3:41 AM,1,0,0,0,0,"","","",S CURRY PIKE,W ROLL AVE,"",100,S,39.14716534,-86.582592,LOCAL/CITY ROAD,N,RURAL,N,N,N,"",DARK (LIGHTED),CLEAR,DRY,"",NO JUNCTION INVOLVED,STRAIGHT/LEVEL,ASPHALT,RAN OFF ROAD RIGHT,RAN OFF ROAD,CURRYPIKEROLLAVE,LANE CONTROL
1901,MONROE SD,ELLETTSVILLE,2021-06-11T00:00:00,7:18 AM,2,0,0,0,0,"","","",SR 46,W ARLINGTON RD,"",,"",39.207648,-86.573792,STATE ROAD,N,URBAN,N,N,N,"",DAWN/DUSK,FOG/SMOKE/SMOG,DRY,"",FOUR-WAY INTERSECTION,STRAIGHT/LEVEL,ASPHALT,DRIVER DISTRACTED - EXPLAIN IN NARRATIVE,REAR END,NARLINGTONRDSR46W,TRAFFIC CONTROL SIGNAL
1902,ELLETTSVILLE PD,ELLETTSVILLE,2021-06-11T00:00:00,11:21 AM,2,0,0,0,0,"","","",SR 46,N BRIAR GATE DR,"",70,W,39.216569,-86.59632793,STATE ROAD,N,URBAN,N,N,N,"",DAYLIGHT,CLEAR,DRY,"",NO JUNCTION INVOLVED,STRAIGHT/LEVEL,ASPHALT,FAILURE TO YIELD RIGHT OF WAY,RIGHT ANGLE,BRIARGATEDRSR46W,LANE CONTROL
1903,BLOOMINGTON PD,BLOOMINGTON,2021-06-11T00:00:00,12:41 PM,2,0,0,0,0,"","","",SR 48,S GATES DR,"",,"",0,0,LOCAL/CITY ROAD,N,URBAN,N,N,N,"",DAYLIGHT,CLEAR,DRY,"",FOUR-WAY INTERSECTION,STRAIGHT/LEVEL,ASPHALT,IMPROPER LANE USAGE,SAME DIRECTION SIDESWIPE,NGATESDRWTHIRDST,TRAFFIC CONTROL SIGNAL
1904,BLOOMINGTON PD,BLOOMINGTON,2021-06-11T00:00:00,2:30 PM,2,0,0,0,0,"","","",S HIGHLAND AVE,E HILLSIDE DR,"",300,S,39.11881807,-86.516971,LOCAL/CITY ROAD,Y,URBAN,N,N,N,"",DAYLIGHT,CLEAR,DRY,"",NO JUNCTION INVOLVED,STRAIGHT/GRADE,ASPHALT,IMPROPER LANE USAGE,SAME DIRECTION SIDESWIPE,HIGHLANDAVEHILLSIDEDR,NONE
1905,ELLETTSVILLE PD,ELLETTSVILLE,2021-06-11T00:00:00,3:54 PM,2,0,0,0,0,"","","",SR 46,N CENTENNIAL DR,"",,"",39.210144,-86.5832,STATE ROAD,N,URBAN,N,N,N,"",DAYLIGHT,RAIN,WET,"",FOUR-WAY INTERSECTION,STRAIGHT/GRADE,ASPHALT,FAILURE TO YIELD RIGHT OF WAY,RIGHT ANGLE,SMITHPIKEPIKESR46W,TRAFFIC CONTROL SIGNAL
1906,ISP BLOOMINGTON 33,BLOOMINGTON,2021-06-11T00:00:00,4:20 PM,2,,0,0,0,"","","",S CURRY PIKE,W GRAND AVE,"",0,"",39.16651717,-86.58299437,LOCAL/CITY ROAD,"",URBAN,N,N,N,"",DAYLIGHT,RAIN,WET,"",T-INTERSECTION,"",ASPHALT,FAILURE TO YIELD RIGHT OF WAY,LEFT TURN,WGrandAveSCurryPike,""
1907,MONROE SD,BLOOMINGTON,2021-06-11T00:00:00,4:30 PM,2,0,0,0,0,"","","",N PROFILE PKWY,W ZENITH DR,"",0,S,39.170452,-86.592414,LOCAL/CITY ROAD,N,URBAN,N,N,N,"",DAYLIGHT,RAIN,WET,"",FOUR-WAY INTERSECTION,STRAIGHT/LEVEL,ASPHALT,UNSAFE SPEED,RIGHT ANGLE,NPROFILEPKWYWZENITHDR,STOP SIGN
1908,MONROE SD,BLOOMINGTON,2021-06-11T00:00:00,5:50 PM,1,0,2,0,0,"","","",E ROBINSON RD,"","",5000,W,39.240641,-86.44275178,LOCAL/CITY ROAD,N,URBAN,N,N,N,"",DAYLIGHT,CLOUDY,WET,"",NO JUNCTION INVOLVED,CURVE/LEVEL,ASPHALT,UNSAFE SPEED,RAN OFF ROAD,ENEHRTRDEROBINSONRD,LANE CONTROL
1909,BLOOMINGTON PD,BLOOMINGTON,2021-06-11T00:00:00,6:20 PM,2,0,0,0,0,"","","",W COUNTRY CLUB DR,ENTRANCE TO FAIRWAY APARTMENTS,"",200,W,39.136219,-86.54480969,LOCAL/CITY ROAD,N,URBAN,N,N,N,"",DAYLIGHT,CLEAR,WET,"",T-INTERSECTION,STRAIGHT/GRADE,ASPHALT,FOLLOWING TOO CLOSELY,REAR END,SOUTHBANTAAVEWESTCOUNTRYCLUBDR,LANE CONTROL
1910,BLOOMINGTON PD,BLOOMINGTON,2021-06-11T00:00:00,11:55 PM,2,0,0,0,0,"","","",S COLLEGE MALL RD,E MOORES PIKE,"",,"",39.1504793,-86.4983465,LOCAL/CITY ROAD,N,URBAN,N,N,N,"",DARK (LIGHTED),CLEAR,DRY,"",FOUR-WAY INTERSECTION,STRAIGHT/LEVEL,ASPHALT,FOLLOWING TOO CLOSELY,REAR END,EMOORESPIKESCOLLEGEMALLRD,TRAFFIC CONTROL SIGNAL
1911,MONROE SD,BLOOMINGTON,2021-06-10T00:00:00,2:46 PM,2,0,0,0,0,"","","",S DUNLAP RD,"","",1000,N,39.21343819,-86.619624,COUNTY ROAD,N,RURAL,N,N,N,"",DAYLIGHT,CLEAR,DRY,"",NO JUNCTION INVOLVED,STRAIGHT/GRADE,ASPHALT,IMPROPER LANE USAGE,OPPOSITE DIRECTION SIDESWIPE,DUNLAPRDISONRD,NONE
1912,MONROE SD,ELLETTSVILLE,2021-06-10T00:00:00,7:18 PM,1,0,1,0,0,"","","",N SMITH PIKE,SR 46,"",,"",0,0,UNKNOWN,N,RURAL,N,N,N,"",DAYLIGHT,CLOUDY,WET,"",FOUR-WAY INTERSECTION,STRAIGHT/LEVEL,ASPHALT,UNSAFE SPEED,RAN OFF ROAD,NCENTENNIALDRSR46W,TRAFFIC CONTROL SIGNAL
1913,BLOOMINGTON PD,BLOOMINGTON,2021-06-10T00:00:00,10:58 PM,2,0,0,0,0,"","","",W TAPP RD,S ADAMS ST,"",,"",39.136676,-86.5544,LOCAL/CITY ROAD,N,URBAN,N,N,N,"",DAYLIGHT,CLOUDY,DRY,"",TRAFFIC CIRCLE/ROUNDABOUT,STRAIGHT/LEVEL,ASPHALT,FAILURE TO YIELD RIGHT OF WAY,REAR END,SADAMSSTWTAPPRD,YIELD SIGN
1914,MONROE SD,BLOOMINGTON,2021-06-09T00:00:00,10:40 AM,2,0,0,0,0,"","","",S WESTERN DR,W MIDDLE CT,"",100,N,39.17005906,-86.586868,LOCAL/CITY ROAD,N,URBAN,N,N,N,"",DAYLIGHT,CLOUDY,DRY,"",NO JUNCTION INVOLVED,STRAIGHT/LEVEL,ASPHALT,UNSAFE BACKING,BACKING CRASH,SOUTHWESTERNDRWESTMIDDLECT,NONE
1915,ISP BLOOMINGTON 33,BLOOMINGTON,2021-06-09T00:00:00,1:38 PM,1,,0,0,0,"","","",I-69 S,"","",0,"",39.20929338,-86.55397723,INTERSTATE,"",URBAN,N,N,N,"",DAYLIGHT,RAIN,WET,"",NO JUNCTION INVOLVED,"",ASPHALT,SPEED TOO FAST FOR WEATHER CONDITIONS,RAN OFF ROAD,I-69121.5,""
1916,MONROE SD,BLOOMINGTON,2021-06-09T00:00:00,1:48 PM,2,0,0,0,0,1674,"","",E MOFFETT LN,"","",,"",39.098542,-86.514229,UNKNOWN,N,RURAL,N,N,N,"",DAYLIGHT,CLOUDY,DRY,"",NO JUNCTION INVOLVED,NON-ROADWAY CRASH,ASPHALT,UNSAFE BACKING,BACKING CRASH,EMOFFETTLN,NONE
1917,MONROE SD,BLOOMINGTON,2021-06-09T00:00:00,3:43 PM,2,0,0,0,0,"","","",N HEADLEY RD,N HINKLE RD,"",,"",39.198039,-86.513288,COUNTY ROAD,N,RURAL,N,N,N,"",DAYLIGHT,CLOUDY,DRY,"",NO JUNCTION INVOLVED,CURVE/GRADE,ASPHALT,IMPROPER LANE USAGE,OPPOSITE DIRECTION SIDESWIPE,HEADLYRDHINKLERD,NONE
1918,BLOOMINGTON PD,BLOOMINGTON,2021-06-09T00:00:00,3:55 PM,2,0,1,0,0,"","","",S LIBERTY DR,ENTRANCE TO BLOOM INSURANCE,"",250,S,39.149552,-86.575936,LOCAL/CITY ROAD,N,URBAN,N,N,N,"",DAYLIGHT,RAIN,WET,"",NO JUNCTION INVOLVED,STRAIGHT/LEVEL,CONCRETE,FOLLOWING TOO CLOSELY,REAR END,SLIBERTYDRWCONSTITUTIONAVE,NONE
1919,MONROE SD,BLOOMINGTON,2021-06-09T00:00:00,4:17 PM,2,0,2,0,0,"","","",S WALNUT ST PIKE,E RHORER RD,"",,"",39.12144,-86.526496,LOCAL/CITY ROAD,N,URBAN,N,N,N,"",DAYLIGHT,RAIN,WET,"",FOUR-WAY INTERSECTION,STRAIGHT/GRADE,ASPHALT,DISREGARD SIGNAL/REG SIGN,RIGHT ANGLE,RHORERRDWALNUTSTREETPIKE,TRAFFIC CONTROL SIGNAL
1920,INDIANA UNIV BLOOMINGTON PD,BLOOMINGTON,2021-06-09T00:00:00,5:05 PM,3,0,1,0,0,"","","",SR 45,N PETE ELLIS DR,"",,"",0,0,STATE ROAD,N,URBAN,N,N,N,"",DAYLIGHT,RAIN,WET,"",NO JUNCTION INVOLVED,STRAIGHT/LEVEL,ASPHALT,SPEED TOO FAST FOR WEATHER CONDITIONS,REAR END,RANGERDSR45,NONE
1921,BLOOMINGTON PD,BLOOMINGTON,2021-06-09T00:00:00,5:25 PM,3,0,2,0,0,"","","",SR 45,N PETE ELLIS DR,"",200,E,39.171504,-86.495312,LOCAL/CITY ROAD,N,URBAN,N,N,N,"",DAYLIGHT,CLOUDY,WET,"",NO JUNCTION INVOLVED,STRAIGHT/LEVEL,ASPHALT,FOLLOWING TOO CLOSELY,LEFT TURN,E10THSTPETEELLISDR,LANE CONTROL
1922,BLOOMINGTON PD,BLOOMINGTON,2021-06-09T00:00:00,6:43 PM,2,0,0,0,0,"","",Y,W BLOOMFIELD RD,I-69 N,"",,"",0,0,LOCAL/CITY ROAD,N,URBAN,N,N,N,"",DAYLIGHT,CLEAR,DRY,"",T-INTERSECTION,STRAIGHT/GRADE,ASPHALT,FOLLOWING TOO CLOSELY,SAME DIRECTION SIDESWIPE,INTERSTATE69NORTHBOUNDRAMPSTWESTBLOOMFIELDRD,TRAFFIC CONTROL SIGNAL
1923,BLOOMINGTON PD,BLOOMINGTON,2021-06-08T00:00:00,5:40 AM,2,0,0,0,0,"","","",W HOWE ST,S FAIRVIEW ST,"",150,E,0,0,LOCAL/CITY ROAD,N,URBAN,N,N,N,"",DARK (NOT LIGHTED),CLEAR,DRY,"",NO JUNCTION INVOLVED,STRAIGHT/GRADE,ASPHALT,TRAFFIC CONTROL INOPERATIVE/MISSING/OBSC,OTHER - EXPLAIN IN NARRATIVE,2NDSTHOWEST,NONE