_id,Agency,City,Collision Date,Collision Time,Vehicles Involved,Trailers Involved,Number Injured,Number Dead,Number Deer,House Number,Roadway Interchange,Roadway Ramp,Roadway Id,Intersecting Road,Interchange,Feet From,Direction,Latitude,Longitude,Roadway Class,Hit and Run?,Locality,School Zone?,Rumble Strips?,Construction?,Construction Type,Light Condition,Weather Conditions,Surface Condition,Type of Median,Roadway Junction Type,Road Character,Roadway Surface,Primary Factor,Manner of Collision,Unique Location Id,Traffic Control
1924,BLOOMINGTON PD,BLOOMINGTON,2021-06-08T00:00:00,8:52 AM,2,0,0,0,0,"","","",N ROGERS ST,W 8TH ST,"",,"",39.169584,-86.538576,LOCAL/CITY ROAD,N,URBAN,Y,N,N,"",DAYLIGHT,CLOUDY,DRY,"",FOUR-WAY INTERSECTION,STRAIGHT/GRADE,ASPHALT,FAILURE TO YIELD RIGHT OF WAY,RIGHT ANGLE,400NROGERSSTW8THST,STOP SIGN
1925,BLOOMINGTON PD,BLOOMINGTON,2021-06-08T00:00:00,4:03 PM,1,0,1,0,0,"","","",SR 46,S CLARIZZ BLVD,"",,"",39.16424,-86.4908,LOCAL/CITY ROAD,N,URBAN,N,N,N,"",DAYLIGHT,RAIN,WET,"",FOUR-WAY INTERSECTION,STRAIGHT/LEVEL,ASPHALT,FAILURE TO YIELD RIGHT OF WAY,LEFT TURN,E3RDSTSCLARIZZBLVD,TRAFFIC CONTROL SIGNAL
1926,BLOOMINGTON PD,BLOOMINGTON,2021-06-08T00:00:00,4:33 PM,2,0,2,0,0,"","","",S LEONARD SPRINGS RD,W TAPP RD,"",,"",39.13704,-86.582512,LOCAL/CITY ROAD,N,URBAN,N,N,N,"",DAYLIGHT,RAIN,WET,"",T-INTERSECTION,STRAIGHT/GRADE,ASPHALT,FOLLOWING TOO CLOSELY,REAR END,SLEONARDSPRINGSRDWTAPPRD,NONE
1927,MONROE SD,BLOOMINGTON,2021-06-08T00:00:00,5:14 PM,1,0,0,0,0,"","","",S FAIRFAX RD,E SCHACHT RD,"",100,S,39.09632314,-86.523763,LOCAL/CITY ROAD,N,RURAL,N,Y,N,"",DAYLIGHT,CLOUDY,WET,"",T-INTERSECTION,CURVE/GRADE,ASPHALT,SPEED TOO FAST FOR WEATHER CONDITIONS,RAN OFF ROAD,ESCHACHTRDSFARIFAXRD,NONE
1928,BLOOMINGTON PD,BLOOMINGTON,2021-06-08T00:00:00,5:30 PM,2,0,0,0,0,"","","",S ROGERS ST,W SMITH AVE,"",30,N,39.16603319,-86.538679,LOCAL/CITY ROAD,N,URBAN,N,N,N,"",DAYLIGHT,RAIN,WET,"",NO JUNCTION INVOLVED,STRAIGHT/GRADE,ASPHALT,SPEED TOO FAST FOR WEATHER CONDITIONS,SAME DIRECTION SIDESWIPE,SROGERSSTWSMITHAVE,NONE
1929,BLOOMINGTON PD,BLOOMINGTON,2021-06-08T00:00:00,6:54 PM,2,0,0,0,0,500,"","",S LIBERTY DR,ENTRANCE TO WHITEHALL PLAZA,"",150,N,39.17891274,-86.5666167,LOCAL/CITY ROAD,N,URBAN,N,N,N,"",DAYLIGHT,RAIN,WET,"",FOUR-WAY INTERSECTION,STRAIGHT/GRADE,ASPHALT,FAILURE TO YIELD RIGHT OF WAY,RIGHT ANGLE,500SLIBERTYDRW3RDST,NONE
1930,INDIANA UNIV BLOOMINGTON PD,BLOOMINGTON,2021-06-08T00:00:00,6:54 PM,2,0,0,0,0,"","","",E 3RD ST,S SWAIN AVE,"",,"",39.164261,-86.515275,LOCAL/CITY ROAD,N,URBAN,N,N,N,"",DAYLIGHT,CLOUDY,WET,"",T-INTERSECTION,STRAIGHT/GRADE,ASPHALT,IMPROPER TURNING,RIGHT ANGLE,SWAINAVETHIRDST,NONE
1931,ISP BLOOMINGTON 33,BLOOMINGTON,2021-06-07T00:00:00,8:52 AM,2,,0,0,0,"","","",SR 46,N CURRY PIKE,"",100,W,39.19383684,-86.57149262,STATE ROAD,"",RURAL,N,N,N,"",DAYLIGHT,CLEAR,DRY,"",NO JUNCTION INVOLVED,"",ASPHALT,FOLLOWING TOO CLOSELY,REAR END,SR46approx100FtwestofCurryPike,""
1932,INDIANA UNIV BLOOMINGTON PD,BLOOMINGTON,2021-06-07T00:00:00,12:30 PM,3,0,0,0,0,"","","",SR 45/46,E DISCOVERY PKWY,"",,"",39.227137,-86.61521799,STATE ROAD,N,URBAN,N,N,N,"",DAYLIGHT,CLEAR,DRY,"",T-INTERSECTION,STRAIGHT/LEVEL,ASPHALT,BRAKE FAILURE OR DEFECTIVE,REAR END,SR46DISCOVERYPKWY,TRAFFIC CONTROL SIGNAL
1933,ELLETTSVILLE PD,ELLETTSVILLE,2021-06-07T00:00:00,2:52 PM,2,0,3,0,0,"","","",SR 46,W FLATWOODS RD,"",200,E,39.25203404,-86.6534396,STATE ROAD,N,URBAN,N,N,N,"",DAYLIGHT,CLEAR,DRY,"",NO JUNCTION INVOLVED,CURVE/HILLCREST,ASPHALT,LEFT OF CENTER,HEAD ON BETWEEN TWO MOTOR VEHICLES,FLATWOODSRDSR46W,LANE CONTROL
1934,BLOOMINGTON PD,BLOOMINGTON,2021-06-07T00:00:00,5:40 PM,2,1,0,0,0,"","","",SR 45/46,N WALNUT ST,"",,"",39.11216507,-86.53495617,LOCAL/CITY ROAD,N,URBAN,N,N,N,"",DAYLIGHT,CLEAR,DRY,"",FOUR-WAY INTERSECTION,STRAIGHT/LEVEL,ASPHALT,DISREGARD SIGNAL/REG SIGN,LEFT TURN,COLLEGEAVESR4546RD,TRAFFIC CONTROL SIGNAL
1935,ISP BLOOMINGTON 33,BLOOMINGTON,2021-06-06T00:00:00,6:30 AM,1,,0,0,0,"","","",S VICTOR PIKE,W DILLMAN RD,"",0,"",39.0925352,-86.55936298,COUNTY ROAD,"",RURAL,N,N,N,"",DAWN/DUSK,CLEAR,DRY,"",NO JUNCTION INVOLVED,"",ASPHALT,OVERCORRECTING/OVERSTEERING,RAN OFF ROAD,VictorPikesouthofDillmanRoad,""
1936,ISP BLOOMINGTON 33,BLOOMINGTON,2021-06-06T00:00:00,4:10 PM,2,,0,0,0,"",Y,120,I-69 S,SR 46,Y,0,"",39.18201527,-86.55687351,INTERSTATE,"",RURAL,N,Y,N,"",DAYLIGHT,RAIN,WET,"",RAMP,"",ASPHALT,UNSAFE LANE MOVEMENT,SAME DIRECTION SIDESWIPE,SR46I-69,""
1937,INDIANA UNIV BLOOMINGTON PD,BLOOMINGTON,2021-06-06T00:00:00,4:15 PM,1,1,0,0,0,"","","",E 7TH ST,N WOODLAWN AVE,"",175,E,39.16862571,-86.52277482,LOCAL/CITY ROAD,N,URBAN,N,N,N,"",DAYLIGHT,CLOUDY,DRY,"",NO JUNCTION INVOLVED,STRAIGHT/LEVEL,ASPHALT,OBSTRUCTION NOT MARKED,OTHER - EXPLAIN IN NARRATIVE,7THSTWOODLAWNAVE,NONE
1938,BLOOMINGTON PD,BLOOMINGTON,2021-06-06T00:00:00,4:50 PM,2,0,0,0,0,"","","",S SMITH RD,E MOORES PIKE,"",,"",39.150206,-86.480449,LOCAL/CITY ROAD,N,URBAN,N,N,N,"",DAYLIGHT,RAIN,WET,"",NO JUNCTION INVOLVED,STRAIGHT/LEVEL,ASPHALT,FAILURE TO YIELD RIGHT OF WAY,RIGHT ANGLE,EMOORESPIKESSMITHRD,STOP SIGN
1939,MONROE SD,BLOOMINGTON,2021-06-06T00:00:00,6:30 PM,2,0,0,0,0,"","","",W WOODYARD RD,"","",2100,N,39.40369893,-86.5680764,LOCAL/CITY ROAD,N,RURAL,N,N,N,"",DAYLIGHT,CLOUDY,WET,"",NO JUNCTION INVOLVED,STRAIGHT/GRADE,ASPHALT,UNSAFE SPEED,REAR END,WGRIFFITHCTWWOODYARDRD,NONE
1940,BLOOMINGTON PD,BLOOMINGTON,2021-06-05T00:00:00,3:00 AM,2,0,0,0,0,"","","",N LINCOLN ST,E 7TH ST,"",,"",39.16864,-86.530992,LOCAL/CITY ROAD,Y,"",N,N,N,"",DARK (LIGHTED),CLEAR,DRY,"",FOUR-WAY INTERSECTION,STRAIGHT/LEVEL,ASPHALT,OTHER (DRIVER) - EXPLAIN IN NARRATIVE,REAR END,7THSTNLINCOLNST,NONE
1941,ELLETTSVILLE PD,ELLETTSVILLE,2021-06-05T00:00:00,7:21 AM,1,0,0,0,0,"","","",SR 46,W DEPOT ST,"",,"",39.232376,-86.620064,STATE ROAD,N,URBAN,N,N,N,"",DAYLIGHT,CLEAR,DRY,"",T-INTERSECTION,STRAIGHT/LEVEL,ASPHALT,RAN OFF ROAD RIGHT,RAN OFF ROAD,DEPOTRDSR46W,LANE CONTROL
1942,ELLETTSVILLE PD,ELLETTSVILLE,2021-06-05T00:00:00,10:53 AM,2,0,0,0,0,3585,"","",SR 46,ENTRANCE TO SPEEDWAY GAS STATION,"",,"",39.2512,-86.652504,STATE ROAD,Y,URBAN,N,N,N,"",DAYLIGHT,CLEAR,DRY,"",T-INTERSECTION,STRAIGHT/HILLCREST,ASPHALT,FAILURE TO YIELD RIGHT OF WAY,OPPOSITE DIRECTION SIDESWIPE,SR46W,STOP SIGN
1943,MONROE SD,BLOOMINGTON,2021-06-05T00:00:00,3:19 PM,2,0,0,0,0,"","","",N SMITH PIKE,W WOODYARD RD,"",,"",0,0,COUNTY ROAD,N,RURAL,N,N,N,"",DAYLIGHT,CLEAR,DRY,"",T-INTERSECTION,STRAIGHT/LEVEL,ASPHALT,FOLLOWING TOO CLOSELY,REAR END,NSMITHPIKEWWOODYARDRD,STOP SIGN
1944,MONROE SD,BLOOMINGTON,2021-06-05T00:00:00,3:30 PM,2,0,0,0,0,"","","",SR 45,W AIRPORT RD,"",,"",39.1364219,-86.5944056,STATE ROAD,N,RURAL,N,N,N,"",DAYLIGHT,CLEAR,DRY,"",T-INTERSECTION,STRAIGHT/GRADE,ASPHALT,BRAKE FAILURE OR DEFECTIVE,REAR END,AIRPORTRDSR45W,FLASHING OVERHEAD BEACON
1945,BLOOMINGTON PD,BLOOMINGTON,2021-06-05T00:00:00,6:51 PM,2,0,0,0,0,"","","",SR 46,KINGSTON DR S,"",40,W,39.16424,-86.492944,LOCAL/CITY ROAD,Y,URBAN,N,N,N,"",DAYLIGHT,CLEAR,DRY,"",NO JUNCTION INVOLVED,STRAIGHT/GRADE,ASPHALT,FOLLOWING TOO CLOSELY,REAR END,E3RDSTSKINGSTONDR,NONE
1946,BLOOMINGTON PD,BLOOMINGTON,2021-06-05T00:00:00,7:42 PM,2,0,2,0,0,"","","",SR 45,N WOODBRIDGE DR,"",,"",39.176848,-86.478192,LOCAL/CITY ROAD,N,URBAN,N,N,N,"",DAYLIGHT,CLEAR,DRY,"",NO JUNCTION INVOLVED,STRAIGHT/GRADE,ASPHALT,FAILURE TO YIELD RIGHT OF WAY,LEFT TURN,3200E10THSTE10THST,NONE
1947,MONROE SD,BLOOMINGTON,2021-06-04T00:00:00,7:35 AM,2,0,1,0,0,"","","",E EARL YOUNG RD,"","",500,S,39.225536,-86.454592,LOCAL/CITY ROAD,N,RURAL,N,N,N,"",DAWN/DUSK,CLEAR,WET,"",NO JUNCTION INVOLVED,STRAIGHT/GRADE,ASPHALT,LEFT OF CENTER,HEAD ON BETWEEN TWO MOTOR VEHICLES,EEARLYOUNGRDEWELLSTONDR,NONE
1948,BLOOMINGTON PD,BLOOMINGTON,2021-06-04T00:00:00,7:38 AM,3,0,1,0,0,"","","",SR 45,W INDUSTRIAL BLVD,"",,"",39.143552,-86.580528,STATE ROAD,N,URBAN,N,N,N,"",DAYLIGHT,CLEAR,DRY,"",FOUR-WAY INTERSECTION,STRAIGHT/GRADE,ASPHALT,FOLLOWING TOO CLOSELY,REAR END,INDUSTRIALDRSR45W,LANE CONTROL
1949,MONROE SD,ELLETTSVILLE,2021-06-04T00:00:00,9:16 AM,1,0,0,0,0,"","","",W MEADOWVALE DR,N UNION VALLEY RD,"",,"",39.2271534,-86.5926429,LOCAL/CITY ROAD,N,URBAN,N,N,N,"",DAYLIGHT,CLEAR,DRY,"",T-INTERSECTION,STRAIGHT/GRADE,ASPHALT,OTHER (ENVIRONMENTAL) - EXPLAIN IN NARR,COLLISION WITH OBJECT IN ROAD,NUNIONVALLEYRDWMEADOWVALEDR,STOP SIGN
1950,BLOOMINGTON PD,BLOOMINGTON,2021-06-04T00:00:00,9:56 AM,2,0,1,0,0,"","","",N MAPLE ST,W 15TH ST,"",,"",39.17664,-86.542096,LOCAL/CITY ROAD,N,URBAN,N,N,N,"",UNKNOWN,CLEAR,DRY,"",FOUR-WAY INTERSECTION,STRAIGHT/LEVEL,ASPHALT,FAILURE TO YIELD RIGHT OF WAY,RIGHT ANGLE,NMAPLESTW15THST,STOP SIGN
1951,BLOOMINGTON PD,BLOOMINGTON,2021-06-04T00:00:00,12:20 PM,2,0,0,0,0,"","","",N WALNUT ST,W OLD SR 37,"",,"",39.184544,-86.534592,LOCAL/CITY ROAD,N,URBAN,N,N,N,"",DAYLIGHT,CLEAR,DRY,"",T-INTERSECTION,STRAIGHT/LEVEL,ASPHALT,IMPROPER TURNING,SAME DIRECTION SIDESWIPE,NCOLLEGEAVENWALNUTAVE,LANE CONTROL
1952,BLOOMINGTON PD,BLOOMINGTON,2021-06-04T00:00:00,12:35 PM,2,0,0,0,0,"","","",E WINSLOW RD,S WALNUT ST PIKE,"",,"",39.136144,-86.528688,LOCAL/CITY ROAD,N,URBAN,N,N,N,"",DAYLIGHT,CLEAR,DRY,"",FOUR-WAY INTERSECTION,STRAIGHT/LEVEL,ASPHALT,FAILURE TO YIELD RIGHT OF WAY,RIGHT ANGLE,EWINSLOWRDSWALNUTSTREETPIKE,STOP SIGN
1953,INDIANA UNIV BLOOMINGTON PD,BLOOMINGTON,2021-06-04T00:00:00,1:57 PM,2,0,0,0,0,"","","",SR 45/46,E 10TH ST,"",,"",0,0,STATE ROAD,N,URBAN,N,N,N,"",DAYLIGHT,CLEAR,DRY,"",NO JUNCTION INVOLVED,STRAIGHT/GRADE,ASPHALT,FOLLOWING TOO CLOSELY,REAR END,SR46UNIONVILLERD,TRAFFIC CONTROL SIGNAL
1954,MONROE SD,BLOOMINGTON,2021-06-04T00:00:00,3:15 PM,3,0,2,0,0,"","","",SR 46,E WOODVIEW DR,"",,"",39.152,-86.3812,STATE ROAD,Y,RURAL,N,N,N,"",DAYLIGHT,CLEAR,DRY,"",T-INTERSECTION,STRAIGHT/LEVEL,ASPHALT,IMPROPER LANE USAGE,HEAD ON BETWEEN TWO MOTOR VEHICLES,EWOODVIEWDRSR46E,NONE
1955,BLOOMINGTON PD,BLOOMINGTON,2021-06-04T00:00:00,5:29 PM,2,0,0,0,0,"","","",SR 45/46,N WALNUT ST,"",,"",39.186368,-86.5344,STATE ROAD,N,URBAN,N,N,N,"",DAYLIGHT,CLEAR,DRY,"",FOUR-WAY INTERSECTION,STRAIGHT/LEVEL,ASPHALT,FOLLOWING TOO CLOSELY,REAR END,NWALNUTSTSR46E,TRAFFIC CONTROL SIGNAL
1956,BLOOMINGTON PD,BLOOMINGTON,2021-06-04T00:00:00,5:34 PM,2,0,1,0,0,"","","",S LIBERTY DR,W CONSTITUTION AVE,"",,"",39.149552,-86.575936,LOCAL/CITY ROAD,N,URBAN,N,N,N,"",DAYLIGHT,CLEAR,DRY,"",T-INTERSECTION,STRAIGHT/GRADE,ASPHALT,FOLLOWING TOO CLOSELY,REAR END,SOUTHLIBERTYDRWESTCONSTITUTIONAVE,LANE CONTROL
1957,BLOOMINGTON PD,BLOOMINGTON,2021-06-04T00:00:00,6:39 PM,2,0,2,0,0,"","","",N KINSER PIKE,W PARRISH RD,"",,"",39.188144,-86.5376,LOCAL/CITY ROAD,N,URBAN,N,N,N,"",DAYLIGHT,CLEAR,DRY,"",T-INTERSECTION,STRAIGHT/LEVEL,ASPHALT,FAILURE TO YIELD RIGHT OF WAY,LEFT TURN,NKINSERPIKEWPARRISHRD,NONE
1958,BLOOMINGTON PD,BLOOMINGTON,2021-06-04T00:00:00,6:40 PM,1,0,1,0,0,"","","",E ARDEN DR,E WINDSOR DR,"",,"",39.14752,-86.509312,LOCAL/CITY ROAD,Y,URBAN,N,N,N,"",DAYLIGHT,CLEAR,DRY,"",T-INTERSECTION,CURVE/GRADE,CONCRETE,FAILURE TO YIELD RIGHT OF WAY,OTHER - EXPLAIN IN NARRATIVE,EASTARDENDREASTWINDSORDR,NONE
1959,BLOOMINGTON PD,BLOOMINGTON,2021-06-04T00:00:00,7:38 PM,2,0,0,0,0,"",Y,"",I-69 N,W BLOOMFIELD RD,"",500,N,0,0,INTERSTATE,N,URBAN,N,N,N,"",DAYLIGHT,CLEAR,DRY,"",NO JUNCTION INVOLVED,STRAIGHT/GRADE,ASPHALT,UNSAFE LANE MOVEMENT,SAME DIRECTION SIDESWIPE,I69NWBLOOMFIELDRD,NONE
1960,MONROE SD,BLOOMINGTON,2021-06-03T00:00:00,1:37 AM,1,0,0,0,0,"","","",SR 45,I-69 S,"",,"",0,0,LOCAL/CITY ROAD,N,URBAN,N,N,N,"",DARK (LIGHTED),CLOUDY,WET,"",NO JUNCTION INVOLVED,STRAIGHT/GRADE,ASPHALT,LEFT OF CENTER,COLLISION WITH OBJECT IN ROAD,I69HWYW2NDST,TRAFFIC CONTROL SIGNAL
1961,BLOOMINGTON PD,BLOOMINGTON,2021-06-03T00:00:00,11:26 AM,2,0,2,0,0,"","","",S WALNUT ST,E HILLSIDE DR,"",,"",39.150544,-86.5336,LOCAL/CITY ROAD,N,URBAN,N,N,N,"",DAYLIGHT,RAIN,WET,"",FOUR-WAY INTERSECTION,STRAIGHT/LEVEL,ASPHALT,DISREGARD SIGNAL/REG SIGN,LEFT TURN,EHILLSIDEDRSWALNUTST,TRAFFIC CONTROL SIGNAL
1962,INDIANA UNIV BLOOMINGTON PD,BLOOMINGTON,2021-06-03T00:00:00,11:38 AM,2,0,1,0,0,"","","",SR 45/46,E 10TH ST,"",400,N,39.17264788,-86.5026808,STATE ROAD,N,URBAN,N,N,N,"",DAYLIGHT,RAIN,WET,"",NO JUNCTION INVOLVED,STRAIGHT/LEVEL,ASPHALT,OTHER (DRIVER) - EXPLAIN IN NARRATIVE,REAR END,10THSTSR46E,NONE
1963,MONROE SD,BLOOMINGTON,2021-06-03T00:00:00,12:27 PM,2,0,0,0,0,"","","",SR 45,"","",500,W,39.18039878,-86.47587887,STATE ROAD,N,RURAL,N,N,N,"",DAYLIGHT,RAIN,WET,"",NO JUNCTION INVOLVED,STRAIGHT/LEVEL,ASPHALT,FOLLOWING TOO CLOSELY,REAR END,NPRARIEGREENCTSR45E,LANE CONTROL
1964,MONROE SD,BLOOMINGTON,2021-06-03T00:00:00,4:14 PM,2,0,0,0,0,"","","",SR 45,S LIBERTY DR,"",,"",0,0,LOCAL/CITY ROAD,N,RURAL,N,N,N,"",DAYLIGHT,CLOUDY,WET,"",FOUR-WAY INTERSECTION,STRAIGHT/LEVEL,ASPHALT,FOLLOWING TOO CLOSELY,REAR END,SLIBERTYDRW2NDST,TRAFFIC CONTROL SIGNAL
1965,BLOOMINGTON PD,BLOOMINGTON,2021-06-03T00:00:00,5:00 PM,2,0,2,0,0,"","","",SR 45/46,N WALUNT ST,"",150,E,39.226352,-86.61410149,STATE ROAD,N,URBAN,N,N,N,"",DAYLIGHT,RAIN,WET,"",NO JUNCTION INVOLVED,STRAIGHT/GRADE,ASPHALT,UNSAFE SPEED,REAR END,NWALUNTSTSR46W,NONE
1966,BLOOMINGTON PD,BLOOMINGTON,2021-06-03T00:00:00,5:48 PM,2,0,2,0,0,"","","",N WALNUT ST,"","",1400,S,39.20704,-86.534704,LOCAL/CITY ROAD,N,URBAN,N,N,N,"",DAYLIGHT,CLOUDY,WET,"",NO JUNCTION INVOLVED,STRAIGHT/LEVEL,ASPHALT,LEFT OF CENTER,HEAD ON BETWEEN TWO MOTOR VEHICLES,NOLDSTATEROAD37RDNWALNUTST,LANE CONTROL
1967,BLOOMINGTON PD,BLOOMINGTON,2021-06-02T00:00:00,12:49 AM,1,0,0,0,0,"","","",SR 48,I-69,"",,"",0,0,LOCAL/CITY ROAD,N,URBAN,N,N,N,"",DARK (LIGHTED),RAIN,WET,"",FOUR-WAY INTERSECTION,STRAIGHT/LEVEL,ASPHALT,ROADWAY SURFACE CONDITION,OTHER - EXPLAIN IN NARRATIVE,INTERSTATE69AVEW3RDST,TRAFFIC CONTROL SIGNAL
1968,BLOOMINGTON PD,BLOOMINGTON,2021-06-02T00:00:00,3:50 AM,1,0,1,0,0,"","","",S CURRY PIKE,SR 48,"",,"",39.164544,-86.560096,LOCAL/CITY ROAD,N,URBAN,N,N,N,"",DARK (LIGHTED),RAIN,WET,"",NO JUNCTION INVOLVED,STRAIGHT/LEVEL,ASPHALT,PEDESTRIAN ACTION,COLLISION WITH OBJECT IN ROAD,SCURRYPIKEW3RDST,TRAFFIC CONTROL SIGNAL
1969,MONROE SD,BLOOMINGTON,2021-06-02T00:00:00,8:18 AM,3,0,0,0,0,"","","",SR 45,W DINSMORE RD (NE),"",300,E,39.11502468,-86.62993448,STATE ROAD,N,RURAL,N,N,N,"",DAYLIGHT,RAIN,WET,"",NO JUNCTION INVOLVED,CURVE/GRADE,ASPHALT,FOLLOWING TOO CLOSELY,OTHER - EXPLAIN IN NARRATIVE,DINSMORERDSR45W,NONE
1970,MONROE SD,BLOOMINGTON,2021-06-02T00:00:00,8:21 AM,2,0,0,0,0,"","","",SR 45,"","",500,W,39.11501756,-86.62944253,STATE ROAD,N,RURAL,N,N,N,"",DAYLIGHT,RAIN,WET,"",NO JUNCTION INVOLVED,CURVE/LEVEL,ASPHALT,FOLLOWING TOO CLOSELY,REAR END,DARRELLDRSR45W,NONE
1971,BLOOMINGTON PD,BLOOMINGTON,2021-06-02T00:00:00,10:30 AM,2,0,0,0,0,"","","",W BLOOMFIELD RD,S WEIMER RD,"",500,W,39.15344313,-86.5655823,LOCAL/CITY ROAD,N,URBAN,N,N,N,"",DAYLIGHT,RAIN,WET,"",NO JUNCTION INVOLVED,CURVE/GRADE,ASPHALT,FAILURE TO YIELD RIGHT OF WAY,LEFT TURN,BLOOMFIELDRDWEIMERRD,LANE CONTROL
1972,MONROE SD,BLOOMINGTON,2021-06-02T00:00:00,11:25 AM,2,0,0,0,0,"","","",N SMITH PIKE,W FORREST PARK DR,"",,"",39.208144,-86.5832,LOCAL/CITY ROAD,N,URBAN,N,N,N,"",DAYLIGHT,RAIN,WET,"",T-INTERSECTION,STRAIGHT/GRADE,ASPHALT,SPEED TOO FAST FOR WEATHER CONDITIONS,REAR END,FORESTPARKDRSMITHPIKE,NONE
1973,BLOOMINGTON PD,BLOOMINGTON,2021-06-02T00:00:00,1:04 PM,2,0,0,0,0,"","","",N CURRY PIKE,S WELMIR DR,"",50,N,39.17215253,-86.582979,LOCAL/CITY ROAD,N,URBAN,N,N,N,"",DAYLIGHT,RAIN,WET,"",NO JUNCTION INVOLVED,STRAIGHT/LEVEL,ASPHALT,FOLLOWING TOO CLOSELY,REAR END,NORTHCURRYPIKEWELMIRDR,LANE CONTROL
1974,ISP BLOOMINGTON 33,BLOOMINGTON,2021-06-02T00:00:00,1:06 PM,1,,0,0,0,"","","",I-69 S,"","",200,"",39.20815556,-86.55396259,INTERSTATE,"",URBAN,N,N,N,"",DAYLIGHT,RAIN,WET,"",NO JUNCTION INVOLVED,"",ASPHALT,OTHER (DRIVER) - EXPLAIN IN NARRATIVE,RAN OFF ROAD,I69near121MM121.0,""
1975,MONROE SD,BLOOMINGTON,2021-06-02T00:00:00,3:42 PM,1,0,0,0,0,"","","",SR 48,"","",1000,W,39.1634378,-86.64580405,STATE ROAD,N,RURAL,N,N,N,"",DAYLIGHT,CLOUDY,WET,"",NO JUNCTION INVOLVED,CURVE/LEVEL,ASPHALT,RAN OFF ROAD RIGHT,RAN OFF ROAD,SR48WWVERNALPIKE,NONE
1976,ELLETTSVILLE PD,ELLETTSVILLE,2021-06-02T00:00:00,4:41 PM,2,0,1,0,0,"","","",N MATTHEWS DR (N),SR 46,"",100,N,39.23631976,-86.6249632,LOCAL/CITY ROAD,N,URBAN,Y,N,N,"",DAYLIGHT,RAIN,WET,"",NO JUNCTION INVOLVED,CURVE/LEVEL,ASPHALT,LEFT OF CENTER,OTHER - EXPLAIN IN NARRATIVE,MAINSTMATTHEWSDR,LANE CONTROL
1977,ELLETTSVILLE PD,ELLETTSVILLE,2021-06-02T00:00:00,4:57 PM,2,0,0,0,0,"","","",SR 46,W GRANT ST,"",,"",39.242716,-86.63330499,STATE ROAD,N,URBAN,N,N,N,"",DAYLIGHT,CLEAR,DRY,"",T-INTERSECTION,CURVE/GRADE,CONCRETE,DRIVER DISTRACTED - EXPLAIN IN NARRATIVE,REAR END,GRANTSTSR46E,STOP SIGN
1978,ISP BLOOMINGTON 33,BLOOMINGTON,2021-06-02T00:00:00,6:55 PM,2,,1,0,0,"",Y,118C,I-69 S,SR 48,"",0,"",39.1649197,-86.57387442,INTERSTATE,"",URBAN,N,N,N,"",DAYLIGHT,CLOUDY,DRY,"",RAMP,"",ASPHALT,FAILURE TO YIELD RIGHT OF WAY,REAR END,I69-118-C,""
1979,BLOOMINGTON PD,BLOOMINGTON,2021-06-02T00:00:00,7:45 PM,2,0,0,0,0,"","","",E WINSLOW RD,S XAVIER CT,"",,"",39.135989,-86.513442,LOCAL/CITY ROAD,N,URBAN,N,N,N,"",DAWN/DUSK,RAIN,WET,"",T-INTERSECTION,STRAIGHT/GRADE,ASPHALT,FAILURE TO YIELD RIGHT OF WAY,LEFT TURN,EASTWINSLOWRDSOUTHXAVIERCT,STOP SIGN
1980,BLOOMINGTON PD,BLOOMINGTON,2021-06-01T00:00:00,12:35 AM,1,0,0,0,1,"","","",SR 45/46,N MILO B SAMPSON LN,"",,"",0,0,STATE ROAD,N,URBAN,N,N,N,"",DARK (NOT LIGHTED),CLEAR,DRY,"",T-INTERSECTION,STRAIGHT/GRADE,ASPHALT,ANIMAL/OBJECT IN ROADWAY,COLLISION WITH DEER,MILOBSAMPSONBLVDSR4546E,NONE
1981,MONROE SD,BLOOMINGTON,2021-06-01T00:00:00,6:33 AM,1,0,0,0,1,"","","",SR 37,"","",5280,N,39.03438272,-86.53520107,STATE ROAD,N,RURAL,N,N,N,"",DAWN/DUSK,CLEAR,DRY,"",NO JUNCTION INVOLVED,STRAIGHT/LEVEL,ASPHALT,ANIMAL/OBJECT IN ROADWAY,COLLISION WITH DEER,MONROEDAMRDSR37S,NONE
1982,ISP BLOOMINGTON 33,BLOOMINGTON,2021-06-01T00:00:00,7:40 AM,1,,0,0,1,"","","",SR 37,"","",739,"",39.04813027,-86.53600978,STATE ROAD,"",RURAL,N,N,N,"",DAYLIGHT,CLOUDY,DRY,"",NO JUNCTION INVOLVED,"",ASPHALT,ANIMAL/OBJECT IN ROADWAY,COLLISION WITH DEER,ZikesRoadStateRd37,""
1983,BLOOMINGTON PD,BLOOMINGTON,2021-06-01T00:00:00,9:14 AM,2,0,0,0,0,"","","",I-69 N,W 3RD ST,"",,"",0,0,LOCAL/CITY ROAD,N,URBAN,N,N,N,"",DAYLIGHT,CLOUDY,DRY,"",FOUR-WAY INTERSECTION,STRAIGHT/GRADE,ASPHALT,FOLLOWING TOO CLOSELY,REAR END,3RDSTI69N,YIELD SIGN