_id,Agency,City,Collision Date,Collision Time,Vehicles Involved,Trailers Involved,Number Injured,Number Dead,Number Deer,House Number,Roadway Interchange,Roadway Ramp,Roadway Id,Intersecting Road,Interchange,Feet From,Direction,Latitude,Longitude,Roadway Class,Hit and Run?,Locality,School Zone?,Rumble Strips?,Construction?,Construction Type,Light Condition,Weather Conditions,Surface Condition,Type of Median,Roadway Junction Type,Road Character,Roadway Surface,Primary Factor,Manner of Collision,Unique Location Id,Traffic Control
1984,MONROE SD,BLOOMINGTON,2021-06-01T00:00:00,1:00 PM,2,0,0,0,0,"","","",S CURRY PIKE,W GRAND AVE,"",,"",39.166489,-86.582976,LOCAL/CITY ROAD,N,URBAN,N,N,N,"",DAYLIGHT,CLOUDY,DRY,"",T-INTERSECTION,STRAIGHT/LEVEL,ASPHALT,FOLLOWING TOO CLOSELY,REAR END,GRANDAVENCURRYPIKE,NONE
1985,BLOOMINGTON PD,BLOOMINGTON,2021-06-01T00:00:00,3:28 PM,3,0,0,0,0,"","","",SR 45/46,N DUNN ST,"",100,W,39.186352,-86.528496,LOCAL/CITY ROAD,N,URBAN,N,N,N,"",DAYLIGHT,CLEAR,DRY,"",FOUR-WAY INTERSECTION,STRAIGHT/LEVEL,ASPHALT,FOLLOWING TOO CLOSELY,REAR END,ESTATEROAD4546HWYNDUNNST,TRAFFIC CONTROL SIGNAL
1986,MONROE SD,BLOOMINGTON,2021-06-01T00:00:00,4:27 PM,1,0,0,0,0,"","","",W VERNAL PIKE,N THOMAS RD,"",,"",39.18904,-86.630096,LOCAL/CITY ROAD,N,RURAL,N,N,N,"",DAYLIGHT,CLEAR,DRY,"",T-INTERSECTION,STRAIGHT/LEVEL,ASPHALT,RAN OFF ROAD RIGHT,RAN OFF ROAD,NTHOMASRDWVERNALPIKE,STOP SIGN
1987,MONROE SD,BLOOMINGTON,2021-06-01T00:00:00,8:22 PM,1,0,0,0,0,"","","",N HARTSTRAIT RD,W RATLIFF RD,"",,"",39.209109,-86.611378,LOCAL/CITY ROAD,N,RURAL,N,N,N,"",DAWN/DUSK,RAIN,WET,"",T-INTERSECTION,STRAIGHT/GRADE,ASPHALT,UNSAFE SPEED,RAN OFF ROAD,HARTSRAITRDRATLIFFRD,NONE
1988,MONROE SD,BLOOMINGTON,2021-05-31T00:00:00,2:52 AM,2,0,0,0,0,"","","",I-69 S,"","",,"",0,0,INTERSTATE,Y,RURAL,N,N,N,"",DARK (NOT LIGHTED),CLEAR,DRY,"",NO JUNCTION INVOLVED,STRAIGHT/LEVEL,ASPHALT,UNSAFE LANE MOVEMENT,REAR END,I69S131.0,LANE CONTROL
1989,BLOOMINGTON PD,BLOOMINGTON,2021-05-31T00:00:00,1:29 PM,2,0,1,0,0,"","","",E 3RD ST,S OVERHILL DR,"",,"",39.164272,-86.501488,LOCAL/CITY ROAD,N,URBAN,N,N,N,"",DAYLIGHT,CLEAR,DRY,"",T-INTERSECTION,STRAIGHT/GRADE,ASPHALT,FAILURE TO YIELD RIGHT OF WAY,LEFT TURN,E3RDSTSOVERHILLDR,NONE
1990,BLOOMINGTON PD,BLOOMINGTON,2021-05-31T00:00:00,5:45 PM,1,0,1,0,0,"",Y,"",I-69 N,W 3RD ST,"",500,S,0,0,INTERSTATE,N,URBAN,N,N,N,"",DAYLIGHT,CLEAR,DRY,"",NO JUNCTION INVOLVED,STRAIGHT/GRADE,ASPHALT,RAN OFF ROAD RIGHT,RAN OFF ROAD,I69N118.0,NONE
1991,INDIANA UNIV BLOOMINGTON PD,BLOOMINGTON,2021-05-31T00:00:00,9:15 PM,1,0,0,0,0,"","","",E ATWATER AVE,S HENDERSON ST,"",200,W,39.163149,-86.52724889,LOCAL/CITY ROAD,Y,URBAN,N,N,N,"",DARK (LIGHTED),CLEAR,DRY,"",NO JUNCTION INVOLVED,CURVE/LEVEL,ASPHALT,RAN OFF ROAD RIGHT,RAN OFF ROAD,ATWATERAVEHENDERSONST,NONE
1992,ISP BLOOMINGTON 33,ELLETTSVILLE,2021-05-31T00:00:00,10:50 PM,1,,0,0,1,8101,"","",SR 46,ENTRANCE TO KEHE DISTRIBUTORS,"",0,"",39.24982289,-86.65103144,STATE ROAD,"",RURAL,N,N,N,"",DARK (NOT LIGHTED),CLEAR,DRY,"",NO JUNCTION INVOLVED,"",ASPHALT,ANIMAL/OBJECT IN ROADWAY,COLLISION WITH DEER,StateRd46,""
1993,BLOOMINGTON PD,BLOOMINGTON,2021-05-30T00:00:00,2:59 PM,3,0,0,0,0,"","","",W KIRKWOOD AVE,N ADAMS ST,"",,"",39.166816,-86.549488,LOCAL/CITY ROAD,N,URBAN,N,N,N,"",DAYLIGHT,CLEAR,DRY,"",FOUR-WAY INTERSECTION,STRAIGHT/HILLCREST,ASPHALT,UNSAFE SPEED,REAR END,NADAMSSTWKIRKWOODAVE,TRAFFIC CONTROL SIGNAL
1994,MONROE SD,BLOOMINGTON,2021-05-30T00:00:00,3:59 PM,2,0,0,0,0,"","","",E BOLTINGHOUSE RD,E OLD MEYERS RD,"",,"",39.219064,-86.47303,LOCAL/CITY ROAD,N,RURAL,N,Y,N,"",DAYLIGHT,CLEAR,DRY,"",T-INTERSECTION,STRAIGHT/HILLCREST,CONCRETE,FAILURE TO YIELD RIGHT OF WAY,RIGHT ANGLE,EBOLTINGHOUSERDEOLDMEYERSRD,STOP SIGN
1995,ISP BLOOMINGTON 33,BLOOMINGTON,2021-05-29T00:00:00,4:45 PM,1,,0,0,0,"","","",I-69 S,N SR 37 BUSINESS,"",0,"",39.23645895,-86.5397351,INTERSTATE,"",RURAL,N,N,N,"",DAYLIGHT,CLOUDY,DRY,"",NO JUNCTION INVOLVED,"",ASPHALT,ANIMAL/OBJECT IN ROADWAY,COLLISION WITH OBJECT IN ROAD,I69123.5,""
1996,MONROE SD,BLOOMINGTON,2021-05-29T00:00:00,6:20 PM,1,0,0,0,1,"","","",SR 46,S FRIENDSHIP RD,"",,"",39.15571233,-86.407794,STATE ROAD,N,RURAL,N,Y,N,"",DAYLIGHT,CLEAR,DRY,"",NO JUNCTION INVOLVED,CURVE/LEVEL,ASPHALT,ANIMAL/OBJECT IN ROADWAY,COLLISION WITH DEER,FRIENDSHIPRDSR46E,NONE
1997,MONROE SD,BLOOMINGTON,2021-05-28T00:00:00,12:13 AM,1,0,0,0,0,"","","",SR 46,"","",1000,W,39.16351024,-86.41786097,STATE ROAD,N,RURAL,N,N,N,"",DARK (NOT LIGHTED),RAIN,WET,"",NO JUNCTION INVOLVED,STRAIGHT/GRADE,ASPHALT,DRIVER ASLEEP OR FATIGUED,RAN OFF ROAD,NGETTYSCREEKRDSR46E,NONE
1998,BLOOMINGTON PD,BLOOMINGTON,2021-05-28T00:00:00,1:19 AM,1,0,0,0,0,"",120,S,I-69 S,SR 46,"",,"",0,0,INTERSTATE,N,URBAN,N,Y,N,"",DARK (LIGHTED),CLEAR,WET,"",INTERCHANGE,CURVE/GRADE,ASPHALT,RAN OFF ROAD RIGHT,RAN OFF ROAD,I69S,NONE
1999,BLOOMINGTON PD,BLOOMINGTON,2021-05-28T00:00:00,5:54 AM,2,0,1,0,0,"","","",E 3RD ST,S COLLEGE MALL RD,"",200,N,39.18548174,-86.472159,LOCAL/CITY ROAD,N,URBAN,N,N,N,"",DAYLIGHT,CLOUDY,DRY,"",FOUR-WAY INTERSECTION,STRAIGHT/GRADE,ASPHALT,FOLLOWING TOO CLOSELY,REAR END,EAST3RDSTEASTSTATEROAD46ST,TRAFFIC CONTROL SIGNAL
2000,MONROE SD,ELLETTSVILLE,2021-05-28T00:00:00,6:45 AM,2,0,0,0,0,"","","",N RIDGEWAY DR,W VALLEY VIEW DR (SE),"",,"",39.239952,-86.606704,LOCAL/CITY ROAD,Y,RURAL,N,N,N,"",DAWN/DUSK,CLOUDY,WET,"",NO JUNCTION INVOLVED,STRAIGHT/LEVEL,ASPHALT,IMPROPER TURNING,OTHER - EXPLAIN IN NARRATIVE,NRIDGEWAYDRWVALLEYVIEWDR,STOP SIGN
2001,INDIANA UNIV BLOOMINGTON PD,BLOOMINGTON,2021-05-28T00:00:00,7:50 AM,1,1,0,0,0,"","","",S HAWTHORNE DR,E ATWATER AVE,"",,"",39.163089,-86.520197,LOCAL/CITY ROAD,N,URBAN,N,N,N,"",DAYLIGHT,RAIN,WET,"",FOUR-WAY INTERSECTION,STRAIGHT/LEVEL,ASPHALT,IMPROPER TURNING,RAN OFF ROAD,ATWATERAVEHAWTHORNELN,STOP SIGN
2002,BLOOMINGTON PD,BLOOMINGTON,2021-05-28T00:00:00,9:21 AM,3,0,1,0,0,"","","",E MOORES PIKE,S VALLEY FORGE RD,"",200,W,39.150544,-86.502992,LOCAL/CITY ROAD,N,URBAN,N,N,N,"",DAYLIGHT,CLOUDY,DRY,"",NO JUNCTION INVOLVED,STRAIGHT/HILLCREST,ASPHALT,FOLLOWING TOO CLOSELY,REAR END,EMOORESPIKESVALLEYFORGERD,NONE
2003,ISP BLOOMINGTON 33,UNIONVILLE(MONROE),2021-05-28T00:00:00,9:40 AM,1,,0,0,0,"","","",SR 45,N RUSSELL RD (N),"",200,"",39.20127719,-86.46745613,STATE ROAD,"",RURAL,N,N,N,"",DAYLIGHT,RAIN,WET,"",RAILROAD CROSSINGS,"",ASPHALT,ANIMAL/OBJECT IN ROADWAY,RAN OFF ROAD,StateRd45RussellRd,""
2004,BLOOMINGTON PD,BLOOMINGTON,2021-05-28T00:00:00,10:18 AM,2,0,1,0,0,"","","",SR 45,S LIBERTY DR,"",,"",39.14685525,-86.57709754,LOCAL/CITY ROAD,N,URBAN,N,N,N,"",DAYLIGHT,CLOUDY,DRY,"",FOUR-WAY INTERSECTION,STRAIGHT/LEVEL,ASPHALT,FOLLOWING TOO CLOSELY,REAR END,LIBERTYDRSR45HWY,TRAFFIC CONTROL SIGNAL
2005,INDIANA UNIV BLOOMINGTON PD,BLOOMINGTON,2021-05-28T00:00:00,12:35 PM,2,0,0,0,0,"","","",E 10TH ST,N FEE LN,"",,"",39.171606,-86.519002,LOCAL/CITY ROAD,N,URBAN,N,N,Y,LANE CLOSURE,DAYLIGHT,CLOUDY,DRY,"",T-INTERSECTION,STRAIGHT/GRADE,ASPHALT,ENGINE FAILURE OR DEFECTIVE,BACKING CRASH,FEELNTENTHST,TRAFFIC CONTROL SIGNAL
2006,BLOOMINGTON PD,BLOOMINGTON,2021-05-28T00:00:00,1:23 PM,2,0,1,0,0,"","","",N WALNUT ST,W OLD SR 37,"",,"",39.20704,-86.534704,LOCAL/CITY ROAD,N,URBAN,N,N,N,"",DAYLIGHT,RAIN,WET,"",FOUR-WAY INTERSECTION,STRAIGHT/GRADE,ASPHALT,FOLLOWING TOO CLOSELY,REAR END,NORTHOLDSTATEROAD37STNORTHWALNUTST,TRAFFIC CONTROL SIGNAL
2007,ELLETTSVILLE PD,ELLETTSVILLE,2021-05-28T00:00:00,1:59 PM,2,0,0,0,0,"","","",SR 46,N DEER PARK DR,"",200,W,39.213301,-86.58664168,STATE ROAD,N,URBAN,N,N,N,"",DAYLIGHT,RAIN,WET,"",NO JUNCTION INVOLVED,STRAIGHT/LEVEL,ASPHALT,OTHER (DRIVER) - EXPLAIN IN NARRATIVE,REAR END,DEERPARKDRSR4200W,LANE CONTROL
2008,BLOOMINGTON PD,BLOOMINGTON,2021-05-28T00:00:00,4:10 PM,2,0,1,0,0,310,"","",W GEORGIA AVE,ENTRANCE TO PARKING GARAGE,"",,"",39.17441927,-86.53085976,LOCAL/CITY ROAD,N,URBAN,N,N,N,"",DAYLIGHT,RAIN,WATER (STANDING OR MOVING),"",T-INTERSECTION,STRAIGHT/LEVEL,ASPHALT,FAILURE TO YIELD RIGHT OF WAY,LEFT TURN,W12THST,STOP SIGN
2009,BLOOMINGTON PD,BLOOMINGTON,2021-05-28T00:00:00,5:03 PM,1,0,0,0,0,2545,"","",S LEONARD SPRINGS RD,W WALNUT LEAF DR,"",,"",39.140388,-86.582275,LOCAL/CITY ROAD,N,URBAN,N,N,N,"",DAYLIGHT,CLEAR,WET,"",NO JUNCTION INVOLVED,STRAIGHT/LEVEL,CONCRETE,UNSAFE LANE MOVEMENT,RAN OFF ROAD,SOUTHLEONARDSPRINGSRD,NONE
2010,ELLETTSVILLE PD,ELLETTSVILLE,2021-05-28T00:00:00,5:24 PM,1,0,0,0,0,"","","",SR 46,W FLATWOODS RD,"",250,W,39.25308909,-86.6542203,STATE ROAD,N,RURAL,N,N,N,"",DAYLIGHT,CLOUDY,WET,"",NO JUNCTION INVOLVED,CURVE/LEVEL,ASPHALT,OVERCORRECTING/OVERSTEERING,RAN OFF ROAD,FLATWOODSRDSR46W,NONE
2011,BLOOMINGTON PD,BLOOMINGTON,2021-05-28T00:00:00,6:00 PM,2,0,0,0,0,"","","",SR 46,S SMITH RD,"",,"",39.16424,-86.480688,STATE ROAD,N,URBAN,N,N,N,"",DAYLIGHT,CLOUDY,WET,"",T-INTERSECTION,STRAIGHT/HILLCREST,ASPHALT,FAILURE TO YIELD RIGHT OF WAY,LEFT TURN,SMITHRDSR46E,STOP SIGN
2012,INDIANA UNIV BLOOMINGTON PD,BLOOMINGTON,2021-05-28T00:00:00,6:56 PM,2,0,3,0,0,"","","",SR 45/46,E 17TH ST,"",,"",39.1797431,-86.5073177,STATE ROAD,N,URBAN,N,N,N,"",DAYLIGHT,CLOUDY,DRY,"",T-INTERSECTION,STRAIGHT/LEVEL,ASPHALT,FAILURE TO YIELD RIGHT OF WAY,LEFT TURN,EAST17THSTSR46,TRAFFIC CONTROL SIGNAL
2013,ISP BLOOMINGTON 33,ELLETTSVILLE,2021-05-27T00:00:00,12:00 AM,2,,0,0,0,"","","",W RICHLAND PLAZA DR,N UNION VALLEY RD,"",0,"",39.21675092,-86.59275037,LOCAL/CITY ROAD,"",RURAL,N,N,N,"",DAYLIGHT,CLOUDY,DRY,"",T-INTERSECTION,"",ASPHALT,FAILURE TO YIELD RIGHT OF WAY,LEFT TURN,WRichlandPlazaDrNUnionValleyRd,""
2014,ISP BLOOMINGTON 33,UNIONVILLE(MONROE),2021-05-27T00:00:00,8:10 AM,1,,1,0,0,"","","",SR 45,E MARTIN DR,"",0,"",39.20451449,-86.46322335,STATE ROAD,"",RURAL,N,N,N,"",DAYLIGHT,FOG/SMOKE/SMOG,DRY,"",NO JUNCTION INVOLVED,"",ASPHALT,UNSAFE SPEED,RAN OFF ROAD,StateRd45NMartinDr,""
2015,ELLETTSVILLE PD,ELLETTSVILLE,2021-05-27T00:00:00,11:25 AM,2,0,0,0,0,"","","",SR 46,N MATTHEWS DR (N),"",,"",39.236096,-86.625168,LOCAL/CITY ROAD,N,URBAN,N,N,N,"",DAYLIGHT,CLEAR,DRY,"",NO JUNCTION INVOLVED,STRAIGHT/LEVEL,ASPHALT,FAILURE TO YIELD RIGHT OF WAY,RIGHT TURN,MAINSTMATTHEWSDR,TRAFFIC CONTROL SIGNAL
2016,BLOOMINGTON PD,BLOOMINGTON,2021-05-27T00:00:00,2:39 PM,1,1,0,0,0,"","","",SR 46,S CLARIZZ BLVD,"",,"",39.16424,-86.4908,LOCAL/CITY ROAD,N,URBAN,N,N,N,"",DAYLIGHT,CLEAR,DRY,"",T-INTERSECTION,STRAIGHT/LEVEL,ASPHALT,IMPROPER TURNING,OTHER - EXPLAIN IN NARRATIVE,E3RDSTSCLARIZZBLVD,TRAFFIC CONTROL SIGNAL
2017,BLOOMINGTON PD,BLOOMINGTON,2021-05-27T00:00:00,3:25 PM,1,0,0,0,0,"","","",S WEIMER RD,W WAPEHANI RD,"",,"",39.142608,-86.562048,LOCAL/CITY ROAD,N,URBAN,N,N,N,"",DARK (NOT LIGHTED),CLEAR,WET,"",NO JUNCTION INVOLVED,STRAIGHT/GRADE,ASPHALT,UNSAFE SPEED,RAN OFF ROAD,SWEIMERRDWWAPEHANIRD,NONE
2018,MONROE SD,BLOOMINGTON,2021-05-27T00:00:00,7:21 PM,1,0,0,0,0,"","","",W VERNAL PIKE,N OARD RD,"",,"",39.181344,-86.637104,COUNTY ROAD,N,RURAL,N,N,N,"",DAYLIGHT,CLEAR,DRY,"",Y-INTERSECTION,STRAIGHT/LEVEL,ASPHALT,RAN OFF ROAD RIGHT,RAN OFF ROAD,NOARDRDWVERNALPIKE,NONE
2019,MONROE SD,BLOOMINGTON,2021-05-27T00:00:00,9:03 PM,1,0,0,0,0,"","","",S WALNUT ST,SR 37,"",,"",39.085632,-86.542304,LOCAL/CITY ROAD,N,RURAL,N,N,N,"",DARK (LIGHTED),CLEAR,DRY,"",FOUR-WAY INTERSECTION,CURVE/LEVEL,ASPHALT,RAN OFF ROAD RIGHT,RAN OFF ROAD,SOLDSTATEROAD37RDSR37S,TRAFFIC CONTROL SIGNAL
2020,BLOOMINGTON PD,BLOOMINGTON,2021-05-27T00:00:00,11:40 PM,2,0,0,0,0,310,"","",W 8TH ST,VALHALLA MEMORY GARDENS,"",,"",39.16708441,-86.564992,UNKNOWN,Y,RURAL,N,N,N,"",DARK (NOT LIGHTED),CLEAR,WET,"",Y-INTERSECTION,CURVE/GRADE,ASPHALT,OTHER (DRIVER) - EXPLAIN IN NARRATIVE,REAR END,NJOHNSONAVE,NONE
2021,BLOOMINGTON PD,BLOOMINGTON,2021-05-26T00:00:00,7:47 AM,2,0,0,0,0,3901,"","",ENTRANCE TO BLOOMINGTON HIGH SCHOOL NORTH,N KINSER PIKE,"",,"",39.20304,-86.547392,UNKNOWN,N,URBAN,Y,N,N,"",DAYLIGHT,CLOUDY,DRY,"",T-INTERSECTION,CURVE/GRADE,ASPHALT,IMPROPER TURNING,LEFT TURN,NKINSERPIKE,STOP SIGN
2022,INDIANA UNIV BLOOMINGTON PD,BLOOMINGTON,2021-05-26T00:00:00,9:00 AM,3,0,0,0,0,"","","",E 10TH ST,MID-BLOCK CROSSWALK,"",374,E,39.171606,-86.51903435,LOCAL/CITY ROAD,N,URBAN,N,N,N,"",DAYLIGHT,RAIN,WET,"",NO JUNCTION INVOLVED,STRAIGHT/LEVEL,ASPHALT,SPEED TOO FAST FOR WEATHER CONDITIONS,REAR END,FEELNTENTHST,NONE
2023,ISP BLOOMINGTON 33,BLOOMINGTON,2021-05-26T00:00:00,12:40 PM,2,,0,0,0,"","","",SR 45,S LEONARD SPRINGS RD,"",250,W,39.1415451,-86.58323143,STATE ROAD,"",RURAL,N,N,N,"",DAYLIGHT,CLOUDY,DRY,"",NO JUNCTION INVOLVED,"",ASPHALT,FAILURE TO YIELD RIGHT OF WAY,RIGHT ANGLE,SR45approx250ftwestofLeonardSpringsRd,""
2024,BLOOMINGTON PD,BLOOMINGTON,2021-05-26T00:00:00,2:01 PM,2,0,0,0,0,"","","",W 3RD ST (N),S PATTERSON DR,"",300,W,39.1644,-86.55204403,LOCAL/CITY ROAD,N,URBAN,N,N,N,"",DAYLIGHT,CLEAR,DRY,"",T-INTERSECTION,STRAIGHT/GRADE,ASPHALT,FOLLOWING TOO CLOSELY,REAR END,SOUTHPATTERSONDRWEST3RDST,LANE CONTROL
2025,BLOOMINGTON PD,BLOOMINGTON,2021-05-26T00:00:00,2:40 PM,2,0,0,0,0,"","","",N PETE ELLIS DR,E LONGVIEW AVE,"",,"",39.166944,-86.495056,LOCAL/CITY ROAD,N,URBAN,N,N,N,"",DAYLIGHT,CLEAR,DRY,"",FOUR-WAY INTERSECTION,STRAIGHT/LEVEL,ASPHALT,FAILURE TO YIELD RIGHT OF WAY,RIGHT ANGLE,EASTLONGVIEWDRNORTHPETEELLISDR,STOP SIGN
2026,BLOOMINGTON PD,BLOOMINGTON,2021-05-26T00:00:00,4:08 PM,2,0,0,0,0,"","","",W 11TH ST,N MORTON ST,"",,"",39.173216,-86.536,LOCAL/CITY ROAD,N,URBAN,N,N,N,"",DAYLIGHT,CLOUDY,DRY,"",FOUR-WAY INTERSECTION,STRAIGHT/HILLCREST,ASPHALT,FAILURE TO YIELD RIGHT OF WAY,RIGHT ANGLE,NMORTONSTW11THST,STOP SIGN
2027,MONROE SD,BLOOMINGTON,2021-05-26T00:00:00,4:31 PM,2,0,0,0,0,"","","",S CURRY PIKE,W WOODLYN DR,"",20,S,39.145856,-86.582592,COUNTY ROAD,N,RURAL,N,N,N,"",DAYLIGHT,CLEAR,DRY,"",T-INTERSECTION,STRAIGHT/LEVEL,ASPHALT,FOLLOWING TOO CLOSELY,REAR END,SCURRYPIKEWWOODLYNDR,TRAFFIC CONTROL SIGNAL
2028,ISP BLOOMINGTON 33,BLOOMINGTON,2021-05-26T00:00:00,7:18 PM,2,,0,0,0,"","","",S VICTOR PIKE,SR 37,"",0,"",39.10553454,-86.55140824,STATE ROAD,"",RURAL,N,Y,N,"",DAYLIGHT,CLEAR,DRY,"",FOUR-WAY INTERSECTION,"",ASPHALT,DISREGARD SIGNAL/REG SIGN,RIGHT ANGLE,StateRd37SVictorPike,""
2029,INDIANA UNIV BLOOMINGTON PD,BLOOMINGTON,2021-05-25T00:00:00,2:23 PM,2,0,0,0,0,"","","",E 17TH ST,N DUNN ST,"",,"",39.180863,-86.523711,LOCAL/CITY ROAD,N,URBAN,N,N,N,"",DAYLIGHT,CLEAR,DRY,"",FOUR-WAY INTERSECTION,STRAIGHT/LEVEL,ASPHALT,DISREGARD SIGNAL/REG SIGN,RIGHT ANGLE,DUNNSTEAST17THST,STOP SIGN
2030,MONROE SD,BLOOMINGTON,2021-05-25T00:00:00,4:07 PM,1,0,0,0,0,"","","",S FRIENDSHIP RD,E LAMPKINS RIDGE RD,"",,"",39.143056,-86.406096,COUNTY ROAD,N,RURAL,N,N,N,"",DAYLIGHT,CLEAR,DRY,"",T-INTERSECTION,STRAIGHT/LEVEL,ASPHALT,RAN OFF ROAD RIGHT,RAN OFF ROAD,ELAMPKINSRIDGERDSFRIENDSHIPRD,STOP SIGN
2031,INDIANA UNIV BLOOMINGTON PD,BLOOMINGTON,2021-05-25T00:00:00,8:00 PM,2,1,0,0,0,"","","",N JORDAN AVE,ENTRANCE TO WELLS LIBRARY,"",375,N,39.20851146,-86.516143,LOCAL/CITY ROAD,N,URBAN,N,N,N,"",DAYLIGHT,CLEAR,DRY,"",NO JUNCTION INVOLVED,STRAIGHT/GRADE,ASPHALT,UNSAFE BACKING,BACKING CRASH,E7THSTJORDANAVE,LANE CONTROL
2032,BLOOMINGTON PD,BLOOMINGTON,2021-05-25T00:00:00,8:10 PM,2,0,0,0,0,"","","",S WALNUT ST,E 3RD ST,"",,"",39.16464,-86.5336,LOCAL/CITY ROAD,N,URBAN,N,N,N,"",DAWN/DUSK,CLEAR,DRY,"",FOUR-WAY INTERSECTION,STRAIGHT/LEVEL,CONCRETE,WRONG WAY ON ONE WAY,RIGHT ANGLE,EAST3RDSTSOUTHWALNUTST,TRAFFIC CONTROL SIGNAL
2033,BLOOMINGTON PD,BLOOMINGTON,2021-05-25T00:00:00,8:59 PM,1,0,1,0,0,3401,"","",W WAPEHANI RD,"","",,"",39.256512,-86.525936,UNKNOWN,N,URBAN,N,N,N,"",DAWN/DUSK,CLEAR,DRY,"",NO JUNCTION INVOLVED,STRAIGHT/GRADE,ASPHALT,BRAKE FAILURE OR DEFECTIVE,RAN OFF ROAD,WWAPEHANIRD,NONE
2034,MONROE SD,BLOOMINGTON,2021-05-24T00:00:00,8:45 AM,1,0,0,0,0,"","","",I-69 N,"","",100,S,0,0,INTERSTATE,N,RURAL,N,N,N,"",DAYLIGHT,CLEAR,DRY,"",NO JUNCTION INVOLVED,STRAIGHT/LEVEL,ASPHALT,OTHER (ENVIRONMENTAL) - EXPLAIN IN NARR,COLLISION WITH OBJECT IN ROAD,I69N123.0,NONE
2035,BLOOMINGTON PD,BLOOMINGTON,2021-05-24T00:00:00,11:40 AM,2,0,0,0,0,"","","",S ROCKPORT RD,W COUNTRY CLUB DR,"",,"",39.136332,-86.548756,LOCAL/CITY ROAD,N,URBAN,N,N,N,"",DAYLIGHT,CLEAR,DRY,"",FOUR-WAY INTERSECTION,STRAIGHT/GRADE,ASPHALT,FAILURE TO YIELD RIGHT OF WAY,RIGHT ANGLE,SROCKPORTRDSWCOUNTRYCLUBDR,TRAFFIC CONTROL SIGNAL
2036,BLOOMINGTON PD,BLOOMINGTON,2021-05-24T00:00:00,2:28 PM,2,0,0,0,0,"","","",E 2ND ST,N WOODLAWN AVE,"",,"",39.161312,-86.522576,LOCAL/CITY ROAD,N,URBAN,N,N,N,"",DAYLIGHT,CLEAR,DRY,"",FOUR-WAY INTERSECTION,STRAIGHT/LEVEL,ASPHALT,FAILURE TO YIELD RIGHT OF WAY,RIGHT ANGLE,ESECONDSTWOODLAWNAVE,STOP SIGN
2037,BLOOMINGTON PD,BLOOMINGTON,2021-05-24T00:00:00,2:33 PM,2,0,0,0,0,"","","",SR 48,S CURRY PIKE,"",,"",39.16465,-86.582939,LOCAL/CITY ROAD,N,URBAN,N,N,N,"",DAYLIGHT,CLEAR,DRY,"",FOUR-WAY INTERSECTION,STRAIGHT/LEVEL,ASPHALT,FOLLOWING TOO CLOSELY,REAR END,SOUTHCURRYPIKEWEST3RDST,TRAFFIC CONTROL SIGNAL
2038,BLOOMINGTON PD,BLOOMINGTON,2021-05-24T00:00:00,2:52 PM,2,0,0,0,0,"","","",S LEONARD SPRINGS RD,W HEATHERWOOD LN,"",,"",39.126792,-86.582583,LOCAL/CITY ROAD,N,URBAN,N,N,N,"",DAYLIGHT,CLEAR,DRY,"",T-INTERSECTION,STRAIGHT/LEVEL,ASPHALT,UNSAFE SPEED,REAR END,SLEONARDSPRINGSRDWHEATHERWOODLN,NONE
2039,MONROE SD,BLOOMINGTON,2021-05-24T00:00:00,3:33 PM,2,0,0,0,0,1285,"","",S LIBERTY DR,ENTRANCE TO MENARDS,"",,"",39.145264,-86.577616,LOCAL/CITY ROAD,N,RURAL,N,N,N,"",DAYLIGHT,CLEAR,DRY,"",NO JUNCTION INVOLVED,NON-ROADWAY CRASH,CONCRETE,FOLLOWING TOO CLOSELY,REAR END,SLIBERTYDR,NONE
2040,BLOOMINGTON PD,BLOOMINGTON,2021-05-24T00:00:00,3:36 PM,2,0,0,0,0,"","","",S WALNUT ST PIKE,E RHORER RD,"",,"",39.12144,-86.526496,LOCAL/CITY ROAD,N,URBAN,N,N,N,"",DAYLIGHT,CLEAR,DRY,"",FOUR-WAY INTERSECTION,STRAIGHT/GRADE,ASPHALT,FAILURE TO YIELD RIGHT OF WAY,RIGHT ANGLE,EASTRHORERRDSOUTHWALNUTSTREETPIKE,TRAFFIC CONTROL SIGNAL
2041,INDIANA UNIV BLOOMINGTON PD,BLOOMINGTON,2021-05-24T00:00:00,3:55 PM,1,0,1,0,0,"","","",N JORDAN AVE,E 7TH ST,"",,"",39.168853,-86.516143,LOCAL/CITY ROAD,N,URBAN,N,N,N,"",DAYLIGHT,CLEAR,DRY,"",FOUR-WAY INTERSECTION,STRAIGHT/GRADE,ASPHALT,FAILURE TO YIELD RIGHT OF WAY,RIGHT TURN,E7THSTJORDANAVE,STOP SIGN
2042,BLOOMINGTON PD,BLOOMINGTON,2021-05-24T00:00:00,4:17 PM,2,0,0,0,0,"","","",N WALNUT ST,W OLD SR 37,"",,"",39.20704,-86.534704,LOCAL/CITY ROAD,N,URBAN,N,N,N,"",DAYLIGHT,CLEAR,DRY,"",FOUR-WAY INTERSECTION,STRAIGHT/GRADE,ASPHALT,DISREGARD SIGNAL/REG SIGN,RIGHT ANGLE,NWALNUTSTOLDSR37ST,TRAFFIC CONTROL SIGNAL