_id,Agency,City,Collision Date,Collision Time,Vehicles Involved,Trailers Involved,Number Injured,Number Dead,Number Deer,House Number,Roadway Interchange,Roadway Ramp,Roadway Id,Intersecting Road,Interchange,Feet From,Direction,Latitude,Longitude,Roadway Class,Hit and Run?,Locality,School Zone?,Rumble Strips?,Construction?,Construction Type,Light Condition,Weather Conditions,Surface Condition,Type of Median,Roadway Junction Type,Road Character,Roadway Surface,Primary Factor,Manner of Collision,Unique Location Id,Traffic Control
2043,MONROE SD,BLOOMINGTON,2021-05-24T00:00:00,4:19 PM,4,0,0,0,0,"","","",N CURRY PIKE,W WOODYARD RD,"",150,S,39.190672,-86.582992,LOCAL/CITY ROAD,N,URBAN,N,N,N,"",DAYLIGHT,CLEAR,DRY,"",NO JUNCTION INVOLVED,CURVE/LEVEL,ASPHALT,LEFT OF CENTER,OPPOSITE DIRECTION SIDESWIPE,NCURRYPIKEWWOODYARDRD,LANE CONTROL
2044,BLOOMINGTON PD,BLOOMINGTON,2021-05-24T00:00:00,5:16 PM,2,0,0,0,0,"","","",W COUNTRY CLUB DR,S MADISON ST,"",,"",39.136048,-86.536992,LOCAL/CITY ROAD,N,URBAN,N,N,N,"",DAYLIGHT,CLEAR,DRY,"",FOUR-WAY INTERSECTION,STRAIGHT/GRADE,ASPHALT,FOLLOWING TOO CLOSELY,REAR END,MADISONSTWESTCOUNTRYCLUBRD,TRAFFIC CONTROL SIGNAL
2045,BLOOMINGTON PD,BLOOMINGTON,2021-05-24T00:00:00,5:24 PM,2,0,1,0,0,1175,"","",E COVENANTER DR,S AUTO MALL RD,"",,"",39.153694,-86.495232,LOCAL/CITY ROAD,N,URBAN,N,N,N,"",DAYLIGHT,CLEAR,DRY,"",FOUR-WAY INTERSECTION,STRAIGHT/LEVEL,ASPHALT,FOLLOWING TOO CLOSELY,REAR END,1175SCOLLEGEMALLRDEASTCOVENANTERBLVD,STOP SIGN
2046,BLOOMINGTON PD,BLOOMINGTON,2021-05-24T00:00:00,7:35 PM,1,0,0,0,0,"","","",N WALNUT ST,W 10TH ST,"",,"",39.171744,-86.53352,LOCAL/CITY ROAD,N,RURAL,N,N,N,"",DAYLIGHT,CLEAR,DRY,"",FOUR-WAY INTERSECTION,STRAIGHT/GRADE,ASPHALT,RAN OFF ROAD RIGHT,RAN OFF ROAD,NWALNUTSTW10THST,TRAFFIC CONTROL SIGNAL
2047,INDIANA UNIV BLOOMINGTON PD,BLOOMINGTON,2021-05-24T00:00:00,9:32 PM,2,0,0,0,0,"","","",E 3RD ST,S COLLEGE MALL RD,"",,"",0,0,LOCAL/CITY ROAD,N,URBAN,N,N,Y,LANE CLOSURE,DARK (LIGHTED),CLEAR,DRY,"",FOUR-WAY INTERSECTION,STRAIGHT/LEVEL,ASPHALT,UNSAFE BACKING,REAR END,COLLEGEMALLRDSR46,TRAFFIC CONTROL SIGNAL
2048,ISP BLOOMINGTON 33,BLOOMINGTON,2021-05-23T00:00:00,1:24 PM,1,,0,0,0,"","","",I-69 S,W VERNAL PIKE,"",0,"",39.17904293,-86.55924029,INTERSTATE,"",URBAN,N,Y,N,"",DAYLIGHT,CLEAR,DRY,"",NO JUNCTION INVOLVED,"",ASPHALT,OTHER (ENVIRONMENTAL) - EXPLAIN IN NARR,NON-COLLISION,I-69120,""
2049,BLOOMINGTON PD,BLOOMINGTON,2021-05-23T00:00:00,5:40 PM,2,0,0,0,0,"","","",S HENDERSON ST,E HILLSIDE DR,"",,"",39.15064,-86.52696,UNKNOWN,Y,URBAN,N,N,N,"",DAYLIGHT,CLEAR,DRY,"",NO JUNCTION INVOLVED,STRAIGHT/GRADE,ASPHALT,RAN OFF ROAD RIGHT,SAME DIRECTION SIDESWIPE,HENDERSONSTHILLSIDEST,LANE CONTROL
2050,MONROE SD,BLOOMINGTON,2021-05-23T00:00:00,6:48 PM,1,0,1,0,0,"","","",W WOODYARD RD,N LOESCH RD,"",,"",39.193664,-86.590994,COUNTY ROAD,N,RURAL,N,N,N,"",DAYLIGHT,CLEAR,DRY,"",FOUR-WAY INTERSECTION,STRAIGHT/LEVEL,ASPHALT,IMPROPER TURNING,COLLISION WITH OBJECT IN ROAD,LOESCHRDWOODYARDRD,TRAFFIC CONTROL SIGNAL
2051,MONROE SD,BLOOMINGTON,2021-05-22T00:00:00,1:11 AM,1,0,0,0,0,7265,"","",SR 45,W CROSSOVER RD,"",,"",39.125312,-86.610496,STATE ROAD,Y,RURAL,N,N,N,"",DARK (NOT LIGHTED),CLEAR,DRY,"",T-INTERSECTION,CURVE/LEVEL,ASPHALT,RAN OFF ROAD RIGHT,RAN OFF ROAD,SR45,LANE CONTROL
2052,BLOOMINGTON PD,BLOOMINGTON,2021-05-22T00:00:00,1:21 AM,2,0,1,0,0,"","","",S WALNUT ST,E 3RD ST,"",,"",39.16464,-86.5336,LOCAL/CITY ROAD,N,URBAN,N,N,N,"",DARK (LIGHTED),CLEAR,DRY,"",FOUR-WAY INTERSECTION,STRAIGHT/LEVEL,ASPHALT,FAILURE TO YIELD RIGHT OF WAY,RIGHT ANGLE,E3RDSTSWALNUTST,TRAFFIC CONTROL SIGNAL
2053,INDIANA UNIV BLOOMINGTON PD,BLOOMINGTON,2021-05-22T00:00:00,7:37 PM,2,0,0,0,0,"","","",E ATWATER AVE,S JORDAN AVE,"",,"",39.163051,-86.516389,LOCAL/CITY ROAD,N,URBAN,N,N,N,"",DAYLIGHT,CLEAR,DRY,"",FOUR-WAY INTERSECTION,STRAIGHT/LEVEL,ASPHALT,DISREGARD SIGNAL/REG SIGN,RIGHT ANGLE,ATWATERAVEJORDANAVE,TRAFFIC CONTROL SIGNAL
2054,BLOOMINGTON PD,BLOOMINGTON,2021-05-22T00:00:00,9:08 PM,2,0,1,0,0,"","","",E RHORER RD,S TWO CREEKS LN,"",,"",39.121454,-86.516957,LOCAL/CITY ROAD,N,URBAN,N,N,N,"",DARK (NOT LIGHTED),CLEAR,DRY,"",T-INTERSECTION,STRAIGHT/GRADE,CONCRETE,FAILURE TO YIELD RIGHT OF WAY,RAN OFF ROAD,ERHORERRDSTWOCREEKSLN,NONE
2055,MONROE SD,BLOOMINGTON,2021-05-21T00:00:00,11:57 AM,1,0,0,0,0,"","","",SR 446,RED OAK LN,"",50,S,0,0,STATE ROAD,N,RURAL,N,N,N,"",DARK (NOT LIGHTED),CLEAR,DRY,"",T-INTERSECTION,CURVE/HILLCREST,ASPHALT,RAN OFF ROAD RIGHT,RAN OFF ROAD,REDOAKLNSR446S,NONE
2056,BLOOMINGTON PD,BLOOMINGTON,2021-05-21T00:00:00,11:59 AM,2,0,0,0,0,3423,"","",ACADIA CT,"","",,"",39.133065,-86.5183052,UNKNOWN,N,URBAN,N,N,N,"",DAYLIGHT,CLEAR,DRY,"",NO JUNCTION INVOLVED,STRAIGHT/GRADE,ASPHALT,UNSAFE BACKING,BACKING CRASH,SOUTHACADIACT,NONE
2057,BLOOMINGTON PD,BLOOMINGTON,2021-05-21T00:00:00,4:33 PM,2,0,0,0,0,"","","",E 3RD ST,S JEFFERSON ST,"",,"",39.164304,-86.506992,LOCAL/CITY ROAD,N,URBAN,N,N,N,"",DAYLIGHT,CLEAR,DRY,"",NO JUNCTION INVOLVED,STRAIGHT/LEVEL,ASPHALT,FOLLOWING TOO CLOSELY,REAR END,E3RDSTJEFFERSONST,TRAFFIC CONTROL SIGNAL
2058,BLOOMINGTON PD,BLOOMINGTON,2021-05-21T00:00:00,6:08 PM,2,0,0,0,0,"","","",SR 45/46,N WALNUT ST,"",,"",39.186352,-86.534704,LOCAL/CITY ROAD,Y,URBAN,N,N,N,"",DAYLIGHT,BLOWING SAND/SOIL/SNOW,DRY,"",FOUR-WAY INTERSECTION,STRAIGHT/LEVEL,ASPHALT,FOLLOWING TOO CLOSELY,REAR END,NCOLLEGEAVESR46W,TRAFFIC CONTROL SIGNAL
2059,MONROE SD,BLOOMINGTON,2021-05-21T00:00:00,11:20 PM,2,0,1,0,0,"","",Y,W TAPP RD,I-69 S,"",,"",0,0,LOCAL/CITY ROAD,N,URBAN,N,N,N,"",DARK (LIGHTED),CLEAR,DRY,"",TRAFFIC CIRCLE/ROUNDABOUT,CURVE/LEVEL,ASPHALT,FAILURE TO YIELD RIGHT OF WAY,RIGHT ANGLE,SBINTERSTATE69OFFRPWTAPPRD,LANE CONTROL
2060,BLOOMINGTON PD,BLOOMINGTON,2021-05-20T00:00:00,6:20 AM,1,0,0,0,0,"","","",E 10TH ST,N GRANT ST,"",,"",39.171696,-86.529696,LOCAL/CITY ROAD,Y,URBAN,N,N,N,"",DAWN/DUSK,CLEAR,DRY,"",FOUR-WAY INTERSECTION,STRAIGHT/GRADE,ASPHALT,IMPROPER TURNING,RAN OFF ROAD,10THSTGRANTST,LANE CONTROL
2061,DNR LAW ENFORCEMENT,BLOOMINGTON,2021-05-20T00:00:00,7:00 AM,1,,0,0,0,"","","",CUTRIGHT STATE RECREATION AREA RD,"","",0,"",39.06746322,-86.40724934,STATE ROAD,"",RURAL,N,N,N,"",DAYLIGHT,CLEAR,DRY,"",NO JUNCTION INVOLVED,"",GRAVEL,OVERCORRECTING/OVERSTEERING,"",StateRd446,""
2062,MONROE SD,BLOOMINGTON,2021-05-20T00:00:00,4:35 PM,2,0,0,0,0,"","","",SR 446,"","",460,N,39.14827765,-86.4252816,STATE ROAD,N,RURAL,N,N,N,"",DAYLIGHT,CLEAR,DRY,"",NO JUNCTION INVOLVED,CURVE/GRADE,CONCRETE,UNSAFE SPEED,OPPOSITE DIRECTION SIDESWIPE,EMERRITTDRSR446S,NONE
2063,ISP BLOOMINGTON 33,BLOOMINGTON,2021-05-20T00:00:00,4:55 PM,2,,0,0,0,"","","",I-69 S,W TAPP RD,"",0,"",39.13284781,-86.57322074,INTERSTATE,"",URBAN,N,N,N,"",DAYLIGHT,CLEAR,DRY,"",NO JUNCTION INVOLVED,"",ASPHALT,FAILURE TO YIELD RIGHT OF WAY,REAR END,I-69116,""
2064,ISP BLOOMINGTON 33,"",2021-05-20T00:00:00,7:30 PM,2,,0,0,0,"","","",SR 45,S WOODBINE DR,"",80,"",39.10952346,-86.64078503,STATE ROAD,"",RURAL,N,N,N,"",DAYLIGHT,CLEAR,DRY,"",NO JUNCTION INVOLVED,"",ASPHALT,FOLLOWING TOO CLOSELY,REAR END,WStateRd45SWoodbineDr.,""
2065,MONROE SD,BLOOMINGTON,2021-05-19T00:00:00,1:34 AM,1,0,0,0,0,"","","",S FAIRFAX RD,S STRAIN RIDGE RD,"",,"",39.07434,-86.505806,LOCAL/CITY ROAD,N,URBAN,N,N,N,"",DARK (LIGHTED),CLEAR,DRY,"",T-INTERSECTION,STRAIGHT/GRADE,ASPHALT,RAN OFF ROAD RIGHT,RAN OFF ROAD,SOUTHFAIRFAXRDSOUTHSTRAINRIDGERD,STOP SIGN
2066,ELLETTSVILLE PD,ELLETTSVILLE,2021-05-19T00:00:00,7:00 AM,2,0,0,0,0,"","","",SR 46,N MATTHEWS DR (N),"",,"",39.236096,-86.625168,LOCAL/CITY ROAD,N,URBAN,N,N,N,"",DAYLIGHT,RAIN,WET,"",NO JUNCTION INVOLVED,STRAIGHT/LEVEL,ASPHALT,LEFT OF CENTER,RIGHT TURN,MAINSTMATTHEWSDR,TRAFFIC CONTROL SIGNAL
2067,BLOOMINGTON PD,BLOOMINGTON,2021-05-19T00:00:00,8:30 AM,2,0,1,0,0,"","","",S WALNUT ST,ENTRANCE TO STARBUCKS,"",150,S,39.146944,-86.532544,LOCAL/CITY ROAD,N,URBAN,N,N,N,"",DAYLIGHT,CLOUDY,DRY,"",NO JUNCTION INVOLVED,STRAIGHT/LEVEL,ASPHALT,FAILURE TO YIELD RIGHT OF WAY,RIGHT ANGLE,EMILLERDRSWALNUTST,LANE CONTROL
2068,BLOOMINGTON PD,BLOOMINGTON,2021-05-19T00:00:00,10:16 AM,1,0,0,0,0,"","","",W BLOOMFIELD RD,S LANDMARK AVE,"",,"",39.159933,-86.55386,LOCAL/CITY ROAD,N,URBAN,N,N,N,"",DAYLIGHT,CLOUDY,DRY,"",FOUR-WAY INTERSECTION,STRAIGHT/LEVEL,ASPHALT,OVERCORRECTING/OVERSTEERING,OTHER - EXPLAIN IN NARRATIVE,BLOOMFIELDRDLANDMARKAVE,TRAFFIC CONTROL SIGNAL
2069,BLOOMINGTON PD,BLOOMINGTON,2021-05-19T00:00:00,2:41 PM,2,0,0,0,0,"","","",W 3RD ST,S KIMBLE DR,"",,"",39.16464,-86.568,LOCAL/CITY ROAD,N,URBAN,N,N,N,"",DAYLIGHT,CLEAR,DRY,"",T-INTERSECTION,STRAIGHT/LEVEL,ASPHALT,FOLLOWING TOO CLOSELY,REAR END,SKIMBLEDRW3RDST,TRAFFIC CONTROL SIGNAL
2070,MONROE SD,BLOOMINGTON,2021-05-19T00:00:00,2:45 PM,2,0,0,0,0,"","","",N SMITH PIKE,W WOODYARD RD,"",,"",0,0,LOCAL/CITY ROAD,N,URBAN,N,N,N,"",DAYLIGHT,CLEAR,DRY,"",NO JUNCTION INVOLVED,STRAIGHT/LEVEL,ASPHALT,IMPROPER TURNING,LEFT TURN,NSMITHPIKEWWOODYARDRD,STOP SIGN
2071,BLOOMINGTON PD,BLOOMINGTON,2021-05-19T00:00:00,3:05 PM,2,0,0,0,0,"","","",N WALNUT ST,W 6TH ST,"",,"",39.167648,-86.533584,LOCAL/CITY ROAD,N,URBAN,N,N,N,"",DAYLIGHT,CLEAR,DRY,"",FOUR-WAY INTERSECTION,STRAIGHT/GRADE,ASPHALT,UNSAFE LANE MOVEMENT,SAME DIRECTION SIDESWIPE,NORTHWALNUTSTWEST6THST,TRAFFIC CONTROL SIGNAL
2072,MONROE SD,BLOOMINGTON,2021-05-19T00:00:00,3:47 PM,2,0,0,0,0,"","","",S ROGERS ST,W CLEAR CREEK DR,"",100,S,0,0,LOCAL/CITY ROAD,N,RURAL,N,N,N,"",DAYLIGHT,CLEAR,DRY,"",NO JUNCTION INVOLVED,STRAIGHT/LEVEL,ASPHALT,FAILURE TO YIELD RIGHT OF WAY,RIGHT ANGLE,ECLEARCREEKSTSROGERSST,NONE
2073,BLOOMINGTON PD,BLOOMINGTON,2021-05-19T00:00:00,5:08 PM,2,0,0,0,0,"","","",S WALNUT ST,W KIRKWOOD AVE,"",50,N,39.16664,-86.5336,LOCAL/CITY ROAD,N,URBAN,N,N,N,"",DAYLIGHT,CLEAR,DRY,"",NO JUNCTION INVOLVED,STRAIGHT/LEVEL,ASPHALT,UNSAFE LANE MOVEMENT,SAME DIRECTION SIDESWIPE,EKIRKWOODAVESWALNUTST,NONE
2074,BLOOMINGTON PD,BLOOMINGTON,2021-05-19T00:00:00,6:02 PM,1,0,1,0,0,"","","",E 3RD ST,S HILLSDALE DR,"",,"",39.164272,-86.502416,LOCAL/CITY ROAD,N,URBAN,N,N,N,"",DAYLIGHT,CLEAR,DRY,"",FOUR-WAY INTERSECTION,STRAIGHT/LEVEL,ASPHALT,PEDESTRIAN ACTION,RIGHT ANGLE,E3RDSTSHILLSDALERD,NONE
2075,INDIANA UNIV BLOOMINGTON PD,BLOOMINGTON,2021-05-19T00:00:00,6:40 PM,2,0,0,0,0,"","","",E 3RD ST,S JORDAN AVE,"",,"",39.164263,-86.516394,LOCAL/CITY ROAD,N,URBAN,N,N,N,"",DAYLIGHT,CLEAR,DRY,"",FOUR-WAY INTERSECTION,STRAIGHT/LEVEL,ASPHALT,IMPROPER TURNING,LEFT TURN,JORDANAVETHIRDST,LANE CONTROL
2076,MONROE SD,BLOOMINGTON,2021-05-18T00:00:00,12:42 AM,2,0,0,0,0,"","","",W DILLMAN RD,S WALNUT ST,"",,"",39.092965,-86.546052,STATE ROAD,N,RURAL,N,N,N,"",DARK (NOT LIGHTED),CLEAR,WET,"",FOUR-WAY INTERSECTION,CURVE/HILLCREST,ASPHALT,FAILURE TO YIELD RIGHT OF WAY,OTHER - EXPLAIN IN NARRATIVE,DILLMANRDSR37N,TRAFFIC CONTROL SIGNAL
2077,BLOOMINGTON PD,BLOOMINGTON,2021-05-18T00:00:00,9:35 AM,2,0,0,0,0,"","","",S ROGERS ST,W COOLIDGE DR,"",,"",39.141328,-86.538528,LOCAL/CITY ROAD,N,URBAN,N,N,N,"",DAYLIGHT,CLOUDY,DRY,"",FOUR-WAY INTERSECTION,STRAIGHT/GRADE,ASPHALT,FAILURE TO YIELD RIGHT OF WAY,RIGHT ANGLE,SOUTHROGERSSTWESTCOOLIDGEDR,STOP SIGN
2078,BLOOMINGTON PD,BLOOMINGTON,2021-05-18T00:00:00,1:00 PM,1,0,1,0,0,"","","",N DUNN ST,E ALICE ST,"",100,N,39.169648,-86.52824,LOCAL/CITY ROAD,N,URBAN,N,N,N,"",DAYLIGHT,CLOUDY,DRY,"",FOUR-WAY INTERSECTION,STRAIGHT/LEVEL,ASPHALT,IMPROPER TURNING,RIGHT TURN,EAST8THSTNORTHDUNNST,LANE CONTROL
2079,BLOOMINGTON PD,BLOOMINGTON,2021-05-18T00:00:00,3:20 PM,1,0,0,0,0,"","","",W 2ND ST,S WALKER ST,"",150,E,39.161648,-86.546128,LOCAL/CITY ROAD,N,URBAN,N,N,N,"",DAYLIGHT,CLOUDY,DRY,"",NO JUNCTION INVOLVED,STRAIGHT/GRADE,ASPHALT,RAN OFF ROAD RIGHT,RAN OFF ROAD,SWALKERSTW2NDST,NONE
2080,ISP BLOOMINGTON 33,BLOOMINGTON,2021-05-18T00:00:00,4:10 PM,1,,0,0,0,"",96H,114H,SR 37,I-69 S,"",0,"",39.10998085,-86.56010969,STATE ROAD,"",RURAL,N,N,N,"",DAYLIGHT,CLOUDY,DRY,"",RAMP,"",ASPHALT,"",RAN OFF ROAD,SR37-96-H,""
2081,BLOOMINGTON PD,BLOOMINGTON,2021-05-18T00:00:00,7:19 PM,2,0,0,0,0,"","","",W 15TH ST,N MAPLE ST,"",,"",39.17664,-86.542096,LOCAL/CITY ROAD,Y,URBAN,N,N,N,"",DAYLIGHT,CLEAR,DRY,"",NO JUNCTION INVOLVED,STRAIGHT/LEVEL,ASPHALT,UNSAFE LANE MOVEMENT,SAME DIRECTION SIDESWIPE,15THSTMAPLEST,NONE
2082,MONROE SD,BLOOMINGTON,2021-05-18T00:00:00,11:07 PM,1,0,0,0,1,"","","",I-69 S,"","",100,S,0,0,INTERSTATE,N,RURAL,N,N,N,"",DARK (NOT LIGHTED),CLEAR,DRY,"",NO JUNCTION INVOLVED,STRAIGHT/LEVEL,CONCRETE,ANIMAL/OBJECT IN ROADWAY,COLLISION WITH DEER,I69S108.5,NONE
2083,MONROE SD,BLOOMINGTON,2021-05-17T00:00:00,1:33 AM,1,0,0,0,0,"","","",I-69 N,"","",100,S,0,0,INTERSTATE,N,RURAL,N,Y,N,"",DARK (NOT LIGHTED),RAIN,WET,"",NO JUNCTION INVOLVED,STRAIGHT/LEVEL,ASPHALT,ANIMAL/OBJECT IN ROADWAY,RAN OFF ROAD,I69N111.0,NONE
2084,ISP BLOOMINGTON 33,BLOOMINGTON,2021-05-17T00:00:00,7:30 AM,1,,0,0,0,"",Y,123,I-69 S,N SR 37 BUSINESS,Y,950,"",39.2357734,-86.54128022,INTERSTATE,"",RURAL,N,N,N,"",DAYLIGHT,RAIN,WET,"",NO JUNCTION INVOLVED,"",CONCRETE,SPEED TOO FAST FOR WEATHER CONDITIONS,RAN OFF ROAD,I-69,""
2085,MONROE SD,ELLETTSVILLE,2021-05-17T00:00:00,8:29 AM,2,0,0,0,0,"","","",SR 46,N SMITH PIKE,"",,"",39.210144,-86.5832,STATE ROAD,N,URBAN,N,N,N,"",DAYLIGHT,RAIN,WET,"",FOUR-WAY INTERSECTION,STRAIGHT/LEVEL,ASPHALT,DRIVER DISTRACTED - EXPLAIN IN NARRATIVE,REAR END,NSMITHPIKESR46W,TRAFFIC CONTROL SIGNAL
2086,ISP BLOOMINGTON 33,BLOOMINGTON,2021-05-17T00:00:00,10:21 AM,3,,0,0,0,"","","",SR 37,"","",1500,N,39.09639263,-86.54630131,STATE ROAD,"",RURAL,N,N,Y,LANE CLOSURE,DAYLIGHT,CLOUDY,DRY,"",NO JUNCTION INVOLVED,"",CONCRETE,FOLLOWING TOO CLOSELY,REAR END,SR371500ftnorthofDillmanRd,""
2087,BLOOMINGTON PD,BLOOMINGTON,2021-05-17T00:00:00,1:37 PM,2,0,0,0,0,"","","",W 17TH ST,N MONROE ST,"",,"",39.179248,-86.547104,LOCAL/CITY ROAD,Y,URBAN,N,N,N,"",DAYLIGHT,CLEAR,DRY,"",TRAFFIC CIRCLE/ROUNDABOUT,STRAIGHT/LEVEL,ASPHALT,FOLLOWING TOO CLOSELY,SAME DIRECTION SIDESWIPE,NMONROESTW17THST,ROUNDABOUT INTERSECTION
2088,BLOOMINGTON PD,BLOOMINGTON,2021-05-17T00:00:00,2:15 PM,1,0,0,0,0,"","","",E SUMMIT VIEW PL,S HENDERSON ST,"",,"",39.144554,-86.526958,LOCAL/CITY ROAD,Y,URBAN,N,N,N,"",DAYLIGHT,CLEAR,DRY,"",FOUR-WAY INTERSECTION,STRAIGHT/GRADE,ASPHALT,UNSAFE SPEED,RAN OFF ROAD,ESUMMITVIEWPLSHENDERSONST,NONE
2089,BLOOMINGTON PD,BLOOMINGTON,2021-05-17T00:00:00,2:19 PM,1,0,0,0,0,"","","",E WYLIE FARM RD,S AZALEA LN,"",,"",39.142075,-86.52418,LOCAL/CITY ROAD,Y,URBAN,N,N,N,"",DAYLIGHT,CLEAR,DRY,"",T-INTERSECTION,CURVE/GRADE,ASPHALT,UNSAFE SPEED,RAN OFF ROAD,EWYLIEFARMRDSAZALEALN,NONE
2090,ISP BLOOMINGTON 33,BLOOMINGTON,2021-05-17T00:00:00,2:25 PM,2,,0,0,0,"","","",SR 46,"","",700,W,39.16607088,-86.46780393,STATE ROAD,"",RURAL,N,N,N,"",DAYLIGHT,CLEAR,DRY,"",NO JUNCTION INVOLVED,"",ASPHALT,LEFT OF CENTER,HEAD ON BETWEEN TWO MOTOR VEHICLES,SR46approx700FtwestofLoriLn,""
2091,BLOOMINGTON PD,BLOOMINGTON,2021-05-17T00:00:00,2:27 PM,2,0,1,0,0,"","","",SR 45/46,N KINSER PIKE,"",350,W,39.18659899,-86.53912121,STATE ROAD,N,URBAN,N,N,N,"",DAYLIGHT,CLOUDY,DRY,"",NO JUNCTION INVOLVED,STRAIGHT/GRADE,ASPHALT,UNSAFE LANE MOVEMENT,SAME DIRECTION SIDESWIPE,NKINSERPIKESR46E,NONE
2092,BLOOMINGTON PD,BLOOMINGTON,2021-05-17T00:00:00,3:39 PM,2,0,0,0,0,"","","",SR 45,S LEONARD SPRINGS RD,"",,"",39.1420168,-86.5825852,LOCAL/CITY ROAD,N,URBAN,N,N,N,"",DAYLIGHT,CLOUDY,DRY,"",FOUR-WAY INTERSECTION,CURVE/GRADE,ASPHALT,FOLLOWING TOO CLOSELY,REAR END,CURRYPIKESTROAD45RD,TRAFFIC CONTROL SIGNAL
2093,BLOOMINGTON PD,BLOOMINGTON,2021-05-17T00:00:00,7:05 PM,2,0,0,0,0,"","","",S COLLEGE MALL RD,SR 46,"",,"",39.16424,-86.4984,LOCAL/CITY ROAD,Y,URBAN,N,N,N,"",DAYLIGHT,CLEAR,DRY,"",FOUR-WAY INTERSECTION,STRAIGHT/LEVEL,ASPHALT,FAILURE TO YIELD RIGHT OF WAY,SAME DIRECTION SIDESWIPE,E3RDSTSCOLLEGEMALLRD,TRAFFIC CONTROL SIGNAL
2094,ELLETTSVILLE PD,ELLETTSVILLE,2021-05-17T00:00:00,7:15 PM,2,0,1,0,0,5510,"","",SR 46,N LAKEVIEW DR,"",,"",39.2512,-86.652504,STATE ROAD,Y,URBAN,N,N,N,"",DAWN/DUSK,CLEAR,DRY,"",T-INTERSECTION,STRAIGHT/LEVEL,ASPHALT,OTHER (DRIVER) - EXPLAIN IN NARRATIVE,OTHER - EXPLAIN IN NARRATIVE,SR46W,NONE
2095,INDIANA UNIV BLOOMINGTON PD,BLOOMINGTON,2021-05-16T00:00:00,12:30 AM,1,0,0,0,1,"","","",SR 45/46,N MILO B SAMPSON LN,"",,"",39.18622,-86.522163,STATE ROAD,N,URBAN,N,N,N,"",DARK (NOT LIGHTED),CLEAR,DRY,"",T-INTERSECTION,STRAIGHT/LEVEL,ASPHALT,ANIMAL/OBJECT IN ROADWAY,COLLISION WITH DEER,NMILOBSAMPSONLNSR46,LANE CONTROL
2096,BLOOMINGTON PD,BLOOMINGTON,2021-05-16T00:00:00,3:50 PM,2,0,1,0,0,"","","",SR 48,S CURRY PIKE,"",,"",39.16465,-86.582939,LOCAL/CITY ROAD,N,URBAN,N,N,N,"",DAYLIGHT,CLOUDY,DRY,"",FOUR-WAY INTERSECTION,STRAIGHT/LEVEL,ASPHALT,DISREGARD SIGNAL/REG SIGN,RIGHT ANGLE,SOUTHCURRYPIKEWEST3RDST,TRAFFIC CONTROL SIGNAL
2097,MONROE SD,BLOOMINGTON,2021-05-16T00:00:00,9:29 PM,1,0,0,0,1,"","","",SR 37,S ZIKES RD,"",100,N,39.04973065,-86.53588429,STATE ROAD,N,RURAL,N,N,N,"",DARK (NOT LIGHTED),CLOUDY,DRY,"",NO JUNCTION INVOLVED,STRAIGHT/LEVEL,ASPHALT,ANIMAL/OBJECT IN ROADWAY,COLLISION WITH DEER,SR37SZIKESRD,NONE
2098,BLOOMINGTON PD,BLOOMINGTON,2021-05-15T00:00:00,11:43 AM,1,0,0,0,0,413,"","",E 4TH ST,ALLEY,"",,"",39.165746,-86.529094,UNKNOWN,N,URBAN,N,N,N,"",DARK (LIGHTED),CLEAR,DRY,"",T-INTERSECTION,STRAIGHT/LEVEL,ASPHALT,UNSAFE BACKING,COLLISION WITH OBJECT IN ROAD,EAST4THST,NONE
2099,BLOOMINGTON PD,BLOOMINGTON,2021-05-15T00:00:00,11:56 AM,2,0,0,0,0,"","","",S GRANT ST,"","",100,N,39.165648,-86.529712,LOCAL/CITY ROAD,Y,URBAN,N,N,N,"",DAYLIGHT,CLEAR,DRY,"",NO JUNCTION INVOLVED,STRAIGHT/LEVEL,ASPHALT,UNSAFE BACKING,BACKING CRASH,4THSTSGRANTST,NONE
2100,ISP BLOOMINGTON 33,BLOOMINGTON,2021-05-15T00:00:00,1:10 PM,2,,5,0,0,"","","",SR 45,W AIRPORT RD,"",0,"",39.13637934,-86.59442627,STATE ROAD,"",RURAL,N,N,N,"",DAYLIGHT,CLEAR,DRY,"",T-INTERSECTION,"",ASPHALT,FAILURE TO YIELD RIGHT OF WAY,RIGHT ANGLE,WStateRd45WAirportRd,""
2101,BLOOMINGTON PD,BLOOMINGTON,2021-05-15T00:00:00,1:19 PM,2,0,1,0,0,"","","",E DODDS ST,S LINCOLN ST,"",,"",39.157504,-86.531104,LOCAL/CITY ROAD,N,URBAN,N,N,N,"",DAYLIGHT,CLEAR,DRY,"",FOUR-WAY INTERSECTION,STRAIGHT/GRADE,CONCRETE,DISREGARD SIGNAL/REG SIGN,RIGHT ANGLE,EDODDSSTSLINCOLNST,STOP SIGN
2102,DNR LAW ENFORCEMENT,BLOOMINGTON,2021-05-15T00:00:00,2:10 PM,2,,1,0,0,"","","",SR 446,PAYNETOWN RD,"",0,"",39.09176796,-86.42305199,STATE ROAD,"",RURAL,N,Y,N,"",DAYLIGHT,CLEAR,DRY,"",T-INTERSECTION,"",ASPHALT,IMPROPER TURNING,RIGHT ANGLE,StateRd446PaynetownRd,""