_id,Agency,City,Collision Date,Collision Time,Vehicles Involved,Trailers Involved,Number Injured,Number Dead,Number Deer,House Number,Roadway Interchange,Roadway Ramp,Roadway Id,Intersecting Road,Interchange,Feet From,Direction,Latitude,Longitude,Roadway Class,Hit and Run?,Locality,School Zone?,Rumble Strips?,Construction?,Construction Type,Light Condition,Weather Conditions,Surface Condition,Type of Median,Roadway Junction Type,Road Character,Roadway Surface,Primary Factor,Manner of Collision,Unique Location Id,Traffic Control
2103,BLOOMINGTON PD,BLOOMINGTON,2021-05-15T00:00:00,2:10 PM,1,0,0,0,0,"","","",E HEATHER DR,S PRESTON CT,"",,"",39.126367,-86.521194,LOCAL/CITY ROAD,N,URBAN,N,N,N,"",DAYLIGHT,CLEAR,DRY,"",T-INTERSECTION,CURVE/LEVEL,ASPHALT,RAN OFF ROAD RIGHT,RAN OFF ROAD,EHEATHERDRSPRESTONCT,NONE
2104,BLOOMINGTON PD,BLOOMINGTON,2021-05-15T00:00:00,4:51 PM,2,0,2,0,0,"","","",SR 45/46,E MATLOCK RD,"",200,W,39.186032,-86.51984,LOCAL/CITY ROAD,N,URBAN,N,N,N,"",DAYLIGHT,CLOUDY,DRY,"",FOUR-WAY INTERSECTION,STRAIGHT/LEVEL,ASPHALT,UNSAFE LANE MOVEMENT,RIGHT ANGLE,EMATLOCKRDESTATEROAD4546HWY,TRAFFIC CONTROL SIGNAL
2105,MONROE SD,BLOOMINGTON,2021-05-15T00:00:00,10:34 PM,1,0,0,0,0,"","","",POINT VIEW DR,E POINTE RD,"",,"",39.032013,-86.51126249,UNKNOWN,N,RURAL,N,N,N,"",DARK (LIGHTED),CLOUDY,DRY,"",T-INTERSECTION,STRAIGHT/LEVEL,ASPHALT,OTHER (VEHICLE) - EXPLAIN IN NARRATIVE,RAN OFF ROAD,POINTERETREATDRPOINTERD,STOP SIGN
2106,MONROE SD,BLOOMINGTON,2021-05-15T00:00:00,10:39 PM,2,0,1,0,0,"","","",S FAIRFAX RD,E SMITHVILLE RD,"",,"",39.071152,-86.503088,LOCAL/CITY ROAD,N,URBAN,N,N,N,"",DARK (LIGHTED),CLOUDY,DRY,"",NO JUNCTION INVOLVED,STRAIGHT/GRADE,ASPHALT,DISREGARD SIGNAL/REG SIGN,RIGHT ANGLE,ESMITHVILLERDSFAIRFAXRD,STOP SIGN
2107,BLOOMINGTON PD,BLOOMINGTON,2021-05-14T00:00:00,8:58 AM,2,0,0,0,0,"","","",S ROGERS ST,W 2ND ST,"",,"",39.16152,-86.538592,LOCAL/CITY ROAD,N,URBAN,N,N,N,"",DAYLIGHT,CLEAR,DRY,"",FOUR-WAY INTERSECTION,STRAIGHT/GRADE,ASPHALT,FOLLOWING TOO CLOSELY,REAR END,SOUTHROGERSSTWEST2NDST,TRAFFIC CONTROL SIGNAL
2108,BLOOMINGTON PD,BLOOMINGTON,2021-05-14T00:00:00,12:10 PM,2,0,0,0,0,"","","",SR 46,S SMITH RD,"",,"",39.16424,-86.480688,LOCAL/CITY ROAD,N,URBAN,N,N,N,"",DAYLIGHT,CLEAR,DRY,"",FOUR-WAY INTERSECTION,STRAIGHT/LEVEL,ASPHALT,DRIVER DISTRACTED - EXPLAIN IN NARRATIVE,REAR END,E3RDSTSSMITHPIKE,TRAFFIC CONTROL SIGNAL
2109,MONROE SD,BLOOMINGTON,2021-05-14T00:00:00,4:03 PM,2,0,0,0,0,"","","",S WALNUT ST PIKE,S FAIRFAX RD,"",,"",39.10722,-86.531496,INTERSTATE,N,RURAL,N,N,N,"",DAYLIGHT,CLEAR,DRY,"",T-INTERSECTION,STRAIGHT/LEVEL,ASPHALT,FOLLOWING TOO CLOSELY,REAR END,FAIRFAXRDWALNUTSTPIKE,STOP SIGN
2110,MONROE SD,BLOOMINGTON,2021-05-14T00:00:00,9:17 PM,1,0,0,0,1,"","","",I-69 N,"","",250,S,0,0,INTERSTATE,N,RURAL,N,N,N,"",DARK (NOT LIGHTED),CLEAR,DRY,"",NO JUNCTION INVOLVED,CURVE/LEVEL,ASPHALT,ANIMAL/OBJECT IN ROADWAY,COLLISION WITH DEER,I69N108.0,NONE
2111,BLOOMINGTON PD,BLOOMINGTON,2021-05-14T00:00:00,10:46 PM,1,0,1,0,0,1620,"","",W 3RD ST,ENTRANCE TO WATER WORLD CAR WASH,"",,"",39.16454492,-86.55365233,UNKNOWN,N,URBAN,N,N,N,"",DARK (NOT LIGHTED),CLEAR,DRY,"",NO JUNCTION INVOLVED,STRAIGHT/LEVEL,ASPHALT,PEDESTRIAN ACTION,OTHER - EXPLAIN IN NARRATIVE,W3RDST,NONE
2112,BLOOMINGTON PD,BLOOMINGTON,2021-05-13T00:00:00,1:31 AM,1,0,1,0,0,"","","",N PINE ST,W 6TH ST,"",50,S,39.167728,-86.548336,LOCAL/CITY ROAD,Y,URBAN,N,N,N,"",DARK (NOT LIGHTED),CLEAR,DRY,"",NO JUNCTION INVOLVED,STRAIGHT/GRADE,ASPHALT,OTHER (DRIVER) - EXPLAIN IN NARRATIVE,OTHER - EXPLAIN IN NARRATIVE,NPINESTW6THST,NONE
2113,BLOOMINGTON PD,BLOOMINGTON,2021-05-13T00:00:00,12:01 PM,2,0,1,0,0,"",69,S,SR 45,I-69 S,"",,"",0,0,STATE ROAD,N,URBAN,N,N,N,"",DAYLIGHT,CLEAR,DRY,"",RAMP,CURVE/GRADE,ASPHALT,FOLLOWING TOO CLOSELY,REAR END,SR45W,TRAFFIC CONTROL SIGNAL
2114,BLOOMINGTON PD,BLOOMINGTON,2021-05-13T00:00:00,1:20 PM,2,0,1,0,0,"","","",W 2ND ST,S ROGERS ST,"",,"",39.16138,-86.53867,LOCAL/CITY ROAD,N,URBAN,N,N,N,"",DAYLIGHT,CLEAR,DRY,"",NO JUNCTION INVOLVED,STRAIGHT/LEVEL,ASPHALT,DISREGARD SIGNAL/REG SIGN,RIGHT ANGLE,ROGERSSTW2NDST,TRAFFIC CONTROL SIGNAL
2115,DNR LAW ENFORCEMENT,BLOOMINGTON,2021-05-13T00:00:00,1:23 PM,2,,0,0,0,"","","",S FAIRFAX RD,S STRAIN RDIGE RD,"",0,"",39.0743656,-86.50576777,"","",RURAL,N,N,N,"",DAYLIGHT,CLEAR,DRY,"",T-INTERSECTION,"",ASPHALT,VIEW OBSTRUCTED,LEFT TURN,SStrainRidgeRdsfairfaxrd,""
2116,BLOOMINGTON PD,BLOOMINGTON,2021-05-13T00:00:00,1:38 PM,2,0,0,0,0,"",69,N,W 3RD ST,I-69 N,"",,"",0,0,LOCAL/CITY ROAD,N,URBAN,N,N,N,"",DAYLIGHT,CLEAR,DRY,"",RAMP,CURVE/GRADE,ASPHALT,FOLLOWING TOO CLOSELY,REAR END,W3RDST,TRAFFIC CONTROL SIGNAL
2117,BLOOMINGTON PD,BLOOMINGTON,2021-05-13T00:00:00,2:57 PM,3,0,0,0,0,"","","",SR 48,S GATES DR,"",,"",39.16466,-86.576125,LOCAL/CITY ROAD,Y,URBAN,N,N,N,"",DAYLIGHT,CLEAR,DRY,"",FOUR-WAY INTERSECTION,STRAIGHT/GRADE,ASPHALT,FOLLOWING TOO CLOSELY,REAR END,SGATESDRW3RDST,TRAFFIC CONTROL SIGNAL
2118,MONROE SD,BLOOMINGTON,2021-05-13T00:00:00,5:36 PM,1,0,0,0,0,"","","",SR 46,N HARTSTRAIT RD,"",100,E,39.227137,-86.61522666,STATE ROAD,N,RURAL,N,N,N,"",DAYLIGHT,CLEAR,DRY,"",NO JUNCTION INVOLVED,CURVE/GRADE,ASPHALT,RAN OFF ROAD RIGHT,RAN OFF ROAD,SR46ETAILWATERRD,NONE
2119,MORGAN SD,BLOOMINGTON,2021-05-12T00:00:00,7:13 AM,1,0,0,0,1,"","","",I-69 N,"","",,"",39.3759642,-86.4766265,INTERSTATE,N,RURAL,N,N,N,"",DAYLIGHT,CLEAR,DRY,"",NO JUNCTION INVOLVED,STRAIGHT/GRADE,CONCRETE,ANIMAL/OBJECT IN ROADWAY,COLLISION WITH DEER,I69NLIBERTYCHURCHRD,LANE CONTROL
2120,BLOOMINGTON PD,BLOOMINGTON,2021-05-12T00:00:00,8:08 AM,2,0,0,0,0,"","","",S ROGERS ST,W CHEROKEE DR,"",200,N,39.16808335,-86.538856,COUNTY ROAD,N,URBAN,N,N,N,"",DAYLIGHT,CLEAR,DRY,"",NO JUNCTION INVOLVED,STRAIGHT/LEVEL,ASPHALT,FOLLOWING TOO CLOSELY,REAR END,CHEROKEEDRROGERSST,LANE CONTROL
2121,BLOOMINGTON PD,BLOOMINGTON,2021-05-12T00:00:00,8:38 AM,2,0,1,0,0,"","","",W TAPP RD,S ADAMS ST,"",,"",39.136643,-86.554158,LOCAL/CITY ROAD,N,URBAN,N,N,N,"",DAYLIGHT,CLEAR,DRY,"",FOUR-WAY INTERSECTION,CURVE/LEVEL,ASPHALT,ANIMAL/OBJECT IN ROADWAY,REAR END,ADAMSSTTAPPRD,ROUNDABOUT INTERSECTION
2122,BLOOMINGTON PD,BLOOMINGTON,2021-05-12T00:00:00,10:15 AM,2,0,0,0,0,"","","",E 2ND ST,S COLLEGE MALL RD,"",75,W,39.160944,-86.497696,LOCAL/CITY ROAD,N,URBAN,N,N,N,"",DAYLIGHT,CLEAR,DRY,"",FOUR-WAY INTERSECTION,STRAIGHT/GRADE,ASPHALT,FOLLOWING TOO CLOSELY,REAR END,COLLEGEMALLRDEAST2NDST,NONE
2123,BLOOMINGTON PD,BLOOMINGTON,2021-05-12T00:00:00,12:56 PM,3,0,0,0,0,"","","",E 3RD ST,S JEFFERSON ST,"",50,E,39.16426,-86.50709132,LOCAL/CITY ROAD,N,URBAN,N,N,N,"",DAYLIGHT,CLEAR,DRY,"",T-INTERSECTION,STRAIGHT/GRADE,ASPHALT,FOLLOWING TOO CLOSELY,REAR END,EAST3RDSTSOUTHJEFERSONST,LANE CONTROL
2124,BLOOMINGTON PD,BLOOMINGTON,2021-05-12T00:00:00,3:11 PM,1,0,0,0,0,"","","",S HENDERSON ST,E HILLSIDE DR,"",,"",39.15064,-86.52696,LOCAL/CITY ROAD,Y,URBAN,Y,N,N,"",DAYLIGHT,CLEAR,DRY,"",FOUR-WAY INTERSECTION,STRAIGHT/GRADE,ASPHALT,IMPROPER TURNING,RAN OFF ROAD,EHILLSIDEDRSHENDERSONST,TRAFFIC CONTROL SIGNAL
2125,BLOOMINGTON PD,BLOOMINGTON,2021-05-12T00:00:00,3:35 PM,3,0,1,0,0,"","","",S COLLEGE MALL RD,"","",300,S,39.12343803,-86.4976527,LOCAL/CITY ROAD,N,URBAN,N,N,Y,LANE CLOSURE,DAYLIGHT,CLEAR,DRY,"",NO JUNCTION INVOLVED,STRAIGHT/LEVEL,ASPHALT,FOLLOWING TOO CLOSELY,REAR END,EASTCOVENANTERBLVDSOUTHCOLLEGEMALLRD,NONE
2126,INDIANA UNIV BLOOMINGTON PD,BLOOMINGTON,2021-05-12T00:00:00,4:14 PM,2,0,0,0,0,"","","",SR 45/46,N DUNN ST,"",,"",39.186352,-86.528496,STATE ROAD,N,URBAN,N,N,N,"",DAYLIGHT,CLEAR,DRY,"",NO JUNCTION INVOLVED,STRAIGHT/LEVEL,ASPHALT,DRIVER DISTRACTED - EXPLAIN IN NARRATIVE,REAR END,DUNNSTSR46E,TRAFFIC CONTROL SIGNAL
2127,BLOOMINGTON PD,BLOOMINGTON,2021-05-12T00:00:00,5:16 PM,2,0,0,0,0,"","","",W TAPP RD,S LEONARD SPRINGS RD,"",,"",39.13704,-86.582512,LOCAL/CITY ROAD,N,URBAN,N,N,N,"",DAYLIGHT,CLEAR,DRY,"",T-INTERSECTION,STRAIGHT/LEVEL,ASPHALT,FAILURE TO YIELD RIGHT OF WAY,LEFT TURN,SLEONARDSPRINGSRDWTAPPRD,NONE
2128,ELLETTSVILLE PD,ELLETTSVILLE,2021-05-12T00:00:00,5:39 PM,2,0,2,0,0,"","","",SR 46,ENTRANCE TO MARATHON GAS STATION,"",100,E,39.245757,-86.63672466,STATE ROAD,N,URBAN,N,N,N,"",DAYLIGHT,CLEAR,DRY,"",NO JUNCTION INVOLVED,CURVE/LEVEL,ASPHALT,FAILURE TO YIELD RIGHT OF WAY,RIGHT ANGLE,REDHILLRDSR46W,LANE CONTROL
2129,ISP BLOOMINGTON 33,BLOOMINGTON,2021-05-12T00:00:00,6:00 PM,1,,0,0,0,"","","",SR 446,S KNIGHTRIDGE RD (MID),"",0,"",39.13587998,-86.45690425,STATE ROAD,"",RURAL,N,Y,N,"",DAYLIGHT,CLEAR,DRY,"",FOUR-WAY INTERSECTION,"",ASPHALT,UNSAFE SPEED,RAN OFF ROAD,StateRd446S.KnightridgeRd.,""
2130,BLOOMINGTON PD,BLOOMINGTON,2021-05-12T00:00:00,9:45 PM,2,0,1,0,0,"","","",S ROGERS ST,W RALSTON DR,"",60,S,0,0,LOCAL/CITY ROAD,Y,URBAN,N,N,N,"",DARK (LIGHTED),CLEAR,DRY,"",NO JUNCTION INVOLVED,STRAIGHT/GRADE,"",IMPROPER LANE USAGE,HEAD ON BETWEEN TWO MOTOR VEHICLES,RALSTONSTSROGERSST,NONE
2131,BLOOMINGTON PD,BLOOMINGTON,2021-05-11T00:00:00,8:17 AM,2,0,1,0,0,"","","",W BLOOMFIELD RD,S STONE DR,"",300,E,39.15334533,-86.56574824,LOCAL/CITY ROAD,N,URBAN,N,N,N,"",DAYLIGHT,CLOUDY,DRY,"",NO JUNCTION INVOLVED,CURVE/GRADE,ASPHALT,LEFT OF CENTER,HEAD ON BETWEEN TWO MOTOR VEHICLES,BLOOMFIELDRDSTONEDR,LANE CONTROL
2132,MONROE SD,BLOOMINGTON,2021-05-11T00:00:00,9:45 AM,2,0,0,0,0,"","","",S CURRY PIKE,W INDUSTRIAL BLVD,"",,"",39.143808,-86.582592,COUNTY ROAD,N,RURAL,N,N,N,"",DAYLIGHT,CLEAR,DRY,"",T-INTERSECTION,STRAIGHT/GRADE,ASPHALT,FAILURE TO YIELD RIGHT OF WAY,LEFT TURN,SOUTHCURRYPIKEWESTINDUSTRIALBLVD,STOP SIGN
2133,BLOOMINGTON PD,BLOOMINGTON,2021-05-11T00:00:00,1:28 PM,2,0,0,0,0,"","","",S HENDERSON ST,E WINSLOW RD,"",,"",39.136144,-86.5268,LOCAL/CITY ROAD,N,URBAN,N,N,N,"",DAYLIGHT,CLOUDY,DRY,"",FOUR-WAY INTERSECTION,STRAIGHT/LEVEL,ASPHALT,FOLLOWING TOO CLOSELY,REAR END,EASTWINSLOWRDSOUTHHENDERSONST,TRAFFIC CONTROL SIGNAL
2134,BLOOMINGTON PD,BLOOMINGTON,2021-05-11T00:00:00,4:09 PM,1,1,0,0,0,"","","",N MADISON ST,W 15TH ST,"",,"",39.17664,-86.537712,LOCAL/CITY ROAD,N,URBAN,N,N,N,"",DAYLIGHT,CLEAR,DRY,"",T-INTERSECTION,STRAIGHT/LEVEL,ASPHALT,IMPROPER TURNING,RAN OFF ROAD,NMADISONSTW15THST,STOP SIGN
2135,BLOOMINGTON PD,BLOOMINGTON,2021-05-11T00:00:00,4:09 PM,1,1,0,0,0,"","","",N ROGERS ST,W 15TH ST,"",,"",39.17664,-86.538496,LOCAL/CITY ROAD,N,URBAN,N,N,N,"",DAYLIGHT,CLEAR,DRY,"",T-INTERSECTION,STRAIGHT/LEVEL,ASPHALT,IMPROPER TURNING,RAN OFF ROAD,NROGERSSTW15THST,STOP SIGN
2136,BLOOMINGTON PD,BLOOMINGTON,2021-05-10T00:00:00,1:29 AM,1,0,0,0,0,"","","",N FAIRVIEW ST,W 11TH ST,"",,"",39.173152,-86.5408,LOCAL/CITY ROAD,N,URBAN,N,N,N,"",DAYLIGHT,CLEAR,DRY,"",T-INTERSECTION,CURVE/GRADE,ASPHALT,STEERING FAILURE,OTHER - EXPLAIN IN NARRATIVE,NORTHFAIRVIEWSTWEST11THST,LANE CONTROL
2137,BLOOMINGTON PD,BLOOMINGTON,2021-05-10T00:00:00,7:00 AM,2,0,0,0,0,"","","",E MAXWELL LN,S FESS AVE,"",,"",39.157936,-86.525888,LOCAL/CITY ROAD,Y,URBAN,N,N,N,"",DARK (NOT LIGHTED),CLEAR,DRY,"",FOUR-WAY INTERSECTION,STRAIGHT/GRADE,ASPHALT,UNSAFE LANE MOVEMENT,SAME DIRECTION SIDESWIPE,FESSAVEMAXWELLLN,NONE
2138,ELLETTSVILLE PD,ELLETTSVILLE,2021-05-10T00:00:00,8:39 AM,2,0,0,0,0,"","","",SR 46,N MATTHEWS DR (S),"",,"",39.234768,-86.626384,STATE ROAD,N,URBAN,N,N,N,"",DAYLIGHT,CLEAR,DRY,"",T-INTERSECTION,STRAIGHT/GRADE,ASPHALT,FAILURE TO YIELD RIGHT OF WAY,RIGHT ANGLE,MATTHEWSDRSR46W,STOP SIGN
2139,ISP BLOOMINGTON 33,BLOOMINGTON,2021-05-10T00:00:00,8:42 AM,2,,1,0,0,"","","",I-69 S,W TAPP RD,"",0,"",39.1391231,-86.57310895,INTERSTATE,"",RURAL,N,N,N,"",DAYLIGHT,CLEAR,DRY,"",NO JUNCTION INVOLVED,"",ASPHALT,DRIVER DISTRACTED - EXPLAIN IN NARRATIVE,REAR END,I-69S70ftnorthof116.5mm,""
2140,INDIANA UNIV BLOOMINGTON PD,BLOOMINGTON,2021-05-10T00:00:00,3:03 PM,2,0,0,0,0,"","","",E 10TH ST,N SUNRISE DR,"",,"",39.171585,-86.512477,LOCAL/CITY ROAD,N,URBAN,N,N,N,"",DAYLIGHT,CLEAR,DRY,"",FOUR-WAY INTERSECTION,STRAIGHT/GRADE,ASPHALT,FOLLOWING TOO CLOSELY,REAR END,NSUNRISEDRTENTHST,TRAFFIC CONTROL SIGNAL
2141,BLOOMINGTON PD,BLOOMINGTON,2021-05-10T00:00:00,3:13 PM,2,0,1,0,0,"","","",SR 46,E 3RD ST,"",,"",39.1641814,-86.4959745,LOCAL/CITY ROAD,N,URBAN,N,N,N,"",DAYLIGHT,CLEAR,DRY,"",FOUR-WAY INTERSECTION,STRAIGHT/LEVEL,ASPHALT,FOLLOWING TOO CLOSELY,REAR END,3RDSTCOLLEGEMALLAVE,TRAFFIC CONTROL SIGNAL
2142,MONROE SD,BLOOMINGTON,2021-05-10T00:00:00,4:53 PM,2,1,0,0,0,"","","",SR 37,W DILLMAN RD,"",300,N,39.1246303,-86.546052,STATE ROAD,N,RURAL,N,N,Y,LANE CLOSURE,DAYLIGHT,CLEAR,DRY,"",NO JUNCTION INVOLVED,STRAIGHT/LEVEL,ASPHALT,UNSAFE LANE MOVEMENT,SAME DIRECTION SIDESWIPE,SR37NWDILLMANRD,NONE
2143,MONROE SD,BLOOMINGTON,2021-05-10T00:00:00,6:12 PM,1,0,0,0,0,173,"","",N WAYPORT RD,E SAMPLE RD,"",,"",39.266133,-86.521312,LOCAL/CITY ROAD,N,RURAL,N,N,N,"",DAYLIGHT,CLEAR,DRY,"",NO JUNCTION INVOLVED,CURVE/LEVEL,CONCRETE,UNSAFE SPEED,RAN OFF ROAD,ESAMPLERD,NONE
2144,BLOOMINGTON PD,BLOOMINGTON,2021-05-10T00:00:00,6:22 PM,1,0,0,0,0,"","","",N ADAMS ST,INDIANA RAILROAD BRIDGE,"",100,N,39.168576,-86.5496,LOCAL/CITY ROAD,N,URBAN,N,N,N,"",DAWN/DUSK,CLOUDY,DRY,"",NO JUNCTION INVOLVED,STRAIGHT/LEVEL,ASPHALT,OTHER (DRIVER) - EXPLAIN IN NARRATIVE,OTHER - EXPLAIN IN NARRATIVE,7THSTNADAMSST,NONE
2145,BLOOMINGTON PD,BLOOMINGTON,2021-05-10T00:00:00,9:15 PM,2,0,1,0,0,"","","",W COUNTRY CLUB DR,ENTRANCE TO WALNUT PARK SHOPPINIG CENTER,"",300,W,39.135932,-86.53106504,COUNTY ROAD,N,URBAN,N,N,N,"",DARK (LIGHTED),CLEAR,DRY,"",FOUR-WAY INTERSECTION,STRAIGHT/GRADE,ASPHALT,FAILURE TO YIELD RIGHT OF WAY,RIGHT ANGLE,SWALNUTSTWCOUNTRYCLUBRD,OTHER REGULATORY SIGN/MARKING
2146,MONROE SD,BLOOMINGTON,2021-05-09T00:00:00,1:50 PM,1,0,0,0,0,"",123,S,I-69 S,N SR 37 BUSINESS,"",,"",0,0,INTERSTATE,N,RURAL,N,N,N,"",DAYLIGHT,CLOUDY,WET,"",RAMP,CURVE/GRADE,ASPHALT,SPEED TOO FAST FOR WEATHER CONDITIONS,RAN OFF ROAD,I69S,NONE
2147,ISP BLOOMINGTON 33,BLOOMINGTON,2021-05-09T00:00:00,6:30 PM,1,,0,0,0,"","","",I-69 N,"","",0,"",39.05084863,-86.68004698,INTERSTATE,"",RURAL,N,N,N,"",DARK (NOT LIGHTED),CLEAR,DRY,"",NO JUNCTION INVOLVED,"",ASPHALT,DRIVER DISTRACTED - EXPLAIN IN NARRATIVE,RAN OFF ROAD,I-69105,""
2148,ELLETTSVILLE PD,ELLETTSVILLE,2021-05-07T00:00:00,7:55 AM,2,0,0,0,0,"","","",S 3RD ST,W ASSOCIATION ST,"",,"",39.232032,-86.623808,LOCAL/CITY ROAD,N,URBAN,N,N,N,"",DAYLIGHT,CLEAR,DRY,"",NO JUNCTION INVOLVED,STRAIGHT/LEVEL,ASPHALT,FAILURE TO YIELD RIGHT OF WAY,OTHER - EXPLAIN IN NARRATIVE,ASSOCIATIONSTTHIRDST,STOP SIGN
2149,BLOOMINGTON PD,BLOOMINGTON,2021-05-07T00:00:00,8:01 AM,2,0,0,0,0,"","","",S COLLEGE AVE,W 3RD ST,"",,"",39.16464,-86.534816,LOCAL/CITY ROAD,N,URBAN,N,N,N,"",DAYLIGHT,CLEAR,DRY,"",NO JUNCTION INVOLVED,STRAIGHT/LEVEL,ASPHALT,DISREGARD SIGNAL/REG SIGN,RIGHT ANGLE,SCOLLEGEAVEW3RDST,TRAFFIC CONTROL SIGNAL
2150,BLOOMINGTON PD,BLOOMINGTON,2021-05-07T00:00:00,8:35 AM,2,0,0,0,0,"","","",S SARE RD,E ROGERS RD,"",,"",39.13584,-86.496288,LOCAL/CITY ROAD,N,URBAN,N,N,N,"",DAYLIGHT,CLEAR,DRY,"",TRAFFIC CIRCLE/ROUNDABOUT,CURVE/LEVEL,ASPHALT,FAILURE TO YIELD RIGHT OF WAY,RIGHT ANGLE,ROGERSRDSARERD,ROUNDABOUT INTERSECTION
2151,BLOOMINGTON PD,BLOOMINGTON,2021-05-07T00:00:00,12:12 PM,2,0,1,0,0,"","","",W 3RD ST,S KIMBLE DR,"",50,W,39.16464,-86.568,LOCAL/CITY ROAD,N,URBAN,N,N,N,"",DAYLIGHT,CLOUDY,DRY,"",NO JUNCTION INVOLVED,STRAIGHT/GRADE,ASPHALT,FOLLOWING TOO CLOSELY,REAR END,SKIMBLEDRW3RDST,LANE CONTROL
2152,ISP BLOOMINGTON 33,BLOOMINGTON,2021-05-07T00:00:00,1:10 PM,2,,0,0,0,"","","",SR 45/46,N COLLEGE AVE,"",100,"",39.18623654,-86.53488583,STATE ROAD,"",URBAN,N,N,N,"",DAYLIGHT,CLOUDY,DRY,"",NO JUNCTION INVOLVED,"",ASPHALT,FAILURE TO YIELD RIGHT OF WAY,REAR END,SR45100FtwestofCollegeAve,""
2153,BLOOMINGTON PD,BLOOMINGTON,2021-05-07T00:00:00,1:30 PM,2,0,0,0,0,"","","",N GRANT ST,E 10TH ST,"",,"",39.171696,-86.529696,"",Y,URBAN,N,N,N,"",UNKNOWN,CLEAR,DRY,"",NO JUNCTION INVOLVED,STRAIGHT/LEVEL,ASPHALT,IMPROPER LANE USAGE,SAME DIRECTION SIDESWIPE,E10THSTNGRANTST,NONE
2154,BLOOMINGTON PD,BLOOMINGTON,2021-05-07T00:00:00,4:55 PM,2,0,0,0,0,"","","",E HILLSIDE DR,S HUNTINGTON DR,"",40,E,39.150688,-86.520896,LOCAL/CITY ROAD,N,URBAN,N,N,N,"",DAYLIGHT,CLOUDY,WET,"",T-INTERSECTION,STRAIGHT/LEVEL,ASPHALT,FOLLOWING TOO CLOSELY,REAR END,EASTHILLSIDEDRSOUTHHUNTINGTONST,NONE
2155,BLOOMINGTON PD,BLOOMINGTON,2021-05-07T00:00:00,4:59 PM,2,1,0,0,0,"","","",S GRANT ST,E 3RD ST,"",50,N,39.16464,-86.529728,LOCAL/CITY ROAD,N,URBAN,N,N,N,"",DAYLIGHT,CLEAR,DRY,"",NO JUNCTION INVOLVED,STRAIGHT/GRADE,ASPHALT,IMPROPER PASSING,OTHER - EXPLAIN IN NARRATIVE,E3RDSTSGRANTST,NONE
2156,MONROE SD,BLOOMINGTON,2021-05-07T00:00:00,5:30 PM,2,0,1,0,0,"","","",S WALNUT ST,W DILLMAN RD,"",,"",39.092976,-86.545648,STATE ROAD,N,URBAN,N,N,N,"",DAYLIGHT,CLEAR,DRY,"",FOUR-WAY INTERSECTION,CURVE/HILLCREST,ASPHALT,FAILURE TO YIELD RIGHT OF WAY,RIGHT ANGLE,DILLMANRDSR37S,STOP SIGN
2157,MONROE SD,BLOOMINGTON,2021-05-07T00:00:00,10:38 PM,1,0,0,0,0,"","","",I-69 N,"","",100,S,0,0,INTERSTATE,N,RURAL,N,N,N,"",DARK (NOT LIGHTED),CLEAR,DRY,"",NO JUNCTION INVOLVED,STRAIGHT/HILLCREST,CONCRETE,ANIMAL/OBJECT IN ROADWAY,COLLISION WITH ANIMAL OTHER,I69N110.5,NONE
2158,BLOOMINGTON PD,BLOOMINGTON,2021-05-07T00:00:00,11:28 PM,2,0,0,0,0,"","","",S SARE RD,E CREEKS EDGE DR,"",100,S,39.11935068,-86.49695025,LOCAL/CITY ROAD,N,URBAN,N,N,N,"",DARK (NOT LIGHTED),CLEAR,DRY,"",T-INTERSECTION,STRAIGHT/LEVEL,ASPHALT,OTHER (ENVIRONMENTAL) - EXPLAIN IN NARR,REAR END,ECREEKSEDGEDRSSARERD,NONE
2159,ELLETTSVILLE PD,ELLETTSVILLE,2021-05-06T00:00:00,10:55 AM,2,0,0,0,0,"","","",SR 46,"","",400,E,39.266807,-86.66576866,STATE ROAD,N,RURAL,N,N,N,"",DAYLIGHT,CLEAR,DRY,"",NO JUNCTION INVOLVED,STRAIGHT/LEVEL,ASPHALT,IMPROPER PASSING,SAME DIRECTION SIDESWIPE,SR46WSTINESVILLERD,LANE CONTROL
2160,BLOOMINGTON PD,BLOOMINGTON,2021-05-06T00:00:00,12:47 PM,2,0,0,0,0,"","","",W 17TH ST,N COLLEGE AVE,"",,"",39.17896,-86.53472,LOCAL/CITY ROAD,N,URBAN,N,N,N,"",DAYLIGHT,CLEAR,DRY,"",FOUR-WAY INTERSECTION,STRAIGHT/LEVEL,ASPHALT,IMPROPER LANE USAGE,SAME DIRECTION SIDESWIPE,EAST17THSTNORTHCOLLEGEAVE,TRAFFIC CONTROL SIGNAL
2161,MONROE SD,BLOOMINGTON,2021-05-06T00:00:00,2:58 PM,2,1,0,0,0,"","","",N HARTSTRAIT RD,"","",1000,N,39.33253013,-86.61641523,LOCAL/CITY ROAD,N,RURAL,N,N,N,"",DAYLIGHT,CLOUDY,DRY,"",NO JUNCTION INVOLVED,STRAIGHT/HILLCREST,ASPHALT,UNSAFE SPEED,REAR END,NHARTSTRAITRDNWELLNESSWAY,NONE
2162,INDIANA UNIV BLOOMINGTON PD,BLOOMINGTON,2021-05-06T00:00:00,3:20 PM,2,0,0,0,0,"","","",SR 45/46,E 17TH ST,"",,"",,,STATE ROAD,Y,URBAN,N,N,N,"",DAYLIGHT,CLEAR,DRY,"",T-INTERSECTION,STRAIGHT/LEVEL,ASPHALT,FOLLOWING TOO CLOSELY,REAR END,EAST17THSTSR46,TRAFFIC CONTROL SIGNAL