_id,Agency,City,Collision Date,Collision Time,Vehicles Involved,Trailers Involved,Number Injured,Number Dead,Number Deer,House Number,Roadway Interchange,Roadway Ramp,Roadway Id,Intersecting Road,Interchange,Feet From,Direction,Latitude,Longitude,Roadway Class,Hit and Run?,Locality,School Zone?,Rumble Strips?,Construction?,Construction Type,Light Condition,Weather Conditions,Surface Condition,Type of Median,Roadway Junction Type,Road Character,Roadway Surface,Primary Factor,Manner of Collision,Unique Location Id,Traffic Control
2163,INDIANA UNIV BLOOMINGTON PD,BLOOMINGTON,2021-05-06T00:00:00,5:48 PM,2,0,0,0,0,"","","",SR 45/46,E DISCOVERY PKWY,"",,"",0,0,STATE ROAD,N,URBAN,N,N,N,"",DAYLIGHT,CLEAR,DRY,"",NO JUNCTION INVOLVED,STRAIGHT/LEVEL,ASPHALT,FOLLOWING TOO CLOSELY,REAR END,DISCOVERYPKWYSR4546S,LANE CONTROL
2164,INDIANA UNIV BLOOMINGTON PD,BLOOMINGTON,2021-05-06T00:00:00,5:53 PM,2,0,0,0,0,"","","",SR 45/46,E DISCOVERY PKWY,"",100,S,39.21654567,-86.61521799,LOCAL/CITY ROAD,N,URBAN,N,N,N,"",DAYLIGHT,CLOUDY,DRY,"",NO JUNCTION INVOLVED,STRAIGHT/LEVEL,ASPHALT,FOLLOWING TOO CLOSELY,REAR END,DISCOVERYPKWYSR46BYP,NONE
2165,INDIANA UNIV BLOOMINGTON PD,BLOOMINGTON,2021-05-06T00:00:00,7:14 PM,2,0,0,0,0,"","","",S SWAIN AVE,E 3RD ST,"",,"",,,LOCAL/CITY ROAD,N,URBAN,N,N,N,"",DAYLIGHT,RAIN,WET,"",T-INTERSECTION,STRAIGHT/LEVEL,ASPHALT,IMPROPER TURNING,LEFT TURN,SWAINAVETHIRDST,LANE CONTROL
2166,MONROE SD,BLOOMINGTON,2021-05-05T00:00:00,1:45 AM,2,0,0,0,0,"","","",N LINTEL DR,N CURRY PIKE,"",,"",39.1926083,-86.5757145,LOCAL/CITY ROAD,N,RURAL,N,N,N,"",DAYLIGHT,CLEAR,DRY,"",T-INTERSECTION,STRAIGHT/LEVEL,ASPHALT,IMPROPER TURNING,HEAD ON BETWEEN TWO MOTOR VEHICLES,NCURRYPIKENLINTELDR,NONE
2167,INDIANA UNIV BLOOMINGTON PD,BLOOMINGTON,2021-05-05T00:00:00,3:10 AM,1,0,1,0,0,200,"","",UNIVERSITY AVE,"","",,"",,,LOCAL/CITY ROAD,N,URBAN,N,N,N,"",DARK (LIGHTED),RAIN,WET,"",NO JUNCTION INVOLVED,CURVE/LEVEL,ASPHALT,UNSAFE SPEED,NON-COLLISION,SJORDANAVE,NONE
2168,ELLETTSVILLE PD,ELLETTSVILLE,2021-05-05T00:00:00,4:50 AM,2,0,0,0,0,"","","",SR 46,N HARTSTRAIT RD,"",,"",,,STATE ROAD,N,URBAN,N,N,N,"",DAYLIGHT,CLEAR,DRY,"",FOUR-WAY INTERSECTION,STRAIGHT/LEVEL,ASPHALT,FOLLOWING TOO CLOSELY,REAR END,HARTSTRAIGHTRDSR46W,TRAFFIC CONTROL SIGNAL
2169,BLOOMINGTON PD,BLOOMINGTON,2021-05-05T00:00:00,8:27 AM,2,0,0,0,0,"","","",S WALNUT ST,E GRIMES LN,"",,"",39.15344,-86.5336,LOCAL/CITY ROAD,N,URBAN,N,N,N,"",DAYLIGHT,CLEAR,DRY,"",FOUR-WAY INTERSECTION,STRAIGHT/LEVEL,ASPHALT,OTHER (DRIVER) - EXPLAIN IN NARRATIVE,REAR END,EGRIMESLNSWALNUTST,TRAFFIC CONTROL SIGNAL
2170,ISP BLOOMINGTON 33,BLOOMINGTON,2021-05-05T00:00:00,8:39 AM,2,,0,0,0,"","","",SR 45/46,N WALNUT ST,"",0,"",39.18624589,-86.53453178,STATE ROAD,"",URBAN,N,N,N,"",DAYLIGHT,CLEAR,DRY,"",FOUR-WAY INTERSECTION,"",ASPHALT,DISREGARD SIGNAL/REG SIGN,RIGHT ANGLE,SR45/SR46BypassNWalnutSt,""
2171,ISP BLOOMINGTON 33,BLOOMINGTON,2021-05-05T00:00:00,12:55 PM,2,,0,0,0,4638,"","",SR 45,N PRAIRIE GREEN CT,"",0,"",39.17895976,-86.47480435,STATE ROAD,"",RURAL,N,N,N,"",DAYLIGHT,CLEAR,DRY,"",T-INTERSECTION,"",ASPHALT,FOLLOWING TOO CLOSELY,REAR END,StateRd45NPrairieGreenCt,""
2172,BLOOMINGTON PD,BLOOMINGTON,2021-05-05T00:00:00,3:25 PM,2,0,0,0,0,"","","",W 14TH ST,N COLLEGE AVE,"",,"",39.175984,-86.534736,LOCAL/CITY ROAD,N,URBAN,N,N,N,"",DAYLIGHT,CLEAR,DRY,"",FOUR-WAY INTERSECTION,STRAIGHT/GRADE,ASPHALT,FAILURE TO YIELD RIGHT OF WAY,RIGHT ANGLE,NORTHCOLLEGEAVEWEST14THST,STOP SIGN
2173,MONROE SD,BLOOMINGTON,2021-05-05T00:00:00,3:51 PM,2,0,0,0,0,"","","",SR 45,W AIRPORT RD,"",150,E,39.13709864,-86.59337215,STATE ROAD,N,RURAL,N,N,N,"",DAYLIGHT,CLEAR,DRY,"",T-INTERSECTION,STRAIGHT/LEVEL,ASPHALT,FOLLOWING TOO CLOSELY,REAR END,SR45WWAIRPORTRD,TRAFFIC CONTROL SIGNAL
2174,BLOOMINGTON PD,BLOOMINGTON,2021-05-05T00:00:00,4:59 PM,2,0,2,0,0,"","","",N ADAMS ST,W KIRKWOOD AVE,"",,"",39.166816,-86.549488,LOCAL/CITY ROAD,N,URBAN,N,N,N,"",DAYLIGHT,CLEAR,DRY,"",FOUR-WAY INTERSECTION,STRAIGHT/GRADE,ASPHALT,FAILURE TO YIELD RIGHT OF WAY,LEFT/RIGHT TURN,NORTHADAMSSTWESTKIRKWOODAVE,TRAFFIC CONTROL SIGNAL
2175,ELLETTSVILLE PD,ELLETTSVILLE,2021-05-05T00:00:00,5:18 PM,2,0,1,0,0,"","","",SR 46,N DEER PARK DR,"",,"",39.212048,-86.5872,STATE ROAD,N,URBAN,N,N,N,"",DAYLIGHT,CLEAR,DRY,"",T-INTERSECTION,STRAIGHT/LEVEL,ASPHALT,FAILURE TO YIELD RIGHT OF WAY,LEFT TURN,DEERPARKDRSR46W,LANE CONTROL
2176,MONROE SD,BLOOMINGTON,2021-05-05T00:00:00,6:07 PM,2,0,0,0,0,"","","",SR 48,"","",500,W,0,0,STATE ROAD,N,RURAL,N,N,N,"",DAYLIGHT,CLOUDY,DRY,"",NO JUNCTION INVOLVED,CURVE/LEVEL,ASPHALT,IMPROPER LANE USAGE,SAME DIRECTION SIDESWIPE,SR48WVERNALPIKE,NONE
2177,MONROE SD,BLOOMINGTON,2021-05-05T00:00:00,8:04 PM,1,0,0,0,0,"","","",SR 45,S ISON RD,"",,"",,,STATE ROAD,N,RURAL,N,N,N,"",DAWN/DUSK,CLEAR,DRY,"",T-INTERSECTION,STRAIGHT/GRADE,ASPHALT,RAN OFF ROAD RIGHT,RAN OFF ROAD,ISONRDSR45W,NONE
2178,INDIANA UNIV BLOOMINGTON PD,BLOOMINGTON,2021-05-05T00:00:00,11:43 PM,2,0,0,0,0,"","","",N UNION ST,E 10TH ST,"",,"",,,LOCAL/CITY ROAD,Y,URBAN,N,N,N,"",DARK (NOT LIGHTED),CLEAR,DRY,"",FOUR-WAY INTERSECTION,STRAIGHT/LEVEL,ASPHALT,LEFT OF CENTER,HEAD ON BETWEEN TWO MOTOR VEHICLES,TENTHSTUNIONST,TRAFFIC CONTROL SIGNAL
2179,BLOOMINGTON PD,BLOOMINGTON,2021-05-04T00:00:00,10:35 AM,2,0,1,0,0,"","","",S WALNUT ST,E MILLER DR,"",,"",,,LOCAL/CITY ROAD,N,URBAN,N,N,N,"",DAYLIGHT,CLOUDY,DRY,"",T-INTERSECTION,STRAIGHT/LEVEL,ASPHALT,FAILURE TO YIELD RIGHT OF WAY,RIGHT ANGLE,EASTMILLERDRSOUTHWALNUTST,TRAFFIC CONTROL SIGNAL
2180,MONROE SD,ELLETTSVILLE,2021-05-04T00:00:00,10:55 AM,2,0,1,0,0,"","","",SR 46,N CENTENNIAL DR,"",,"",,,STATE ROAD,N,URBAN,N,N,N,"",DAYLIGHT,CLOUDY,WET,"",FOUR-WAY INTERSECTION,STRAIGHT/GRADE,ASPHALT,SPEED TOO FAST FOR WEATHER CONDITIONS,REAR END,NCENTENNIALDRSR46W,TRAFFIC CONTROL SIGNAL
2181,BLOOMINGTON PD,BLOOMINGTON,2021-05-04T00:00:00,2:40 PM,2,0,0,0,0,"","","",SR 45/46,N KINSER PIKE,"",,"",39.186544,-86.537888,STATE ROAD,N,URBAN,N,N,N,"",DAYLIGHT,RAIN,WET,"",FOUR-WAY INTERSECTION,STRAIGHT/LEVEL,ASPHALT,FAILURE TO YIELD RIGHT OF WAY,RIGHT ANGLE,NKINSERPIKESR45W,TRAFFIC CONTROL SIGNAL
2182,BLOOMINGTON PD,BLOOMINGTON,2021-05-04T00:00:00,4:39 PM,2,0,0,0,0,"","","",S HENDERSON ST,E MAXWELL LN,"",,"",39.157952,-86.527088,LOCAL/CITY ROAD,N,URBAN,N,N,N,"",DAYLIGHT,RAIN,WET,"",T-INTERSECTION,CURVE/GRADE,ASPHALT,UNSAFE BACKING,BACKING CRASH,EMAXWELLLNHENDERSONST,STOP SIGN
2183,MONROE SD,BLOOMINGTON,2021-05-04T00:00:00,6:24 PM,1,0,0,0,0,"","","",S FAIRFAX RD,E SCHACHT RD,"",,"",,,LOCAL/CITY ROAD,N,RURAL,N,N,N,"",DAYLIGHT,CLOUDY,WET,"",T-INTERSECTION,CURVE/GRADE,ASPHALT,SPEED TOO FAST FOR WEATHER CONDITIONS,RAN OFF ROAD,ESCHACHTRDSFAIRFAXRD,NONE
2184,MONROE SD,BLOOMINGTON,2021-05-04T00:00:00,7:38 PM,1,1,0,0,0,"","","",N OARD RD,"","",5500,N,39.181344,-86.637104,LOCAL/CITY ROAD,N,RURAL,N,N,N,"",DAYLIGHT,CLOUDY,DRY,"",NO JUNCTION INVOLVED,STRAIGHT/LEVEL,ASPHALT,RAN OFF ROAD RIGHT,RAN OFF ROAD,NOARDRDWVERNALPIKE,NONE
2185,ISP BLOOMINGTON 33,BLOOMINGTON,2021-05-04T00:00:00,11:50 PM,2,,0,0,0,"","","",N WALNUT ST,SR 45/46,"",375,N,39.1871635,-86.53416309,LOCAL/CITY ROAD,"",URBAN,N,N,N,"",DARK (NOT LIGHTED),RAIN,WET,"",NO JUNCTION INVOLVED,"",ASPHALT,SPEED TOO FAST FOR WEATHER CONDITIONS,OPPOSITE DIRECTION SIDESWIPE,NWalnutSt375ftN/SR45/SR46Bypass,""
2186,ELLETTSVILLE PD,ELLETTSVILLE,2021-05-03T00:00:00,8:37 AM,2,0,0,0,0,"","","",N SALE ST (N),SR 46,"",,"",,,LOCAL/CITY ROAD,N,URBAN,N,N,N,"",DAYLIGHT,RAIN,WET,"",NO JUNCTION INVOLVED,STRAIGHT/GRADE,ASPHALT,FOLLOWING TOO CLOSELY,REAR END,SALESTSTATEROAD46RD,TRAFFIC CONTROL SIGNAL
2187,BLOOMINGTON PD,BLOOMINGTON,2021-05-03T00:00:00,12:21 PM,3,0,0,0,0,"","","",E 3RD ST,S ROOSEVELT ST,"",75,E,39.164304,-86.505792,LOCAL/CITY ROAD,N,URBAN,N,N,N,"",DAYLIGHT,CLOUDY,DRY,"",NO JUNCTION INVOLVED,STRAIGHT/GRADE,ASPHALT,FOLLOWING TOO CLOSELY,REAR END,EASTTHIRDSTSOUTHROOSEVELTST,LANE CONTROL
2188,BLOOMINGTON PD,BLOOMINGTON,2021-05-03T00:00:00,1:10 PM,2,0,0,0,0,"",Y,"",I-69 N,W 3RD ST,"",,"",,,INTERSTATE,N,URBAN,N,Y,N,"",DAYLIGHT,CLOUDY,WET,"",RAMP,CURVE/GRADE,ASPHALT,IMPROPER LANE USAGE,REAR END,E3RDSTI69N,YIELD SIGN
2189,BLOOMINGTON PD,BLOOMINGTON,2021-05-03T00:00:00,1:16 PM,2,0,4,0,0,3103,"","",E STRATUM WAY,"","",,"",39.1565109,-86.49447165,LOCAL/CITY ROAD,N,URBAN,N,N,N,"",DAYLIGHT,CLOUDY,DRY,"",NO JUNCTION INVOLVED,CURVE/LEVEL,ASPHALT,UNSAFE SPEED,RIGHT ANGLE,EASTSTRATUMWAY,LANE CONTROL
2190,INDIANA UNIV BLOOMINGTON PD,BLOOMINGTON,2021-05-03T00:00:00,2:15 PM,2,0,0,0,0,"","","",SR 45/46,E DISCOVERY PKWY,"",,"",,,STATE ROAD,N,URBAN,N,N,N,"",DAYLIGHT,CLOUDY,DRY,"",T-INTERSECTION,STRAIGHT/LEVEL,ASPHALT,FOLLOWING TOO CLOSELY,REAR END,DISCOVERYPKWYSR46W,TRAFFIC CONTROL SIGNAL
2191,BLOOMINGTON PD,BLOOMINGTON,2021-05-03T00:00:00,3:33 PM,3,0,2,0,0,"","","",SR 45,S LIBERTY DR,"",200,E,,,LOCAL/CITY ROAD,N,URBAN,N,N,N,"",DAYLIGHT,CLOUDY,DRY,"",NO JUNCTION INVOLVED,STRAIGHT/LEVEL,ASPHALT,RAN OFF ROAD RIGHT,RAN OFF ROAD,SLIBERTYDRWSTATEROAD45HWY,LANE CONTROL
2192,BLOOMINGTON PD,BLOOMINGTON,2021-05-03T00:00:00,4:25 PM,2,0,1,0,0,"","","",W BLOOMFIELD RD,I-69 N,"",,"",,,LOCAL/CITY ROAD,N,URBAN,N,N,N,"",DAYLIGHT,CLOUDY,DRY,"",FOUR-WAY INTERSECTION,STRAIGHT/LEVEL,ASPHALT,FOLLOWING TOO CLOSELY,REAR END,INTERSTATE69NBHWYWBLOOMFIELDRD,TRAFFIC CONTROL SIGNAL
2193,BLOOMINGTON PD,BLOOMINGTON,2021-05-02T00:00:00,6:40 AM,2,0,0,0,0,"","","",RIDGE RD,N LONGFELLOW RD,"",50,W,,,LOCAL/CITY ROAD,Y,URBAN,N,N,N,"",DARK (NOT LIGHTED),CLEAR,DRY,"",T-INTERSECTION,STRAIGHT/GRADE,ASPHALT,DRIVER DISTRACTED - EXPLAIN IN NARRATIVE,SAME DIRECTION SIDESWIPE,1600NWILLISDRLOT11DRNLONGFELLOWDR,NONE
2194,ISP BLOOMINGTON 33,BLOOMINGTON,2021-05-02T00:00:00,1:00 PM,2,,0,0,0,9611,"","",SR 46,"","",0,"",39.15264071,-86.37548167,STATE ROAD,"",RURAL,N,N,N,"",DAYLIGHT,CLEAR,DRY,"",NO JUNCTION INVOLVED,"",ASPHALT,FAILURE TO YIELD RIGHT OF WAY,REAR END,StateRd462000FteastofSewellRd,""
2195,MONROE SD,BLOOMINGTON,2021-05-02T00:00:00,2:38 PM,1,0,0,0,0,"","","",SR 45,"","",3000,W,39.23405781,-86.39345239,STATE ROAD,N,RURAL,N,N,N,"",DAYLIGHT,CLOUDY,DRY,"",NO JUNCTION INVOLVED,CURVE/HILLCREST,CONCRETE,RAN OFF ROAD RIGHT,RAN OFF ROAD,NRICHARDSONRDSR45E,NONE
2196,MONROE SD,BLOOMINGTON,2021-05-02T00:00:00,3:34 PM,1,0,0,0,1,"","","",I-69 N,"","",10,N,,,INTERSTATE,N,RURAL,N,N,N,"",DAYLIGHT,CLEAR,DRY,"",NO JUNCTION INVOLVED,STRAIGHT/LEVEL,ASPHALT,ANIMAL/OBJECT IN ROADWAY,COLLISION WITH DEER,I69N108.5,NONE
2197,BLOOMINGTON PD,BLOOMINGTON,2021-05-02T00:00:00,4:40 PM,1,0,2,0,0,1500,"","",S WALNUT ST,W HILLSIDE DR,"",,"",39.150544,-86.5336,LOCAL/CITY ROAD,N,URBAN,N,N,N,"",DAYLIGHT,CLOUDY,DRY,"",FOUR-WAY INTERSECTION,CURVE/LEVEL,ASPHALT,RAN OFF ROAD RIGHT,RAN OFF ROAD,SWALNUTST,TRAFFIC CONTROL SIGNAL
2198,BLOOMINGTON PD,BLOOMINGTON,2021-05-02T00:00:00,10:21 PM,2,0,0,0,0,"","","",S COLLEGE AVE,W 2ND ST,"",,"",39.16144,-86.534848,LOCAL/CITY ROAD,N,URBAN,N,N,N,"",DARK (LIGHTED),RAIN,WET,"",FOUR-WAY INTERSECTION,STRAIGHT/GRADE,ASPHALT,DRIVER DISTRACTED - EXPLAIN IN NARRATIVE,REAR END,2NDSTCOLLEGEAVE,TRAFFIC CONTROL SIGNAL
2199,MONROE SD,BLOOMINGTON,2021-05-02T00:00:00,10:30 PM,2,0,0,0,0,"","","",E MOFFETT LN,S FAIRFAX RD,"",,"",,,LOCAL/CITY ROAD,N,RURAL,N,N,N,"",DARK (NOT LIGHTED),CLOUDY,WET,"",T-INTERSECTION,STRAIGHT/GRADE,ASPHALT,FAILURE TO YIELD RIGHT OF WAY,RIGHT ANGLE,EMOFFETTLNSFAIRFAXRD,STOP SIGN
2200,BLOOMINGTON PD,BLOOMINGTON,2021-05-02T00:00:00,11:30 PM,2,0,0,0,0,"","","",S WALNUT ST,E VERMILYA AVE,"",,"",39.148928,-86.53312,LOCAL/CITY ROAD,Y,URBAN,N,N,N,"",DARK (LIGHTED),CLEAR,WET,"",NO JUNCTION INVOLVED,STRAIGHT/GRADE,ASPHALT,UNSAFE LANE MOVEMENT,SAME DIRECTION SIDESWIPE,EVERMILYAAVESWALNUTST,NONE
2201,BLOOMINGTON PD,BLOOMINGTON,2021-05-01T00:00:00,12:47 AM,2,0,0,0,0,"","","",W 3RD ST,I-69,"",100,W,,,LOCAL/CITY ROAD,N,URBAN,N,N,N,"",DAYLIGHT,CLEAR,DRY,"",NO JUNCTION INVOLVED,STRAIGHT/LEVEL,ASPHALT,DRIVER DISTRACTED - EXPLAIN IN NARRATIVE,REAR END,3RDSTI69RAMP,LANE CONTROL
2202,BLOOMINGTON PD,BLOOMINGTON,2021-05-01T00:00:00,12:27 PM,2,0,0,0,0,"","","",S CURRY PIKE,SR 48,"",,"",,,LOCAL/CITY ROAD,N,URBAN,N,N,N,"",DAYLIGHT,CLEAR,DRY,"",FOUR-WAY INTERSECTION,STRAIGHT/LEVEL,ASPHALT,FOLLOWING TOO CLOSELY,REAR END,3RDSTCURRYPIKE,TRAFFIC CONTROL SIGNAL
2203,INDIANA UNIV BLOOMINGTON PD,BLOOMINGTON,2021-05-01T00:00:00,2:25 PM,2,0,1,0,0,"","","",SR 45/46,E 17TH ST,"",,"",,,STATE ROAD,N,URBAN,N,N,N,"",DAYLIGHT,CLEAR,DRY,"",FOUR-WAY INTERSECTION,STRAIGHT/LEVEL,ASPHALT,FAILURE TO YIELD RIGHT OF WAY,RIGHT ANGLE,EAST17THSTSR46,TRAFFIC CONTROL SIGNAL
2204,INDIANA UNIV BLOOMINGTON PD,BLOOMINGTON,2021-05-01T00:00:00,4:20 PM,2,0,0,0,0,"","","",SR 45/46,E 17TH ST,"",,"",,,STATE ROAD,N,URBAN,N,N,N,"",DAYLIGHT,CLEAR,DRY,"",T-INTERSECTION,STRAIGHT/LEVEL,ASPHALT,FOLLOWING TOO CLOSELY,REAR END,EAST17THSTSR46,NONE
2205,INDIANA UNIV BLOOMINGTON PD,BLOOMINGTON,2021-05-01T00:00:00,7:12 PM,2,0,0,0,0,"","","",S SWAIN AVE,E 3RD ST,"",,"",,,LOCAL/CITY ROAD,N,URBAN,N,N,N,"",DAYLIGHT,CLEAR,DRY,"",T-INTERSECTION,STRAIGHT/LEVEL,ASPHALT,IMPROPER TURNING,LEFT TURN,SWAINAVETHIRDST,LANE CONTROL
2206,BLOOMINGTON PD,BLOOMINGTON,2021-05-01T00:00:00,8:56 PM,2,0,1,0,0,"","","",S WALNUT ST,ENTRANCE TO WAGON WHEEL/BIG RED LIQUORS,"",100,S,39.146944,-86.532544,LOCAL/CITY ROAD,N,URBAN,N,N,N,"",DARK (LIGHTED),CLEAR,DRY,"",T-INTERSECTION,STRAIGHT/LEVEL,ASPHALT,UNSAFE LANE MOVEMENT,RIGHT ANGLE,EMILLERDRSWALNUTST,NONE
2207,BLOOMINGTON PD,BLOOMINGTON,2021-04-30T00:00:00,8:48 AM,1,0,1,0,0,"","","",E 2ND ST,S WALNUT ST,"",45,E,39.16144,-86.5336,LOCAL/CITY ROAD,N,URBAN,N,N,N,"",DAYLIGHT,CLEAR,DRY,"",FOUR-WAY INTERSECTION,STRAIGHT/GRADE,ASPHALT,FAILURE TO YIELD RIGHT OF WAY,HEAD ON BETWEEN TWO MOTOR VEHICLES,E2NDSTSWALNUTST,NONE
2208,BLOOMINGTON PD,BLOOMINGTON,2021-04-30T00:00:00,12:43 PM,2,0,0,0,0,"","","",S COLLEGE MALL RD,E 2ND ST,"",,"",39.160944,-86.497696,LOCAL/CITY ROAD,N,URBAN,N,N,N,"",DAYLIGHT,CLEAR,DRY,"",FOUR-WAY INTERSECTION,STRAIGHT/LEVEL,ASPHALT,FAILURE TO YIELD RIGHT OF WAY,RIGHT ANGLE,E2NDSTSCOLLEGEMALLRD,TRAFFIC CONTROL SIGNAL
2209,BLOOMINGTON PD,BLOOMINGTON,2021-04-30T00:00:00,12:50 PM,2,0,0,0,0,"","","",SR 46,S PETE ELLIS DR,"",,"",39.16424,-86.495088,LOCAL/CITY ROAD,N,URBAN,N,N,N,"",DAYLIGHT,CLEAR,DRY,"",FOUR-WAY INTERSECTION,STRAIGHT/LEVEL,ASPHALT,FOLLOWING TOO CLOSELY,REAR END,E3RDSTSPETEELLISDR,NONE
2210,BLOOMINGTON PD,BLOOMINGTON,2021-04-30T00:00:00,2:12 PM,1,0,0,0,1,"","","",W TAPP RD,S DEBORAH DR,"",,"",,,LOCAL/CITY ROAD,N,URBAN,N,N,N,"",DAYLIGHT,CLEAR,DRY,"",FOUR-WAY INTERSECTION,STRAIGHT/LEVEL,ASPHALT,ANIMAL/OBJECT IN ROADWAY,COLLISION WITH DEER,DEBORAHDRTAPPRD,LANE CONTROL
2211,MONROE SD,BLOOMINGTON,2021-04-30T00:00:00,3:23 PM,2,0,1,0,0,"","","",E RHORER RD,S GRAN HAVEN DR,"",,"",,,LOCAL/CITY ROAD,N,URBAN,N,N,N,"",DAYLIGHT,CLEAR,DRY,"",NO JUNCTION INVOLVED,STRAIGHT/LEVEL,ASPHALT,FOLLOWING TOO CLOSELY,REAR END,ERHORERRDSGRANHAVENDR,NONE
2212,BLOOMINGTON PD,BLOOMINGTON,2021-04-30T00:00:00,4:05 PM,2,0,1,0,0,"","","",SR 45/46,N COLLEGE AVE,"",150,W,,,LOCAL/CITY ROAD,N,URBAN,N,N,N,"",DAYLIGHT,CLEAR,DRY,"",NO JUNCTION INVOLVED,STRAIGHT/GRADE,ASPHALT,FOLLOWING TOO CLOSELY,REAR END,NORTHCOLLEGEAVEWESTSTATEROAD46RD,TRAFFIC CONTROL SIGNAL
2213,MONROE SD,BLOOMINGTON,2021-04-30T00:00:00,4:23 PM,3,0,0,0,0,"","","",S WALNUT ST,S ORCHARD LN,"",100,S,39.11584,-86.5312,COUNTY ROAD,N,RURAL,N,N,N,"",DAYLIGHT,CLEAR,DRY,"",T-INTERSECTION,STRAIGHT/HILLCREST,ASPHALT,FOLLOWING TOO CLOSELY,REAR END,SOLDSTATE37RDSORCHARDLN,NONE
2214,MONROE SD,BLOOMINGTON,2021-04-30T00:00:00,4:58 PM,1,0,1,0,0,"","","",S GARRISON CHAPEL RD,"","",1621,S,39.122416,-86.64296,LOCAL/CITY ROAD,N,URBAN,N,N,N,"",DAYLIGHT,CLEAR,LOOSE MATERIAL ON ROAD,"",NO JUNCTION INVOLVED,CURVE/GRADE,ASPHALT,UNSAFE SPEED,RAN OFF ROAD,SGARRISONCHAPELRDWELLERRD,NONE
2215,ISP BLOOMINGTON 33,BLOOMINGTON,2021-04-29T00:00:00,7:50 AM,2,,0,0,0,"","","",SR 46,N CURRY PIKE,"",0,"",39.19490565,-86.57221239,STATE ROAD,"",RURAL,N,N,N,"",DAYLIGHT,RAIN,WET,"",FOUR-WAY INTERSECTION,"",ASPHALT,FOLLOWING TOO CLOSELY,REAR END,StateRd46NCurryPike,""
2216,MONROE SD,STINESVILLE,2021-04-29T00:00:00,10:59 AM,1,0,0,0,0,"","","",N STINESVILLE RD,"","",400,W,,,COUNTY ROAD,N,RURAL,N,N,N,"",DAYLIGHT,CLOUDY,DRY,"",NO JUNCTION INVOLVED,CURVE/GRADE,ASPHALT,RAN OFF ROAD RIGHT,RAN OFF ROAD,NORTHRAILROADSTNORTHSTINESVILLERD,NONE
2217,BLOOMINGTON PD,BLOOMINGTON,2021-04-29T00:00:00,12:49 PM,2,0,3,0,0,"","","",W 2ND ST,ENTRANCE TO IU HEALTH BLOOMINGTON HOSPITAL,"",200,W,39.16152,-86.538592,LOCAL/CITY ROAD,N,URBAN,N,N,N,"",DAYLIGHT,CLOUDY,WET,"",T-INTERSECTION,STRAIGHT/GRADE,ASPHALT,FAILURE TO YIELD RIGHT OF WAY,LEFT TURN,SROGERSSTW2NDST,NONE
2218,BLOOMINGTON PD,BLOOMINGTON,2021-04-29T00:00:00,4:15 PM,2,0,0,0,0,"","","",S CURRY PIKE,ALLEY,"",150,N,39.163552,-86.582896,LOCAL/CITY ROAD,N,URBAN,N,N,N,"",DAYLIGHT,CLOUDY,DRY,"",T-INTERSECTION,STRAIGHT/LEVEL,ASPHALT,FAILURE TO YIELD RIGHT OF WAY,RIGHT ANGLE,SOUTHCURRYPIKEWESTBELLEAVE,LANE CONTROL
2219,INDIANA UNIV BLOOMINGTON PD,BLOOMINGTON,2021-04-29T00:00:00,4:30 PM,2,0,0,0,0,"","","",N FEE LN,FOSTER CIRCLE,"",193,S,38.84429468,-86.4842555,LOCAL/CITY ROAD,N,URBAN,N,N,N,"",DAYLIGHT,CLOUDY,DRY,"",T-INTERSECTION,STRAIGHT/GRADE,ASPHALT,FOLLOWING TOO CLOSELY,REAR END,FEELNTHIRTEENTHST,NONE
2220,MONROE SD,BLOOMINGTON,2021-04-29T00:00:00,4:36 PM,2,0,0,0,0,"","","",N MATTHEWS DR,"","",2000,S,,,LOCAL/CITY ROAD,N,RURAL,N,N,N,"",DAYLIGHT,CLEAR,DRY,"",NO JUNCTION INVOLVED,CURVE/GRADE,ASPHALT,LEFT OF CENTER,OPPOSITE DIRECTION SIDESWIPE,MTTABORRDNMATTHEWSDR,NONE
2221,MONROE SD,ELLETTSVILLE,2021-04-28T00:00:00,6:45 AM,1,0,0,0,0,6226,"","",N UNION VALLEY RD,"","",1000,N,39.34343523,-86.592763,LOCAL/CITY ROAD,N,RURAL,N,N,N,"",DAWN/DUSK,CLEAR,DRY,"",NO JUNCTION INVOLVED,STRAIGHT/HILLCREST,ASPHALT,RAN OFF ROAD RIGHT,RAN OFF ROAD,NUNIONVALLEYRDWMCNEELYST,NONE
2222,INDIANA UNIV BLOOMINGTON PD,BLOOMINGTON,2021-04-28T00:00:00,1:45 PM,1,1,0,0,0,"","","",E MATLOCK RD,"","",151,N,0,0,LOCAL/CITY ROAD,N,URBAN,N,N,N,"",DAYLIGHT,CLOUDY,DRY,"",T-INTERSECTION,STRAIGHT/LEVEL,ASPHALT,OTHER (ENVIRONMENTAL) - EXPLAIN IN NARR,OTHER - EXPLAIN IN NARRATIVE,MATLOCKRDSR46,NONE
2223,ELLETTSVILLE PD,ELLETTSVILLE,2021-04-28T00:00:00,2:50 PM,2,0,0,0,0,200,"","",N SALE ST (N),SR 46,"",,"",39.234338,-86.623818,UNKNOWN,N,URBAN,N,N,N,"",DAYLIGHT,RAIN,WET,"",NO JUNCTION INVOLVED,NON-ROADWAY CRASH,ASPHALT,UNSAFE BACKING,BACKING CRASH,SALEST,NONE