_id,Agency,City,Collision Date,Collision Time,Vehicles Involved,Trailers Involved,Number Injured,Number Dead,Number Deer,House Number,Roadway Interchange,Roadway Ramp,Roadway Id,Intersecting Road,Interchange,Feet From,Direction,Latitude,Longitude,Roadway Class,Hit and Run?,Locality,School Zone?,Rumble Strips?,Construction?,Construction Type,Light Condition,Weather Conditions,Surface Condition,Type of Median,Roadway Junction Type,Road Character,Roadway Surface,Primary Factor,Manner of Collision,Unique Location Id,Traffic Control
2224,MONROE SD,BLOOMINGTON,2021-04-28T00:00:00,2:50 PM,2,0,0,0,0,"","","",W CHRUCH LN,S ROGERS ST,"",,"",39.107456,-86.540064,COUNTY ROAD,N,RURAL,Y,N,N,"",DAYLIGHT,RAIN,WET,"",T-INTERSECTION,STRAIGHT/LEVEL,ASPHALT,FAILURE TO YIELD RIGHT OF WAY,RIGHT ANGLE,CHRUCHLNROGERSST,STOP SIGN
2225,MONROE SD,BLOOMINGTON,2021-04-28T00:00:00,3:49 PM,2,0,0,0,0,"","","",SR 45,S DARRELL DR,"",500,W,,,STATE ROAD,N,URBAN,N,Y,N,"",DAYLIGHT,RAIN,WET,"",NO JUNCTION INVOLVED,STRAIGHT/GRADE,ASPHALT,FOLLOWING TOO CLOSELY,RIGHT TURN,SOUTHDARELLDRSR45W,NONE
2226,MONROE SD,BLOOMINGTON,2021-04-28T00:00:00,4:00 PM,2,0,0,0,0,"","","",SR 46,W ARLINGTON RD,"",,"",39.209808,-86.582672,STATE ROAD,N,URBAN,N,N,N,"",DAYLIGHT,CLOUDY,WET,"",FOUR-WAY INTERSECTION,STRAIGHT/LEVEL,ASPHALT,SPEED TOO FAST FOR WEATHER CONDITIONS,SAME DIRECTION SIDESWIPE,ARLINGTONRDSR46W,TRAFFIC CONTROL SIGNAL
2227,MONROE SD,BLOOMINGTON,2021-04-28T00:00:00,4:11 PM,1,0,0,0,0,"","","",S LEONARD SPRINGS RD,W FOWLER RD,"",1000,N,39.10349799,-86.59357838,COUNTY ROAD,N,RURAL,N,N,N,"",DAYLIGHT,RAIN,WET,"",NO JUNCTION INVOLVED,STRAIGHT/GRADE,ASPHALT,SPEED TOO FAST FOR WEATHER CONDITIONS,RAN OFF ROAD,FOWLERRDLEONARDSPRINGSRD,NONE
2228,MONROE SD,BLOOMINGTON,2021-04-28T00:00:00,5:07 PM,1,0,0,0,0,"","","",SR 48,"","",457,E,39.17053958,-86.67928866,STATE ROAD,N,RURAL,N,Y,N,"",DAYLIGHT,RAIN,WET,"",NO JUNCTION INVOLVED,CURVE/LEVEL,ASPHALT,RAN OFF ROAD RIGHT,RAN OFF ROAD,SR48WWSTATE43RD,NONE
2229,BLOOMINGTON PD,BLOOMINGTON,2021-04-28T00:00:00,10:00 PM,2,0,2,0,0,"","","",E WINSLOW RD,S WALNUT ST,"",,"",39.135932,-86.531091,LOCAL/CITY ROAD,N,URBAN,N,N,N,"",DARK (LIGHTED),RAIN,WET,"",FOUR-WAY INTERSECTION,STRAIGHT/LEVEL,ASPHALT,FAILURE TO YIELD RIGHT OF WAY,RIGHT ANGLE,EWINSLOWRDSWALNUTST,TRAFFIC CONTROL SIGNAL
2230,BLOOMINGTON PD,BLOOMINGTON,2021-04-27T00:00:00,7:14 AM,2,0,0,0,0,"","","",W TAPP RD,S ROCKPORT RD,"",,"",39.136448,-86.548704,LOCAL/CITY ROAD,N,URBAN,N,N,N,"",DAYLIGHT,CLEAR,DRY,"",FOUR-WAY INTERSECTION,STRAIGHT/GRADE,ASPHALT,FOLLOWING TOO CLOSELY,REAR END,ROCKPORTRDTAPPRD,TRAFFIC CONTROL SIGNAL
2231,BLOOMINGTON PD,BLOOMINGTON,2021-04-27T00:00:00,12:00 PM,2,0,1,0,0,1870,"","",S WALNUT ST,ENTRANCE TO WAGON WHEEL/BIG RED LIQUORS,"",100,S,39.146944,-86.532544,LOCAL/CITY ROAD,N,URBAN,N,N,N,"",DAYLIGHT,CLEAR,DRY,"",NO JUNCTION INVOLVED,STRAIGHT/LEVEL,ASPHALT,FAILURE TO YIELD RIGHT OF WAY,LEFT TURN,MILLERDRSWALNUTST,LANE CONTROL
2232,BLOOMINGTON PD,BLOOMINGTON,2021-04-27T00:00:00,3:15 PM,2,0,0,0,0,"","","",W 3RD ST,S YANCY LN,"",250,E,39.164688,-86.5712,LOCAL/CITY ROAD,N,URBAN,N,N,N,"",DAYLIGHT,CLEAR,DRY,"",NO JUNCTION INVOLVED,STRAIGHT/LEVEL,ASPHALT,UNSAFE LANE MOVEMENT,SAME DIRECTION SIDESWIPE,FRANKLINRDW3RDST,NONE
2233,BLOOMINGTON PD,BLOOMINGTON,2021-04-27T00:00:00,3:50 PM,2,0,2,0,0,"","","",N WALNUT ST,E 7TH ST,"",,"",39.16864,-86.533568,LOCAL/CITY ROAD,N,URBAN,N,N,N,"",DAYLIGHT,CLEAR,DRY,"",FOUR-WAY INTERSECTION,STRAIGHT/LEVEL,ASPHALT,DISREGARD SIGNAL/REG SIGN,OTHER - EXPLAIN IN NARRATIVE,7THSTWALNUTST,TRAFFIC CONTROL SIGNAL
2234,BLOOMINGTON PD,BLOOMINGTON,2021-04-27T00:00:00,6:07 PM,2,0,0,0,0,"","","",W 13TH ST,N ILLINOIS ST,"",50,E,39.175152,-86.55152,LOCAL/CITY ROAD,Y,URBAN,N,N,N,"",DAYLIGHT,CLEAR,DRY,"",NO JUNCTION INVOLVED,STRAIGHT/LEVEL,CONCRETE,DRIVER DISTRACTED - EXPLAIN IN NARRATIVE,OPPOSITE DIRECTION SIDESWIPE,NILLINOISSTW13THST,NONE
2235,INDIANA UNIV BLOOMINGTON PD,BLOOMINGTON,2021-04-27T00:00:00,7:00 PM,2,0,0,0,0,"","","",E 10TH ST,N FEE LN,"",,"",39.171606,-86.519002,LOCAL/CITY ROAD,N,URBAN,N,N,N,"",DAYLIGHT,CLEAR,DRY,"",T-INTERSECTION,STRAIGHT/LEVEL,ASPHALT,DISREGARD SIGNAL/REG SIGN,REAR END,FEELNTENTHST,TRAFFIC CONTROL SIGNAL
2236,BLOOMINGTON PD,BLOOMINGTON,2021-04-26T00:00:00,9:30 AM,1,0,0,0,0,"","","",N PROW RD,ENTRANCE TO BLOOMINGTON HIGH SCHOOL NORTH,"",500,N,39.192352,-86.552592,LOCAL/CITY ROAD,Y,URBAN,Y,N,N,"",DAYLIGHT,CLEAR,DRY,"",NO JUNCTION INVOLVED,STRAIGHT/GRADE,ASPHALT,RAN OFF ROAD RIGHT,RAN OFF ROAD,ARLINGTONRDNPROWRD,LANE CONTROL
2237,BLOOMINGTON PD,BLOOMINGTON,2021-04-26T00:00:00,9:35 AM,2,0,0,0,0,"","","",S PATTERSON DR,S FAIRVIEW ST,"",,"",39.153819,-86.541097,LOCAL/CITY ROAD,N,URBAN,N,N,N,"",DAYLIGHT,CLEAR,DRY,"",FOUR-WAY INTERSECTION,CURVE/LEVEL,ASPHALT,DISREGARD SIGNAL/REG SIGN,HEAD ON BETWEEN TWO MOTOR VEHICLES,FAIRVIEWSTPATTERSONDR,TRAFFIC CONTROL SIGNAL
2238,BLOOMINGTON PD,BLOOMINGTON,2021-04-26T00:00:00,4:25 PM,2,0,0,0,0,"","","",S COLLEGE MALL RD,E 2ND ST,"",,"",39.1609319,-86.4977835,LOCAL/CITY ROAD,Y,URBAN,N,N,Y,LANE CLOSURE,DAYLIGHT,CLEAR,DRY,"",NO JUNCTION INVOLVED,STRAIGHT/LEVEL,ASPHALT,IMPROPER TURNING,LEFT TURN,EAST2NDSTSOUTHCOLLEGEMALLRD,NONE
2239,BLOOMINGTON PD,BLOOMINGTON,2021-04-26T00:00:00,7:09 PM,2,0,0,0,0,"","","",S WALNUT ST,E DODDS ST,"",,"",0,0,LOCAL/CITY ROAD,N,URBAN,N,N,N,"",DAYLIGHT,CLEAR,DRY,"",FOUR-WAY INTERSECTION,STRAIGHT/LEVEL,ASPHALT,FAILURE TO YIELD RIGHT OF WAY,RIGHT ANGLE,EASTDODDSSTSOUTHWALNUTST,STOP SIGN
2240,BLOOMINGTON PD,BLOOMINGTON,2021-04-25T00:00:00,2:10 PM,2,0,2,0,0,"","","",W BLOOMFIELD RD,S BASSWOOD DR,"",,"",39.1498172,-86.5689428,LOCAL/CITY ROAD,N,URBAN,N,N,N,"",DAYLIGHT,CLEAR,DRY,"",FOUR-WAY INTERSECTION,STRAIGHT/GRADE,ASPHALT,FAILURE TO YIELD RIGHT OF WAY,LEFT TURN,SBASSWOODDRWBLOOMFIELDRD,TRAFFIC CONTROL SIGNAL
2241,BLOOMINGTON PD,BLOOMINGTON,2021-04-25T00:00:00,9:43 PM,1,0,0,0,1,"","","",SR 45,N GRANDVIEW DR,"",100,E,39.17187203,-86.48713756,STATE ROAD,N,RURAL,N,N,N,"",DARK (LIGHTED),CLEAR,DRY,"",NO JUNCTION INVOLVED,STRAIGHT/GRADE,ASPHALT,ANIMAL/OBJECT IN ROADWAY,COLLISION WITH DEER,GRANDVIEWDRSR45E,NONE
2242,BLOOMINGTON PD,BLOOMINGTON,2021-04-24T00:00:00,12:12 AM,2,0,1,0,0,"","","",N DUNN ST,"","",400,S,,,LOCAL/CITY ROAD,N,URBAN,N,N,N,"",DARK (LIGHTED),CLEAR,DRY,"",NO JUNCTION INVOLVED,STRAIGHT/LEVEL,ASPHALT,UNSAFE SPEED,REAR END,E4546BYPNDUNNST,LANE CONTROL
2243,BLOOMINGTON PD,BLOOMINGTON,2021-04-24T00:00:00,12:28 PM,2,0,1,0,0,"","","",S HENDERSON ST,E WYLIE FARM RD,"",,"",39.141903,-86.526957,LOCAL/CITY ROAD,N,URBAN,N,N,N,"",DAYLIGHT,RAIN,WET,"",NO JUNCTION INVOLVED,STRAIGHT/LEVEL,ASPHALT,SPEED TOO FAST FOR WEATHER CONDITIONS,REAR END,HENDERSONSTWYLIEFARMRD,STOP SIGN
2244,ISP BLOOMINGTON 33,ELLETTSVILLE,2021-04-24T00:00:00,1:28 PM,2,,0,0,0,"","","",SR 46,N OUTBACK RD,"",0,"",39.21513489,-86.59268942,STATE ROAD,"",URBAN,N,N,N,"",DAYLIGHT,RAIN,WET,"",FOUR-WAY INTERSECTION,"",ASPHALT,SPEED TOO FAST FOR WEATHER CONDITIONS,REAR TO REAR,WRichlandPlzStateRd.46,""
2245,BLOOMINGTON PD,BLOOMINGTON,2021-04-24T00:00:00,1:58 PM,1,0,0,0,0,"","","",N DUNN ST,E 20TH ST,"",50,N,39.18184,-86.5284,LOCAL/CITY ROAD,N,URBAN,N,N,N,"",DAYLIGHT,CLOUDY,WATER (STANDING OR MOVING),"",NO JUNCTION INVOLVED,STRAIGHT/LEVEL,ASPHALT,RAN OFF ROAD RIGHT,RAN OFF ROAD,E20THSTNDUNNST,NONE
2246,MONROE SD,BLOOMINGTON,2021-04-24T00:00:00,2:40 PM,1,0,0,0,0,"","","",W REEVES RD,N STARNES RD,"",800,W,39.231536,-86.6588,LOCAL/CITY ROAD,N,RURAL,N,N,N,"",DAYLIGHT,CLEAR,DRY,"",NO JUNCTION INVOLVED,STRAIGHT/LEVEL,ASPHALT,RAN OFF ROAD RIGHT,RAN OFF ROAD,NSTARNESRDWREEVESRD,NONE
2247,BLOOMINGTON PD,BLOOMINGTON,2021-04-24T00:00:00,4:44 PM,2,0,0,0,0,"","","",S PATTERSON DR,W ALLEN ST,"",,"",39.155641,-86.543337,LOCAL/CITY ROAD,N,URBAN,N,N,N,"",DAYLIGHT,RAIN,WET,"",FOUR-WAY INTERSECTION,STRAIGHT/LEVEL,ASPHALT,FOLLOWING TOO CLOSELY,REAR END,SPATTERSONDRWALLENST,TRAFFIC CONTROL SIGNAL
2248,BLOOMINGTON PD,BLOOMINGTON,2021-04-24T00:00:00,6:29 PM,2,0,0,0,0,"","","",N KINSER PIKE,W 17TH ST,"",,"",39.178992,-86.537792,LOCAL/CITY ROAD,N,URBAN,N,N,N,"",DAYLIGHT,RAIN,WET,"",FOUR-WAY INTERSECTION,STRAIGHT/LEVEL,ASPHALT,FAILURE TO YIELD RIGHT OF WAY,RIGHT ANGLE,NKINSERPIKEW17THST,TRAFFIC CONTROL SIGNAL
2249,MONROE SD,BLOOMINGTON,2021-04-24T00:00:00,8:20 PM,1,0,0,0,0,"","","",S FAIRFAX RD,E SANDERS THIRD AVE,"",,"",39.08036,-86.514547,LOCAL/CITY ROAD,N,RURAL,N,N,N,"",DAWN/DUSK,CLOUDY,WET,"",NO JUNCTION INVOLVED,CURVE/GRADE,ASPHALT,SPEED TOO FAST FOR WEATHER CONDITIONS,RAN OFF ROAD,3RDSANDERSAVESOUTHFAIRFAXRD,NONE
2250,MONROE SD,ELLETTSVILLE,2021-04-24T00:00:00,8:46 PM,1,0,0,0,1,"","","",N SMITH PIKE,"","",150,S,39.18331233,-86.58312,LOCAL/CITY ROAD,N,RURAL,N,N,N,"",DARK (NOT LIGHTED),CLEAR,DRY,"",T-INTERSECTION,STRAIGHT/LEVEL,ASPHALT,ANIMAL/OBJECT IN ROADWAY,COLLISION WITH ANIMAL OTHER,NSMITHPIKEWNELSONLN,NONE
2251,INDIANA UNIV BLOOMINGTON PD,BLOOMINGTON,2021-04-23T00:00:00,3:22 AM,2,0,0,0,0,"","","",N JORDAN AVE,E 10TH ST,"",,"",,,LOCAL/CITY ROAD,N,URBAN,N,N,N,"",DARK (LIGHTED),CLEAR,DRY,"",NO JUNCTION INVOLVED,STRAIGHT/GRADE,ASPHALT,UNSAFE BACKING,BACKING CRASH,JORDANAVETENTHST,NONE
2252,BLOOMINGTON PD,BLOOMINGTON,2021-04-23T00:00:00,3:53 AM,2,0,0,0,0,"","","",N WILLIS DR,W 17TH ST,"",,"",39.179104,-86.544016,LOCAL/CITY ROAD,Y,URBAN,N,N,N,"",DARK (NOT LIGHTED),CLEAR,DRY,"",T-INTERSECTION,STRAIGHT/LEVEL,ASPHALT,IMPROPER LANE USAGE,HEAD ON BETWEEN TWO MOTOR VEHICLES,NWILLISDRW17THST,LANE CONTROL
2253,BLOOMINGTON PD,BLOOMINGTON,2021-04-23T00:00:00,6:09 AM,1,0,0,0,1,"","","",SR 45/46,N MILO B SAMPSON LN,"",,"",39.186352,-86.522192,STATE ROAD,N,URBAN,N,N,N,"",DARK (NOT LIGHTED),CLOUDY,DRY,"",T-INTERSECTION,STRAIGHT/GRADE,ASPHALT,ANIMAL/OBJECT IN ROADWAY,COLLISION WITH DEER,MILOSAMPSONLNSR46E,LANE CONTROL
2254,MONROE SD,BLOOMINGTON,2021-04-23T00:00:00,7:59 AM,2,0,0,0,0,"","","",SR 48,N PROFILE PKWY,"",,"",39.1745854,-86.58441064,STATE ROAD,N,URBAN,N,N,N,"",DAYLIGHT,CLEAR,DRY,"",FOUR-WAY INTERSECTION,STRAIGHT/LEVEL,ASPHALT,FOLLOWING TOO CLOSELY,REAR END,SPROFILEPKWYSR48W,TRAFFIC CONTROL SIGNAL
2255,MONROE SD,BLOOMINGTON,2021-04-23T00:00:00,8:00 AM,1,0,0,0,0,"","","",S ROCKPORT RD,S VICTOR PIKE,"",,"",39.053802,-86.6065491,COUNTY ROAD,N,RURAL,N,N,N,"",DAWN/DUSK,CLEAR,DRY,"",NO JUNCTION INVOLVED,CURVE/GRADE,ASPHALT,RAN OFF ROAD RIGHT,RAN OFF ROAD,SROCKPORTRDSVICTORPIKE,NONE
2256,BLOOMINGTON PD,BLOOMINGTON,2021-04-23T00:00:00,1:00 PM,3,0,1,0,0,"","","",N CURRY PIKE,W PROFILE PKWY,"",,"",39.171961,-86.582982,LOCAL/CITY ROAD,N,URBAN,N,N,N,"",DAYLIGHT,CLEAR,DRY,"",FOUR-WAY INTERSECTION,STRAIGHT/LEVEL,ASPHALT,FOLLOWING TOO CLOSELY,REAR END,NCURRYPIKEWPROFILEPKWY,TRAFFIC CONTROL SIGNAL
2257,BLOOMINGTON PD,BLOOMINGTON,2021-04-23T00:00:00,1:22 PM,2,0,0,0,0,418,"","",N COLLEGE AVE,ENTRANCE TO BIG RED LIQUORS,"",,"",39.1697342,-86.53478106,UNKNOWN,N,URBAN,N,N,N,"",DAYLIGHT,CLOUDY,DRY,"",NO JUNCTION INVOLVED,NON-ROADWAY CRASH,ASPHALT,FAILURE TO YIELD RIGHT OF WAY,OPPOSITE DIRECTION SIDESWIPE,NCOLLEGEAVE,NONE
2258,ISP INDIANAPOLIS 52,BLOOMINGTON,2021-04-23T00:00:00,3:00 PM,2,,0,0,0,"","","",I-69 N,"","",264,"",39.07205247,-86.62832788,INTERSTATE,"",RURAL,N,N,N,"",DAYLIGHT,CLOUDY,DRY,"",NO JUNCTION INVOLVED,"",CONCRETE,OTHER (DRIVER) - EXPLAIN IN NARRATIVE,REAR END,I-69109,""
2259,INDIANA UNIV BLOOMINGTON PD,BLOOMINGTON,2021-04-23T00:00:00,3:35 PM,1,0,0,0,1,"","","",SR 45/46,N HEADLEY RD,"",365,N,39.21835474,-86.5073177,STATE ROAD,N,URBAN,N,N,N,"",DAYLIGHT,CLEAR,DRY,"",NO JUNCTION INVOLVED,STRAIGHT/LEVEL,ASPHALT,ANIMAL/OBJECT IN ROADWAY,COLLISION WITH DEER,EAST17THSTSR46,NONE
2260,INDIANA UNIV BLOOMINGTON PD,BLOOMINGTON,2021-04-23T00:00:00,3:38 PM,1,0,0,0,1,"","","",SR 45/46,E 17TH ST,"",,"",0,0,STATE ROAD,N,URBAN,N,N,N,"",DAYLIGHT,CLEAR,DRY,"",T-INTERSECTION,CURVE/LEVEL,ASPHALT,ANIMAL/OBJECT IN ROADWAY,COLLISION WITH DEER,17THSTSR46S,TRAFFIC CONTROL SIGNAL
2261,BLOOMINGTON PD,BLOOMINGTON,2021-04-23T00:00:00,5:16 PM,2,0,0,0,0,"","","",N SMITH RD,E GRANDVIEW DR,"",,"",39.168848,-86.481296,LOCAL/CITY ROAD,N,URBAN,N,N,N,"",DAYLIGHT,CLOUDY,DRY,"",T-INTERSECTION,STRAIGHT/GRADE,ASPHALT,FOLLOWING TOO CLOSELY,REAR END,EASTGRANDVIEWSTNORTHSMITHRD,NONE
2262,ISP BLOOMINGTON 33,BLOOMINGTON,2021-04-23T00:00:00,7:57 PM,2,,0,0,0,"","","",SR 46,S FRIENDSHIP RD,"",0,"",39.153872,-86.40691227,STATE ROAD,"",RURAL,N,N,N,"",DAYLIGHT,CLOUDY,DRY,"",T-INTERSECTION,"",ASPHALT,FAILURE TO YIELD RIGHT OF WAY,RIGHT ANGLE,SR46FriendshipRoad,""
2263,BLOOMINGTON PD,BLOOMINGTON,2021-04-23T00:00:00,9:50 PM,1,0,0,0,0,"","","",E HILLSIDE DR,S HENDERSON ST,"",,"",39.15064,-86.52696,LOCAL/CITY ROAD,N,URBAN,Y,N,N,"",DARK (NOT LIGHTED),CLOUDY,DRY,"",FOUR-WAY INTERSECTION,STRAIGHT/GRADE,ASPHALT,RAN OFF ROAD RIGHT,RAN OFF ROAD,HENDERSONSTHILLSIDERD,NONE
2264,BLOOMINGTON PD,BLOOMINGTON,2021-04-22T00:00:00,4:45 AM,1,0,0,0,0,"","","",E WINSLOW RD,E WINSLOW FARM DR,"",,"",39.135988,-86.521047,LOCAL/CITY ROAD,N,URBAN,N,N,N,"",DARK (LIGHTED),CLEAR,DRY,"",NO JUNCTION INVOLVED,STRAIGHT/LEVEL,ASPHALT,OTHER (DRIVER) - EXPLAIN IN NARRATIVE,RAN OFF ROAD,EWINSLOWFARMDREWINSLOWRD,LANE CONTROL
2265,BLOOMINGTON PD,BLOOMINGTON,2021-04-22T00:00:00,2:07 PM,2,0,1,0,0,"","","",S WALNUT ST,E NORTH DR,"",,"",39.144752,-86.531888,LOCAL/CITY ROAD,N,URBAN,N,N,N,"",DAYLIGHT,CLEAR,DRY,"",FOUR-WAY INTERSECTION,STRAIGHT/LEVEL,CONCRETE,UNSAFE LANE MOVEMENT,SAME DIRECTION SIDESWIPE,ENORTHDRSWALNUTST,TRAFFIC CONTROL SIGNAL
2266,ISP BLOOMINGTON 33,ELLETTSVILLE,2021-04-22T00:00:00,2:30 PM,2,,0,0,0,5920,"","",SR 46,ENTRANCE TO CUMMINS BOOKKEEPING,"",0,"",39.225725,-86.61316822,STATE ROAD,"",URBAN,N,N,N,"",DAYLIGHT,CLEAR,DRY,"",NO JUNCTION INVOLVED,"",ASPHALT,FOLLOWING TOO CLOSELY,REAR END,StateRd46ETemperanceSt,""
2267,MONROE SD,BLOOMINGTON,2021-04-22T00:00:00,5:03 PM,2,0,0,0,0,"","",Y,I-69 N,SR 45/46,"",500,S,39.17418037,-86.61521799,STATE ROAD,N,RURAL,N,N,N,"",DAYLIGHT,CLEAR,DRY,"",NO JUNCTION INVOLVED,STRAIGHT/GRADE,CONCRETE,UNSAFE LANE MOVEMENT,SAME DIRECTION SIDESWIPE,SR46WSR69N,NONE
2268,ELLETTSVILLE PD,ELLETTSVILLE,2021-04-22T00:00:00,7:48 PM,2,0,0,0,0,"","","",SR 46,N UNION VALLEY RD,"",,"",39.215152,-86.5928,STATE ROAD,N,URBAN,N,N,N,"",DAWN/DUSK,CLEAR,DRY,"",FOUR-WAY INTERSECTION,STRAIGHT/LEVEL,ASPHALT,FAILURE TO YIELD RIGHT OF WAY,LEFT TURN,SR46WUNIONVALLEYRD,TRAFFIC CONTROL SIGNAL
2269,BLOOMINGTON PD,BLOOMINGTON,2021-04-21T00:00:00,6:40 AM,2,0,0,0,0,"","","",W 3RD ST,S FRANKLIN RD,"",,"",39.164688,-86.5712,LOCAL/CITY ROAD,N,URBAN,N,N,N,"",DAYLIGHT,CLOUDY,DRY,"",FOUR-WAY INTERSECTION,CURVE/GRADE,ASPHALT,VIEW OBSTRUCTED,HEAD ON BETWEEN TWO MOTOR VEHICLES,FRANKLINRDWESTTHIRDST,TRAFFIC CONTROL SIGNAL
2270,MONROE SD,ELLETTSVILLE,2021-04-21T00:00:00,8:12 AM,2,0,0,0,0,6226,"","",N UNION VALLEY RD,"","",1100,N,39.35402936,-86.592763,LOCAL/CITY ROAD,N,RURAL,N,N,N,"",DAYLIGHT,SNOW,DRY,"",NO JUNCTION INVOLVED,STRAIGHT/GRADE,ASPHALT,ANIMAL/OBJECT IN ROADWAY,REAR END,NUNIONVALLEYRDWMCNEELYST,NO PASSING ZONE
2271,BLOOMINGTON PD,BLOOMINGTON,2021-04-21T00:00:00,8:24 AM,2,0,0,0,0,"","","",E MOORES PIKE,S SMITH RD,"",,"",39.150224,-86.480464,LOCAL/CITY ROAD,N,URBAN,N,N,N,"",DAYLIGHT,CLOUDY,WET,"",FOUR-WAY INTERSECTION,STRAIGHT/LEVEL,ASPHALT,DISREGARD SIGNAL/REG SIGN,RIGHT ANGLE,EMOORESPIKESSMITHRD,STOP SIGN
2272,MONROE SD,BLOOMINGTON,2021-04-21T00:00:00,3:41 PM,2,0,0,0,0,"","","",N SMITH PIKE,W COFFEY LN,"",10,N,39.20807359,-86.583146,COUNTY ROAD,N,RURAL,N,N,N,"",DAYLIGHT,CLEAR,DRY,"",T-INTERSECTION,STRAIGHT/LEVEL,ASPHALT,FOLLOWING TOO CLOSELY,REAR END,NSMITHPIKEWCOFFEYLN,NONE
2273,BLOOMINGTON PD,BLOOMINGTON,2021-04-21T00:00:00,4:08 PM,2,0,0,0,0,4001,"","",SR 48,S CURRY PIKE,"",,"",39.164346,-86.5834,UNKNOWN,N,URBAN,N,N,N,"",DAYLIGHT,CLOUDY,DRY,"",NO JUNCTION INVOLVED,STRAIGHT/LEVEL,CONCRETE,IMPROPER TURNING,RIGHT ANGLE,W3RDST,NONE
2274,BLOOMINGTON PD,BLOOMINGTON,2021-04-21T00:00:00,5:25 PM,2,0,0,0,0,"","","",SR 48,S GATES DR,"",,"",39.1645631,-86.5761678,LOCAL/CITY ROAD,N,URBAN,N,N,N,"",DAYLIGHT,CLEAR,DRY,"",FOUR-WAY INTERSECTION,STRAIGHT/LEVEL,CONCRETE,IMPROPER LANE USAGE,LEFT TURN,SOUTHGATESDRWEST3RDST,TRAFFIC CONTROL SIGNAL
2275,BLOOMINGTON PD,BLOOMINGTON,2021-04-20T00:00:00,1:45 PM,3,0,0,0,0,"","","",E 2ND ST,S DUNN ST,"",,"",39.161348,-86.52839,LOCAL/CITY ROAD,Y,URBAN,N,N,N,"",DAYLIGHT,CLEAR,DRY,"",NO JUNCTION INVOLVED,STRAIGHT/LEVEL,ASPHALT,RAN OFF ROAD RIGHT,SAME DIRECTION SIDESWIPE,E2NDSTSDUNNST,NONE
2276,BLOOMINGTON PD,BLOOMINGTON,2021-04-20T00:00:00,1:55 PM,2,0,0,0,0,"","","",S WASHINGTON ST,ALLEY,"",75,N,39.165648,-86.5324,LOCAL/CITY ROAD,N,URBAN,N,N,N,"",DAYLIGHT,CLEAR,DRY,"",FOUR-WAY INTERSECTION,STRAIGHT/LEVEL,ASPHALT,FAILURE TO YIELD RIGHT OF WAY,RIGHT TURN,EAST4THSTSOUTHWASHINGTONST,NONE
2277,BLOOMINGTON PD,BLOOMINGTON,2021-04-20T00:00:00,2:50 PM,2,0,1,0,0,"","","",S SMITH RD,SR 46,"",,"",39.16424,-86.480688,LOCAL/CITY ROAD,N,URBAN,N,N,N,"",DAYLIGHT,CLEAR,DRY,"",NO JUNCTION INVOLVED,STRAIGHT/LEVEL,ASPHALT,FOLLOWING TOO CLOSELY,REAR END,E3RDSTSOUTHSMITHRD,NONE
2278,INDIANA UNIV BLOOMINGTON PD,BLOOMINGTON,2021-04-20T00:00:00,6:27 PM,1,0,0,0,0,"","","",E 10TH ST,N JEFFERSON ST,"",,"",0,0,LOCAL/CITY ROAD,N,URBAN,N,N,N,"",DAYLIGHT,RAIN,WET,"",NO JUNCTION INVOLVED,CURVE/LEVEL,ASPHALT,SPEED TOO FAST FOR WEATHER CONDITIONS,RAN OFF ROAD,JEFFERSONSTUNIONVILLERD,NONE
2279,BLOOMINGTON PD,BLOOMINGTON,2021-04-20T00:00:00,9:21 PM,2,0,0,0,0,"","","",S COLLEGE AVE,W KIRKWOOD AVE,"",,"",39.16664,-86.5348,LOCAL/CITY ROAD,N,URBAN,N,N,N,"",DARK (LIGHTED),SLEET/HAIL/FREEZING RAIN,WET,"",FOUR-WAY INTERSECTION,STRAIGHT/LEVEL,ASPHALT,UNSAFE LANE MOVEMENT,LEFT TURN,EKIRKWOODAVESCOLLEGEAVE,TRAFFIC CONTROL SIGNAL
2280,BLOOMINGTON PD,BLOOMINGTON,2021-04-19T00:00:00,4:23 PM,2,0,0,0,0,"","","",SR 45,I-69 S,"",,"",39.0227067,-86.7230867,STATE ROAD,N,URBAN,N,N,N,"",DAYLIGHT,CLEAR,DRY,"",FOUR-WAY INTERSECTION,STRAIGHT/LEVEL,ASPHALT,FAILURE TO YIELD RIGHT OF WAY,RIGHT ANGLE,INTERSTATE69SBRAMPSR45W,TRAFFIC CONTROL SIGNAL
2281,BLOOMINGTON PD,BLOOMINGTON,2021-04-19T00:00:00,4:26 PM,1,0,1,0,0,"","","",S LIBERTY DR,SR 48,"",,"",39.164606,-86.579131,LOCAL/CITY ROAD,N,URBAN,N,N,N,"",DAYLIGHT,CLEAR,DRY,"",FOUR-WAY INTERSECTION,STRAIGHT/LEVEL,CONCRETE,FAILURE TO YIELD RIGHT OF WAY,RIGHT ANGLE,SLIBERTYDRW3RDST,TRAFFIC CONTROL SIGNAL