_id,Agency,City,Collision Date,Collision Time,Vehicles Involved,Trailers Involved,Number Injured,Number Dead,Number Deer,House Number,Roadway Interchange,Roadway Ramp,Roadway Id,Intersecting Road,Interchange,Feet From,Direction,Latitude,Longitude,Roadway Class,Hit and Run?,Locality,School Zone?,Rumble Strips?,Construction?,Construction Type,Light Condition,Weather Conditions,Surface Condition,Type of Median,Roadway Junction Type,Road Character,Roadway Surface,Primary Factor,Manner of Collision,Unique Location Id,Traffic Control
2282,MONROE SD,ELLETTSVILLE,2021-04-19T00:00:00,6:06 PM,2,1,1,0,0,"","","",N UNION VALLEY RD,W MAPLE GROVE RD,"",,"",39.244752,-86.5928,LOCAL/CITY ROAD,N,RURAL,N,N,N,"",DAYLIGHT,CLEAR,DRY,"",FOUR-WAY INTERSECTION,STRAIGHT/HILLCREST,ASPHALT,DISREGARD SIGNAL/REG SIGN,RIGHT ANGLE,NORTHUNIONVALLEYRDWESTMAPLEGROVERD,STOP SIGN
2283,BLOOMINGTON PD,BLOOMINGTON,2021-04-19T00:00:00,6:23 PM,2,0,1,0,0,"","","",SR 46,S PETE ELLIS DR,"",100,E,39.16424,-86.495088,LOCAL/CITY ROAD,N,URBAN,N,N,N,"",DAYLIGHT,CLEAR,DRY,"",FOUR-WAY INTERSECTION,STRAIGHT/LEVEL,ASPHALT,FAILURE TO YIELD RIGHT OF WAY,RIGHT ANGLE,EAST3RDSTSOUTHPETEELLISDR,NONE
2284,BLOOMINGTON PD,BLOOMINGTON,2021-04-19T00:00:00,9:45 PM,2,0,0,0,0,"","","",S ROGERS ST,W 3RD ST,"",,"",39.16472,-86.538592,LOCAL/CITY ROAD,N,URBAN,N,N,N,"",DARK (LIGHTED),CLEAR,DRY,"",FOUR-WAY INTERSECTION,STRAIGHT/GRADE,ASPHALT,FAILURE TO YIELD RIGHT OF WAY,HEAD ON BETWEEN TWO MOTOR VEHICLES,SROGERSSTW3RDST,TRAFFIC CONTROL SIGNAL
2285,MONROE SD,BLOOMINGTON,2021-04-19T00:00:00,11:26 PM,1,0,0,0,0,"","","",SR 48,"","",700,W,39.163144,-86.62907335,STATE ROAD,N,RURAL,N,N,N,"",DARK (NOT LIGHTED),CLEAR,DRY,"",T-INTERSECTION,STRAIGHT/GRADE,ASPHALT,RAN OFF ROAD RIGHT,RAN OFF ROAD,SOUTHCAVERDSR48W,NONE
2286,MONROE SD,BLOOMINGTON,2021-04-18T00:00:00,2:12 AM,1,0,0,0,1,"","","",SR 446,"","",5280,E,0,0,STATE ROAD,N,RURAL,N,N,N,"",DARK (NOT LIGHTED),CLEAR,DRY,"",NO JUNCTION INVOLVED,STRAIGHT/LEVEL,ASPHALT,ANIMAL/OBJECT IN ROADWAY,COLLISION WITH DEER,SDUTCHRIDGERDSR46,LANE CONTROL
2287,INDIANA UNIV BLOOMINGTON PD,BLOOMINGTON,2021-04-18T00:00:00,2:40 AM,2,0,1,0,0,"","","",E 17TH ST,N FEE LN,"",,"",39.179061,-86.51897,LOCAL/CITY ROAD,N,URBAN,N,N,N,"",DARK (LIGHTED),CLEAR,DRY,"",FOUR-WAY INTERSECTION,STRAIGHT/LEVEL,ASPHALT,DISREGARD SIGNAL/REG SIGN,RIGHT ANGLE,EAST17THSTFEELN,TRAFFIC CONTROL SIGNAL
2288,ISP BLOOMINGTON 33,BLOOMINGTON,2021-04-18T00:00:00,2:12 PM,2,,1,0,0,"","","",I-69,"","",0,"",39.17936229,-86.55855364,INTERSTATE,"",URBAN,N,N,N,"",DAYLIGHT,CLEAR,DRY,"",NO JUNCTION INVOLVED,"",ASPHALT,TIRE FAILURE OR DEFECTIVE,"",69119.5,""
2289,INDIANA UNIV BLOOMINGTON PD,BLOOMINGTON,2021-04-18T00:00:00,3:34 PM,2,0,0,0,0,2815,"","",SR 45,E UNIVERSITY RD,"",,"",,,STATE ROAD,N,URBAN,N,N,N,"",DAYLIGHT,CLEAR,DRY,"",NO JUNCTION INVOLVED,STRAIGHT/HILLCREST,CONCRETE,LEFT OF CENTER,HEAD ON BETWEEN TWO MOTOR VEHICLES,SR45SR46,NONE
2290,BLOOMINGTON PD,BLOOMINGTON,2021-04-18T00:00:00,6:12 PM,2,0,0,0,0,"","","",W TAPP RD,S ADAMS ST,"",100,W,39.136676,-86.55439134,LOCAL/CITY ROAD,N,URBAN,N,N,N,"",DAYLIGHT,CLOUDY,DRY,"",T-INTERSECTION,STRAIGHT/GRADE,ASPHALT,ANIMAL/OBJECT IN ROADWAY,REAR END,SADAMSSTWTAPPRD,ROUNDABOUT INTERSECTION
2291,MONROE SD,BLOOMINGTON,2021-04-18T00:00:00,8:51 PM,1,0,0,1,0,"","","",W DINSMORE RD (E),SR 45,"",,"",39.1132231,-86.6347686,LOCAL/CITY ROAD,N,RURAL,N,N,N,"",DARK (NOT LIGHTED),CLEAR,DRY,"",NO JUNCTION INVOLVED,STRAIGHT/LEVEL,ASPHALT,RAN OFF ROAD RIGHT,RAN OFF ROAD,WDINSMORERDWSTATEROAD45RD,NONE
2292,MONROE SD,BLOOMINGTON,2021-04-17T00:00:00,12:03 AM,1,0,0,0,1,"","","",W VERNAL PIKE,N SUNRISE GREETING CT,"",,"",39.179142,-86.576399,COUNTY ROAD,N,RURAL,N,N,N,"",DARK (NOT LIGHTED),CLEAR,DRY,"",NO JUNCTION INVOLVED,STRAIGHT/HILLCREST,ASPHALT,ANIMAL/OBJECT IN ROADWAY,COLLISION WITH DEER,SUNRISEGREETINGSCTVERNALPIKE,NONE
2293,BLOOMINGTON PD,BLOOMINGTON,2021-04-17T00:00:00,12:00 PM,2,0,0,0,0,"","","",E 2ND ST,S HENDERSON ST,"",,"",39.16144,-86.527152,LOCAL/CITY ROAD,Y,URBAN,N,N,N,"",UNKNOWN,CLEAR,DRY,"",FOUR-WAY INTERSECTION,STRAIGHT/LEVEL,ASPHALT,IMPROPER LANE USAGE,SAME DIRECTION SIDESWIPE,EAST2NDSTSOUTHHENDERSONST,STOP SIGN
2294,BLOOMINGTON PD,BLOOMINGTON,2021-04-17T00:00:00,12:34 PM,2,0,0,0,0,"","","",E WINSLOW RD,S WALNUT ST PIKE,"",,"",39.136144,-86.528688,LOCAL/CITY ROAD,N,URBAN,N,N,N,"",DAYLIGHT,CLOUDY,WET,"",FOUR-WAY INTERSECTION,STRAIGHT/GRADE,ASPHALT,FAILURE TO YIELD RIGHT OF WAY,RIGHT ANGLE,WALNUTSTREETPIKEWINSLOWRD,LANE CONTROL
2295,MONROE SD,BLOOMINGTON,2021-04-17T00:00:00,12:52 PM,1,0,1,0,0,"","","",S VALLEY MISSION RD,E PEDIGO BAY DR,"",200,N,39.02464413,-86.5012091,COUNTY ROAD,N,RURAL,N,N,N,"",DAYLIGHT,CLEAR,DRY,"",NO JUNCTION INVOLVED,CURVE/GRADE,ASPHALT,OTHER (DRIVER) - EXPLAIN IN NARRATIVE,REAR END,EPEDIGOBAYDRSVALLEYMISSIONRD,NONE
2296,INDIANA UNIV BLOOMINGTON PD,BLOOMINGTON,2021-04-17T00:00:00,12:55 PM,2,0,0,0,0,"","","",SR 45/46,E DISCOVERY PKWY,"",100,S,39.21654567,-86.61521799,STATE ROAD,N,URBAN,N,N,N,"",DAYLIGHT,RAIN,WET,"",NO JUNCTION INVOLVED,STRAIGHT/GRADE,ASPHALT,FOLLOWING TOO CLOSELY,REAR END,DISCOVERYPKWYSR46S,NONE
2297,ELLETTSVILLE PD,ELLETTSVILLE,2021-04-17T00:00:00,6:01 PM,2,0,0,0,0,"","","",SR 46,BRIAR GATE DR,"",,"",39.216569,-86.596334,STATE ROAD,N,URBAN,N,N,N,"",DAYLIGHT,CLEAR,DRY,"",NO JUNCTION INVOLVED,STRAIGHT/LEVEL,ASPHALT,UNSAFE LANE MOVEMENT,SAME DIRECTION SIDESWIPE,BRIARGATEDRSR46W,LANE CONTROL
2298,MONROE SD,"",2021-04-17T00:00:00,8:45 PM,2,0,0,0,0,"","","",SR 45,W AIRPORT RD,"",,"",0,0,STATE ROAD,Y,RURAL,N,N,N,"",DARK (NOT LIGHTED),CLEAR,DRY,"",T-INTERSECTION,STRAIGHT/GRADE,ASPHALT,DISREGARD SIGNAL/REG SIGN,REAR END,AIRPORTRDSR45,TRAFFIC CONTROL SIGNAL
2299,BLOOMINGTON PD,BLOOMINGTON,2021-04-17T00:00:00,11:50 PM,2,0,0,0,0,"","","",W KIRKWOOD AVE,N COLLEGE AVE,"",,"",39.16664,-86.5348,LOCAL/CITY ROAD,Y,URBAN,N,N,N,"",DARK (LIGHTED),CLEAR,DRY,"",NO JUNCTION INVOLVED,STRAIGHT/GRADE,CONCRETE,FOLLOWING TOO CLOSELY,REAR END,SCOLLEGEAVEWKIRKWOODAVE,NONE
2300,MONROE SD,BLOOMINGTON,2021-04-16T00:00:00,1:24 AM,1,0,0,0,0,"","","",S ROCKPORT RD,"","",1500,N,39.101776,-86.576864,LOCAL/CITY ROAD,N,RURAL,N,N,N,"",DAYLIGHT,CLEAR,DRY,"",T-INTERSECTION,STRAIGHT/HILLCREST,ASPHALT,RAN OFF ROAD RIGHT,RAN OFF ROAD,COCKRELLRDSROCKPORTRD,NONE
2301,MONROE SD,BLOOMINGTON,2021-04-16T00:00:00,5:10 AM,1,0,0,0,0,"","","",S HARMONY RD,"","",2000,E,39.06822,-86.62629685,LOCAL/CITY ROAD,N,RURAL,N,N,N,"",DARK (NOT LIGHTED),CLEAR,DRY,"",NO JUNCTION INVOLVED,CURVE/LEVEL,ASPHALT,DRIVER ASLEEP OR FATIGUED,RAN OFF ROAD,HARMONYRDMOUNTZIONRD,LANE CONTROL
2302,BLOOMINGTON PD,BLOOMINGTON,2021-04-16T00:00:00,9:25 AM,2,0,0,0,0,"","","",N INDIANA AVE,E 14TH ST,"",,"",39.176192,-86.52712,LOCAL/CITY ROAD,N,URBAN,N,N,N,"",DAYLIGHT,CLEAR,DRY,"",FOUR-WAY INTERSECTION,STRAIGHT/LEVEL,ASPHALT,FAILURE TO YIELD RIGHT OF WAY,RIGHT ANGLE,14THSTINDIANAAVE,STOP SIGN
2303,BLOOMINGTON PD,BLOOMINGTON,2021-04-16T00:00:00,11:00 AM,2,0,0,0,0,"","","",SR 45,I-69 S,"",,"",39.148144,-86.572992,STATE ROAD,Y,URBAN,N,N,N,"",DAYLIGHT,CLEAR,DRY,"",FOUR-WAY INTERSECTION,STRAIGHT/GRADE,ASPHALT,DISREGARD SIGNAL/REG SIGN,LEFT TURN,SR37SSR45W,TRAFFIC CONTROL SIGNAL
2304,ELLETTSVILLE PD,ELLETTSVILLE,2021-04-16T00:00:00,12:47 PM,2,0,0,0,0,"","","",SR 46,W FORREST PARK DR,"",,"",39.212096,-86.587196,STATE ROAD,Y,"",N,N,N,"",DAYLIGHT,CLEAR,DRY,"",NO JUNCTION INVOLVED,STRAIGHT/LEVEL,ASPHALT,FAILURE TO YIELD RIGHT OF WAY,RIGHT ANGLE,FORRESTPARKFARMSDRSR46W,STOP SIGN
2305,MONROE SD,BLOOMINGTON,2021-04-16T00:00:00,2:54 PM,2,0,1,0,0,6072,"","",SR 46,E TRAILWOOD DR,"",250,W,0,0,STATE ROAD,N,RURAL,N,N,N,"",DAYLIGHT,CLEAR,DRY,"",NO JUNCTION INVOLVED,CURVE/GRADE,ASPHALT,LEFT OF CENTER,HEAD ON BETWEEN TWO MOTOR VEHICLES,SR46ETWINLEAFTR,NONE
2306,INDIANA UNIV BLOOMINGTON PD,BLOOMINGTON,2021-04-16T00:00:00,3:18 PM,3,0,0,0,0,"","","",E 3RD ST,S INDIANA AVE,"",150,E,39.164281,-86.52588397,LOCAL/CITY ROAD,N,URBAN,N,N,N,"",DAYLIGHT,CLEAR,DRY,"",NO JUNCTION INVOLVED,STRAIGHT/LEVEL,ASPHALT,FOLLOWING TOO CLOSELY,REAR END,FESSAVETHIRDST,LANE CONTROL
2307,BLOOMINGTON PD,BLOOMINGTON,2021-04-16T00:00:00,3:29 PM,2,0,0,0,0,"","","",SR 48,S CURRY PIKE,"",,"",39.16465,-86.582939,LOCAL/CITY ROAD,N,URBAN,N,N,N,"",DAYLIGHT,CLEAR,DRY,"",NO JUNCTION INVOLVED,STRAIGHT/LEVEL,CONCRETE,FAILURE TO YIELD RIGHT OF WAY,LEFT TURN,SCURRYPIKEW3RDST,NONE
2308,BLOOMINGTON PD,BLOOMINGTON,2021-04-16T00:00:00,4:54 PM,2,0,0,0,0,"","","",E 10TH ST,N DUNN ST,"",,"",39.17168,-86.528256,LOCAL/CITY ROAD,N,URBAN,N,N,N,"",DAYLIGHT,CLEAR,DRY,"",FOUR-WAY INTERSECTION,STRAIGHT/LEVEL,ASPHALT,FAILURE TO YIELD RIGHT OF WAY,LEFT/RIGHT TURN,10THSTNDUNNST,LANE CONTROL
2309,MONROE SD,BLOOMINGTON,2021-04-16T00:00:00,6:32 PM,2,0,1,1,0,"","","",SR 46,"","",1000,W,39.15629121,-86.40831933,STATE ROAD,N,RURAL,N,N,N,"",DAYLIGHT,CLEAR,DRY,"",NO JUNCTION INVOLVED,STRAIGHT/GRADE,ASPHALT,LEFT OF CENTER,HEAD ON BETWEEN TWO MOTOR VEHICLES,FRIENDSHIPRDSR46E,NONE
2310,BLOOMINGTON PD,BLOOMINGTON,2021-04-16T00:00:00,6:45 PM,1,0,0,0,0,3939,"","",SR 48,S CURRY PIKE,"",,"",39.164752,-86.573104,UNKNOWN,N,URBAN,N,N,N,"",DAYLIGHT,CLEAR,DRY,"",NO JUNCTION INVOLVED,STRAIGHT/LEVEL,ASPHALT,DRIVER ILLNESS,COLLISION WITH OBJECT IN ROAD,W3RDST,NONE
2311,MONROE SD,BLOOMINGTON,2021-04-16T00:00:00,8:00 PM,2,0,0,0,0,"","","",SR 46,"","",3000,E,0,0,STATE ROAD,N,RURAL,N,N,N,"",DAWN/DUSK,CLEAR,DRY,"",NO JUNCTION INVOLVED,STRAIGHT/LEVEL,ASPHALT,UNSAFE BACKING,BACKING CRASH,GETTYCREEKRDSR45E,NONE
2312,INDIANA UNIV BLOOMINGTON PD,BLOOMINGTON,2021-04-15T00:00:00,8:52 AM,2,0,0,0,0,"","","",E 17TH ST,N INDIANA AVE,"",,"",,,LOCAL/CITY ROAD,N,URBAN,N,N,N,"",DARK (LIGHTED),CLEAR,DRY,"",T-INTERSECTION,STRAIGHT/GRADE,ASPHALT,FOLLOWING TOO CLOSELY,REAR END,EAST17THSTINDIANAAVE,NONE
2313,MONROE SD,BLOOMINGTON,2021-04-15T00:00:00,10:32 AM,2,0,0,0,0,"","","",S LIBERTY DR,"","",1545,N,39.31451421,-86.576869,LOCAL/CITY ROAD,N,URBAN,N,N,N,"",DAYLIGHT,CLEAR,DRY,"",NO JUNCTION INVOLVED,STRAIGHT/LEVEL,ASPHALT,FOLLOWING TOO CLOSELY,RIGHT TURN,SLIBERTYDRWCONSTITUTIONAVE,NONE
2314,MONROE SD,BLOOMINGTON,2021-04-15T00:00:00,12:00 PM,1,1,0,0,0,"","","",SR 446,"","",1380,S,39.03045889,-86.40763666,STATE ROAD,N,RURAL,N,Y,N,"",DAYLIGHT,CLEAR,DRY,"",NO JUNCTION INVOLVED,CURVE/GRADE,ASPHALT,ANIMAL/OBJECT IN ROADWAY,RAN OFF ROAD,EALLENSCREEKRDSR446E,NONE
2315,BLOOMINGTON PD,BLOOMINGTON,2021-04-15T00:00:00,1:15 PM,2,0,1,0,0,"","","",W 2ND ST,S ADAMS ST,"",,"",39.160371,-86.550829,LOCAL/CITY ROAD,N,URBAN,N,N,N,"",DAYLIGHT,CLEAR,DRY,"",FOUR-WAY INTERSECTION,STRAIGHT/LEVEL,ASPHALT,DISREGARD SIGNAL/REG SIGN,RIGHT ANGLE,ADAMSSTW2NDST,TRAFFIC CONTROL SIGNAL
2316,BLOOMINGTON PD,BLOOMINGTON,2021-04-15T00:00:00,1:30 PM,2,0,0,0,0,"","","",S DUNN ST,E 9TH ST,"",,"",39.170544,-86.52824,LOCAL/CITY ROAD,N,URBAN,N,N,N,"",DAYLIGHT,CLEAR,DRY,"",NO JUNCTION INVOLVED,STRAIGHT/LEVEL,ASPHALT,FAILURE TO YIELD RIGHT OF WAY,RIGHT ANGLE,E9THSTSDUNNST,STOP SIGN
2317,BLOOMINGTON PD,BLOOMINGTON,2021-04-15T00:00:00,3:40 PM,1,0,0,0,0,349,"","",S WALNUT ST,E SMITH AVE,"",,"",39.16908669,-86.53356016,LOCAL/CITY ROAD,N,URBAN,Y,N,N,"",DAYLIGHT,CLEAR,DRY,"",NO JUNCTION INVOLVED,STRAIGHT/LEVEL,CONCRETE,OVERCORRECTING/OVERSTEERING,OTHER - EXPLAIN IN NARRATIVE,SWALNUTST,NONE
2318,INDIANA UNIV BLOOMINGTON PD,BLOOMINGTON,2021-04-15T00:00:00,3:45 PM,1,0,0,0,1,"","","",SR 45/46,N FEE LN,"",1000,E,39.18504585,-86.51656815,STATE ROAD,N,URBAN,N,N,N,"",DAYLIGHT,CLEAR,DRY,"",NO JUNCTION INVOLVED,STRAIGHT/LEVEL,ASPHALT,ANIMAL/OBJECT IN ROADWAY,COLLISION WITH DEER,FEELNSR46E,NONE
2319,MONROE SD,BLOOMINGTON,2021-04-15T00:00:00,4:57 PM,2,0,0,0,0,"","","",S FAIRFAX RD,E SCHACHT RD,"",,"",39.10704,-86.523488,COUNTY ROAD,N,RURAL,N,N,N,"",DAYLIGHT,CLEAR,DRY,"",T-INTERSECTION,STRAIGHT/LEVEL,ASPHALT,FOLLOWING TOO CLOSELY,REAR END,ESCHACHTRDSFAIRFAXRD,NONE
2320,INDIANA UNIV BLOOMINGTON PD,BLOOMINGTON,2021-04-15T00:00:00,5:51 PM,3,0,0,0,0,"","","",SR 45/46,"","",500,S,,,STATE ROAD,N,URBAN,N,N,N,"",DAYLIGHT,CLEAR,DRY,"",NO JUNCTION INVOLVED,STRAIGHT/LEVEL,ASPHALT,FOLLOWING TOO CLOSELY,REAR END,EASTDISCOVERYPKWYSR46S,NONE
2321,BLOOMINGTON PD,BLOOMINGTON,2021-04-15T00:00:00,6:18 PM,2,0,0,0,0,"","","",W 2ND ST,S COLLEGE AVE,"",,"",39.16144,-86.534848,LOCAL/CITY ROAD,N,URBAN,N,N,N,"",DAYLIGHT,CLEAR,DRY,"",FOUR-WAY INTERSECTION,STRAIGHT/LEVEL,ASPHALT,FOLLOWING TOO CLOSELY,REAR END,SCOLLEGEAVEW2NDST,TRAFFIC CONTROL SIGNAL
2322,MONROE SD,BLOOMINGTON,2021-04-15T00:00:00,8:10 PM,1,0,1,0,0,"","","",E MONROE DAM RD,S VALLEY MISSION LN,"",200,E,39.009344,-86.510096,LOCAL/CITY ROAD,N,RURAL,N,N,N,"",DAYLIGHT,CLEAR,DRY,"",NO JUNCTION INVOLVED,STRAIGHT/LEVEL,ASPHALT,UNSAFE SPEED,RAN OFF ROAD,EMONROEDAMRDSVALLEYMISSIONRD,NONE
2323,MONROE SD,BLOOMINGTON,2021-04-15T00:00:00,8:50 PM,1,0,0,0,1,"","","",I-69 N,"","",20,S,0,0,INTERSTATE,N,RURAL,N,N,N,"",DARK (NOT LIGHTED),CLEAR,DRY,"",NO JUNCTION INVOLVED,STRAIGHT/LEVEL,ASPHALT,ANIMAL/OBJECT IN ROADWAY,COLLISION WITH DEER,I69N123.0,NONE
2324,INDIANA UNIV BLOOMINGTON PD,BLOOMINGTON,2021-04-15T00:00:00,9:02 PM,2,0,0,0,0,"","","",S MITCHELL ST,E 3RD ST,"",,"",39.16426,-86.514211,LOCAL/CITY ROAD,N,URBAN,N,N,N,"",DARK (LIGHTED),CLEAR,DRY,"",T-INTERSECTION,STRAIGHT/LEVEL,ASPHALT,LEFT OF CENTER,RIGHT TURN,MITCHELLSTTHIRDST,NONE
2325,BLOOMINGTON PD,BLOOMINGTON,2021-04-14T00:00:00,4:00 AM,3,0,0,0,0,512,"","",S WASHINGTON ST,"","",150,S,39.16144,-86.5324,LOCAL/CITY ROAD,Y,URBAN,N,N,N,"",DARK (NOT LIGHTED),CLEAR,DRY,"",NO JUNCTION INVOLVED,STRAIGHT/LEVEL,ASPHALT,UNSAFE LANE MOVEMENT,SAME DIRECTION SIDESWIPE,E2NDSTSWASHINGTONST,NONE
2326,BLOOMINGTON PD,BLOOMINGTON,2021-04-14T00:00:00,7:53 AM,2,0,1,0,0,"","","",N WALNUT ST,SR 45/46,"",,"",39.186368,-86.5344,LOCAL/CITY ROAD,N,URBAN,N,N,N,"",DAWN/DUSK,CLEAR,DRY,"",FOUR-WAY INTERSECTION,STRAIGHT/GRADE,ASPHALT,UNSAFE SPEED,REAR END,NWALNUTSTSR46W,TRAFFIC CONTROL SIGNAL
2327,BLOOMINGTON PD,BLOOMINGTON,2021-04-14T00:00:00,8:23 AM,2,0,0,0,0,"","","",S HENDERSON ST,E HUNTER AVE,"",,"",39.164448,-86.5268,LOCAL/CITY ROAD,N,URBAN,N,N,N,"",DAYLIGHT,CLOUDY,DRY,"",T-INTERSECTION,STRAIGHT/GRADE,ASPHALT,IMPROPER LANE USAGE,SAME DIRECTION SIDESWIPE,HENDERSONSTHUNTERAVE,NONE
2328,INDIANA UNIV BLOOMINGTON PD,BLOOMINGTON,2021-04-14T00:00:00,12:05 PM,2,0,0,0,0,"","","",SR 45/46,E 17TH ST,"",,"",,,STATE ROAD,N,URBAN,N,N,N,"",DAYLIGHT,CLEAR,DRY,"",T-INTERSECTION,STRAIGHT/LEVEL,ASPHALT,DISREGARD SIGNAL/REG SIGN,RIGHT ANGLE,EAST17THSTSR46,TRAFFIC CONTROL SIGNAL
2329,INDIANA UNIV BLOOMINGTON PD,BLOOMINGTON,2021-04-14T00:00:00,12:47 PM,1,0,0,0,0,1101,"","",N FEE LN,"","",,"",39.17612549,-86.51898236,UNKNOWN,N,URBAN,N,N,N,"",DAYLIGHT,CLEAR,DRY,"",NO JUNCTION INVOLVED,STRAIGHT/LEVEL,CONCRETE,OTHER (DRIVER) - EXPLAIN IN NARRATIVE,COLLISION WITH OBJECT IN ROAD,NFEELN,NONE
2330,BLOOMINGTON PD,BLOOMINGTON,2021-04-14T00:00:00,2:53 PM,2,0,0,0,0,"","","",E MCMILLAN CT,"","",500,S,0,0,LOCAL/CITY ROAD,N,URBAN,N,N,N,"",DAYLIGHT,CLEAR,DRY,"",NO JUNCTION INVOLVED,CURVE/LEVEL,ASPHALT,UNSAFE BACKING,BACKING CRASH,EWINSTONSTMCMILLANCT,NONE
2331,BLOOMINGTON PD,BLOOMINGTON,2021-04-14T00:00:00,3:09 PM,2,0,0,0,0,"","","",S WALNUT ST PIKE,E WINSLOW RD,"",,"",39.136144,-86.528688,LOCAL/CITY ROAD,N,URBAN,N,N,N,"",DAYLIGHT,CLEAR,DRY,"",FOUR-WAY INTERSECTION,STRAIGHT/LEVEL,ASPHALT,FAILURE TO YIELD RIGHT OF WAY,RIGHT ANGLE,EWINSLOWRDSWALNUTSTREETPIKE,STOP SIGN
2332,INDIANA UNIV BLOOMINGTON PD,BLOOMINGTON,2021-04-14T00:00:00,3:20 PM,2,0,0,0,0,"","","",E ATWATER AVE,S HIGHLAND AVE,"",,"",,,LOCAL/CITY ROAD,N,URBAN,N,N,N,"",DAYLIGHT,CLEAR,DRY,"",FOUR-WAY INTERSECTION,STRAIGHT/GRADE,ASPHALT,FAILURE TO YIELD RIGHT OF WAY,RIGHT ANGLE,ATWATERAVEHIGHLANDAVE,STOP SIGN
2333,ELLETTSVILLE PD,ELLETTSVILLE,2021-04-14T00:00:00,3:31 PM,2,0,0,0,0,"","","",SR 46,W MAPLE GROVE RD,"",,"",39.245744,-86.636896,STATE ROAD,N,URBAN,N,N,N,"",DAYLIGHT,CLEAR,DRY,"",T-INTERSECTION,CURVE/GRADE,ASPHALT,FAILURE TO YIELD RIGHT OF WAY,LEFT TURN,MAPLEGROVERDSR46W,NONE
2334,ELLETTSVILLE PD,ELLETTSVILLE,2021-04-13T00:00:00,8:35 AM,2,0,0,0,0,"","","",S 1ST ST,W RITTER ST,"",,"",39.229424,-86.623584,LOCAL/CITY ROAD,N,URBAN,N,N,N,"",DAYLIGHT,CLEAR,DRY,"",NO JUNCTION INVOLVED,STRAIGHT/HILLCREST,ASPHALT,FAILURE TO YIELD RIGHT OF WAY,OPPOSITE DIRECTION SIDESWIPE,1STRITTERST,LANE CONTROL
2335,INDIANA UNIV BLOOMINGTON PD,BLOOMINGTON,2021-04-13T00:00:00,11:35 AM,3,0,0,0,0,"","","",E 3RD ST,S INDIANA AVE,"",,"",39.164287,-86.526904,LOCAL/CITY ROAD,N,URBAN,N,N,N,"",DAYLIGHT,CLEAR,DRY,"",NO JUNCTION INVOLVED,STRAIGHT/LEVEL,CONCRETE,FOLLOWING TOO CLOSELY,REAR END,HENDERSONSTTHIRDST,NONE
2336,INDIANA UNIV BLOOMINGTON PD,BLOOMINGTON,2021-04-13T00:00:00,1:30 PM,2,0,1,0,0,"","","",E 10TH ST,N FEE LN,"",,"",,,LOCAL/CITY ROAD,N,URBAN,N,N,N,"",DAYLIGHT,CLOUDY,DRY,"",T-INTERSECTION,STRAIGHT/LEVEL,ASPHALT,FOLLOWING TOO CLOSELY,REAR END,FEELNTENTHST,TRAFFIC CONTROL SIGNAL
2337,ELLETTSVILLE PD,ELLETTSVILLE,2021-04-13T00:00:00,3:15 PM,2,0,0,0,0,"","","",SR 46,N HARTSTRAIT RD,"",100,W,,,STATE ROAD,N,URBAN,N,N,N,"",DAYLIGHT,CLOUDY,DRY,"",FOUR-WAY INTERSECTION,STRAIGHT/LEVEL,ASPHALT,OVERCORRECTING/OVERSTEERING,SAME DIRECTION SIDESWIPE,HARTSTRAITRDSR46W,TRAFFIC CONTROL SIGNAL
2338,INDIANA UNIV BLOOMINGTON PD,BLOOMINGTON,2021-04-13T00:00:00,3:40 PM,2,0,0,0,0,"","","",SR 45/46,E DISCOVERY PKWY,"",,"",,,STATE ROAD,N,URBAN,N,N,N,"",DAYLIGHT,CLEAR,DRY,"",T-INTERSECTION,STRAIGHT/LEVEL,ASPHALT,FOLLOWING TOO CLOSELY,REAR END,SR45/46BYPASSEASTDISCOVERYPARKWAY,TRAFFIC CONTROL SIGNAL
2339,BLOOMINGTON PD,BLOOMINGTON,2021-04-13T00:00:00,4:45 PM,2,0,1,0,0,"","","",W 2ND ST,S ROGERS ST,"",,"",39.16152,-86.538592,LOCAL/CITY ROAD,Y,URBAN,N,N,N,"",DAYLIGHT,CLEAR,DRY,"",FOUR-WAY INTERSECTION,STRAIGHT/GRADE,CONCRETE,DISREGARD SIGNAL/REG SIGN,RIGHT ANGLE,SOUTHROGERSSTWEST2NDST,TRAFFIC CONTROL SIGNAL
2340,BLOOMINGTON PD,BLOOMINGTON,2021-04-13T00:00:00,6:46 PM,2,0,2,0,0,"","","",S CURRY PIKE,SR 48,"",,"",39.16465,-86.582939,LOCAL/CITY ROAD,N,URBAN,N,N,N,"",DAWN/DUSK,CLEAR,DRY,"",FOUR-WAY INTERSECTION,STRAIGHT/LEVEL,ASPHALT,UNSAFE SPEED,REAR END,SCURRYPIKEW3RDST,TRAFFIC CONTROL SIGNAL
2341,BLOOMINGTON PD,BLOOMINGTON,2021-04-12T00:00:00,12:00 AM,2,0,0,0,0,"","","",W HOWE ST,S ROGERS ST,"",,"",39.162403,-86.53868,LOCAL/CITY ROAD,Y,URBAN,N,N,N,"",DARK (NOT LIGHTED),CLEAR,DRY,"",NO JUNCTION INVOLVED,STRAIGHT/LEVEL,ASPHALT,UNSAFE BACKING,BACKING CRASH,SROGERSSTWHOWEST,NONE
2342,BLOOMINGTON PD,BLOOMINGTON,2021-04-12T00:00:00,7:45 AM,2,0,0,0,0,"","","",W ARLINGTON RD,W GOURLEY PIKE,"",30,E,39.186544,-86.551168,LOCAL/CITY ROAD,N,URBAN,N,N,N,"",DAWN/DUSK,CLEAR,DRY,"",T-INTERSECTION,STRAIGHT/GRADE,ASPHALT,FAILURE TO YIELD RIGHT OF WAY,LEFT TURN,WARLINGTONRDWGOURLEYPIKE,NONE