_id,Agency,City,Collision Date,Collision Time,Vehicles Involved,Trailers Involved,Number Injured,Number Dead,Number Deer,House Number,Roadway Interchange,Roadway Ramp,Roadway Id,Intersecting Road,Interchange,Feet From,Direction,Latitude,Longitude,Roadway Class,Hit and Run?,Locality,School Zone?,Rumble Strips?,Construction?,Construction Type,Light Condition,Weather Conditions,Surface Condition,Type of Median,Roadway Junction Type,Road Character,Roadway Surface,Primary Factor,Manner of Collision,Unique Location Id,Traffic Control
2343,MONROE SD,BLOOMINGTON,2021-04-12T00:00:00,10:49 AM,1,0,1,0,0,"","","",E GILMORE RIDGE RD,"","",477,S,39.10303199,-86.38166422,COUNTY ROAD,N,RURAL,N,N,N,"",DAYLIGHT,CLEAR,DRY,"",NO JUNCTION INVOLVED,CURVE/LEVEL,GRAVEL,ANIMAL/OBJECT IN ROADWAY,RAN OFF ROAD,EDECKARDRIDGERDGILMORERIDGERD,NONE
2344,BLOOMINGTON PD,BLOOMINGTON,2021-04-12T00:00:00,11:32 AM,2,0,1,0,0,"","","",S WALNUT ST PIKE,E ALLENDALE DR,"",,"",39.130944,-86.526688,LOCAL/CITY ROAD,N,URBAN,N,N,N,"",DAYLIGHT,CLEAR,DRY,"",FOUR-WAY INTERSECTION,STRAIGHT/LEVEL,ASPHALT,FAILURE TO YIELD RIGHT OF WAY,RIGHT ANGLE,ALLENDALEDRWALNUTSTPIKE,STOP SIGN
2345,ISP BLOOMINGTON 33,BLOOMINGTON,2021-04-12T00:00:00,12:02 PM,2,,0,0,0,"",118,B,I-69 N,W 3RD ST,"",0,"",39.1647367,-86.57244212,STATE ROAD,"",RURAL,N,N,N,"",DAYLIGHT,CLEAR,DRY,"",INTERCHANGE,"",CONCRETE,IMPROPER TURNING,SAME DIRECTION SIDESWIPE,I69118B,""
2346,ISP BLOOMINGTON 33,BLOOMINGTON,2021-04-12T00:00:00,12:35 PM,1,,0,0,0,"",123,C,I-69 S,N SR 37 BUSINESS,"",0,"",39.23770483,-86.53901197,LOCAL/CITY ROAD,"",URBAN,N,N,N,"",DAYLIGHT,CLEAR,DRY,"",RAMP,"",ASPHALT,"",RAN OFF ROAD,I69-123-RampC123C,""
2347,BLOOMINGTON PD,BLOOMINGTON,2021-04-12T00:00:00,1:18 PM,2,0,0,0,0,"","","",E MOORES PIKE,SR 446,"",,"",39.150352,-86.471296,LOCAL/CITY ROAD,Y,URBAN,N,N,N,"",DAYLIGHT,CLEAR,DRY,"",FOUR-WAY INTERSECTION,STRAIGHT/GRADE,ASPHALT,FAILURE TO YIELD RIGHT OF WAY,LEFT TURN,EMOORESPIKESR446S,NONE
2348,INDIANA UNIV BLOOMINGTON PD,BLOOMINGTON,2021-04-12T00:00:00,2:00 PM,2,0,0,0,0,"","","",N JORDAN AVE,E 10TH ST,"",,"",,,LOCAL/CITY ROAD,N,URBAN,N,N,N,"",DAYLIGHT,CLEAR,DRY,"",FOUR-WAY INTERSECTION,STRAIGHT/LEVEL,ASPHALT,IMPROPER PASSING,SAME DIRECTION SIDESWIPE,JORDANAVETENTHST,TRAFFIC CONTROL SIGNAL
2349,BLOOMINGTON PD,BLOOMINGTON,2021-04-12T00:00:00,9:36 PM,2,0,0,0,0,300,"","",E VARSITY LN,"","",,"",39.183454,-86.530617,LOCAL/CITY ROAD,Y,URBAN,N,N,N,"",DARK (LIGHTED),CLEAR,DRY,"",NO JUNCTION INVOLVED,CURVE/GRADE,ASPHALT,OTHER (DRIVER) - EXPLAIN IN NARRATIVE,BACKING CRASH,EVARSITYLN,NONE
2350,MONROE SD,BLOOMINGTON,2021-04-11T00:00:00,1:01 AM,1,0,0,0,0,"",115,N,I-69 S,W FULLERTON PIKE,"",,"",,,INTERSTATE,N,RURAL,N,N,N,"",DARK (LIGHTED),CLOUDY,DRY,"",RAMP,CURVE/GRADE,ASPHALT,RAN OFF ROAD RIGHT,RAN OFF ROAD,I69S,NONE
2351,ELLETTSVILLE PD,ELLETTSVILLE,2021-04-11T00:00:00,7:32 AM,2,0,0,0,0,"","","",SR 46,N UNION VALLEY RD,"",,"",39.215152,-86.5928,STATE ROAD,Y,URBAN,N,N,N,"",DAYLIGHT,CLEAR,DRY,"",NO JUNCTION INVOLVED,STRAIGHT/LEVEL,ASPHALT,OTHER (DRIVER) - EXPLAIN IN NARRATIVE,OPPOSITE DIRECTION SIDESWIPE,SR46WUNIONVALLEYRDS,TRAFFIC CONTROL SIGNAL
2352,BLOOMINGTON PD,BLOOMINGTON,2021-04-11T00:00:00,9:45 AM,1,0,,0,0,"","","",S WALNUT ST,E SOUTH DR,"",70,S,39.142048,-86.531088,LOCAL/CITY ROAD,Y,URBAN,Y,N,N,"",DAYLIGHT,RAIN,WET,"",NO JUNCTION INVOLVED,STRAIGHT/LEVEL,ASPHALT,RAN OFF ROAD RIGHT,RAN OFF ROAD,SWALNUTSTSOUTHDR,LANE CONTROL
2353,INDIANA UNIV BLOOMINGTON PD,BLOOMINGTON,2021-04-11T00:00:00,3:45 PM,4,0,0,0,0,"","","",SR 46,SR 45,"",,"",,,STATE ROAD,N,URBAN,N,N,N,"",DAYLIGHT,RAIN,WET,"",FOUR-WAY INTERSECTION,STRAIGHT/LEVEL,ASPHALT,SPEED TOO FAST FOR WEATHER CONDITIONS,REAR END,SR46UNIONVILLERD,TRAFFIC CONTROL SIGNAL
2354,BLOOMINGTON PD,BLOOMINGTON,2021-04-11T00:00:00,4:15 PM,3,0,1,0,0,"","","",S LEONARD SPRINGS RD,W TAPP RD,"",,"",,,LOCAL/CITY ROAD,N,URBAN,N,N,N,"",DAYLIGHT,CLOUDY,WET,"",T-INTERSECTION,STRAIGHT/LEVEL,ASPHALT,FOLLOWING TOO CLOSELY,SAME DIRECTION SIDESWIPE,SLEONARDSPRINGSRDWTAPPRD,STOP SIGN
2355,MONROE SD,BLOOMINGTON,2021-04-10T00:00:00,4:54 AM,1,0,0,0,1,"","","",W WILLIAMS RD,"","",500,W,,,LOCAL/CITY ROAD,N,URBAN,N,N,N,"",DARK (NOT LIGHTED),CLEAR,WET,"",NO JUNCTION INVOLVED,STRAIGHT/GRADE,ASPHALT,ANIMAL/OBJECT IN ROADWAY,COLLISION WITH DEER,WSIMPSONCHAPELRDWWILLIAMSRD,NONE
2356,MONROE SD,BLOOMINGTON,2021-04-10T00:00:00,5:13 AM,1,0,2,0,0,"","","",W LEONARD SPRINGS RD,"","",1100,W,39.122352,-86.5964,LOCAL/CITY ROAD,N,URBAN,N,N,N,"",DARK (NOT LIGHTED),CLOUDY,WET,"",NO JUNCTION INVOLVED,STRAIGHT/LEVEL,ASPHALT,ANIMAL/OBJECT IN ROADWAY,RAN OFF ROAD,SDUNCANRDWLEONARDSPRINGSRD,LANE CONTROL
2357,MONROE SD,BLOOMINGTON,2021-04-10T00:00:00,5:55 AM,1,0,1,0,0,"","","",SR 446,"","",,"",,,STATE ROAD,N,RURAL,N,N,N,"",DARK (NOT LIGHTED),CLEAR,DRY,"",NO JUNCTION INVOLVED,CURVE/GRADE,ASPHALT,OVERCORRECTING/OVERSTEERING,RAN OFF ROAD,SOLDRICHARDSONRDSR446,LANE CONTROL
2358,BLOOMINGTON PD,BLOOMINGTON,2021-04-10T00:00:00,9:35 AM,2,0,1,0,0,"","","",E 3RD ST,SR 46,"",,"",,,LOCAL/CITY ROAD,N,URBAN,N,N,N,"",DAYLIGHT,CLOUDY,ICE,"",FOUR-WAY INTERSECTION,STRAIGHT/LEVEL,ASPHALT,FAILURE TO YIELD RIGHT OF WAY,RIGHT ANGLE,E3RDSTESTATEROAD46RD,TRAFFIC CONTROL SIGNAL
2359,BLOOMINGTON PD,BLOOMINGTON,2021-04-10T00:00:00,9:39 AM,2,0,0,0,0,"","","",E HILLSIDE DR,S HENDERSON ST,"",,"",39.15064,-86.52696,LOCAL/CITY ROAD,N,URBAN,Y,N,N,"",DAYLIGHT,CLOUDY,DRY,"",FOUR-WAY INTERSECTION,STRAIGHT/LEVEL,ASPHALT,DISREGARD SIGNAL/REG SIGN,RIGHT ANGLE,EHILLSIDEDRSHENDERSONST,TRAFFIC CONTROL SIGNAL
2360,BLOOMINGTON PD,BLOOMINGTON,2021-04-10T00:00:00,2:23 PM,2,0,0,0,0,"","","",SR 45/46,N DUNN ST,"",,"",39.186352,-86.528496,STATE ROAD,N,URBAN,N,N,N,"",DAYLIGHT,RAIN,WET,"",FOUR-WAY INTERSECTION,STRAIGHT/LEVEL,ASPHALT,FOLLOWING TOO CLOSELY,REAR END,NDUNNSTSR4546W,TRAFFIC CONTROL SIGNAL
2361,INDIANA UNIV BLOOMINGTON PD,BLOOMINGTON,2021-04-10T00:00:00,3:15 PM,2,0,0,0,0,"","","",SR 45/46,E 17TH ST,"",,"",,,STATE ROAD,N,URBAN,N,N,N,"",DAYLIGHT,CLOUDY,WET,"",T-INTERSECTION,STRAIGHT/LEVEL,ASPHALT,FOLLOWING TOO CLOSELY,REAR END,EAST17THSTSR46,TRAFFIC CONTROL SIGNAL
2362,BLOOMINGTON PD,BLOOMINGTON,2021-04-10T00:00:00,4:37 PM,2,0,1,0,0,"","","",SR 46,KINGSTON DR S,"",,"",39.16424,-86.492944,LOCAL/CITY ROAD,N,URBAN,N,N,N,"",DAYLIGHT,CLEAR,DRY,"",FOUR-WAY INTERSECTION,STRAIGHT/LEVEL,ASPHALT,DISREGARD SIGNAL/REG SIGN,LEFT TURN,E3RDSTSKINGSTONDR,TRAFFIC CONTROL SIGNAL
2363,MONROE SD,BLOOMINGTON,2021-04-10T00:00:00,4:53 PM,2,0,0,0,0,"","","",S LEONARD SPRINGS RD,W WALNUT LEAF DR,"",,"",39.14012,-86.582605,LOCAL/CITY ROAD,N,URBAN,N,N,N,"",DAYLIGHT,CLEAR,DRY,"",T-INTERSECTION,STRAIGHT/LEVEL,ASPHALT,FOLLOWING TOO CLOSELY,REAR END,LEONARDSPRINGSRDWALNUTLEAFDR,LANE CONTROL
2364,MONROE SD,BLOOMINGTON,2021-04-10T00:00:00,5:50 PM,1,0,0,0,0,"","","",I-69 N,"","",100,N,0,0,INTERSTATE,N,RURAL,N,Y,N,"",DAYLIGHT,RAIN,WATER (STANDING OR MOVING),"",NO JUNCTION INVOLVED,STRAIGHT/GRADE,ASPHALT,RAN OFF ROAD RIGHT,RAN OFF ROAD,I69N125,NONE
2365,BLOOMINGTON PD,BLOOMINGTON,2021-04-10T00:00:00,6:00 PM,2,0,0,0,0,"","","",E 3RD ST,S ROOSEVELT ST,"",,"",39.164304,-86.505792,LOCAL/CITY ROAD,N,URBAN,N,N,N,"",DAYLIGHT,RAIN,WATER (STANDING OR MOVING),"",T-INTERSECTION,STRAIGHT/GRADE,ASPHALT,FOLLOWING TOO CLOSELY,REAR END,E3RDSTSROOSEVELTST,NONE
2366,INDIANA UNIV BLOOMINGTON PD,BLOOMINGTON,2021-04-10T00:00:00,6:07 PM,2,0,0,0,0,"","","",N JORDAN AVE,E LINGELBACH LN,"",,"",,,UNKNOWN,N,URBAN,N,N,N,"",DAYLIGHT,RAIN,WET,"",NO JUNCTION INVOLVED,STRAIGHT/LEVEL,ASPHALT,OTHER (DRIVER) - EXPLAIN IN NARRATIVE,OPPOSITE DIRECTION SIDESWIPE,ELINGELBACHLNJORDANAVE,NONE
2367,BLOOMINGTON PD,BLOOMINGTON,2021-04-10T00:00:00,6:45 PM,3,0,0,0,0,"","","",SR 45/46,N KINSER PIKE,"",,"",,,LOCAL/CITY ROAD,N,URBAN,N,N,N,"",DAWN/DUSK,RAIN,WET,"",FOUR-WAY INTERSECTION,STRAIGHT/LEVEL,ASPHALT,FOLLOWING TOO CLOSELY,REAR END,NKINSERPIKESTATEROAD4546BYP,TRAFFIC CONTROL SIGNAL
2368,BLOOMINGTON PD,BLOOMINGTON,2021-04-09T00:00:00,1:00 AM,2,0,0,0,0,1361,"","",W MILIEU DR,S WESTPLEX AVE,"",,"",,,UNKNOWN,Y,URBAN,N,N,N,"",UNKNOWN,CLEAR,DRY,"",NO JUNCTION INVOLVED,STRAIGHT/LEVEL,ASPHALT,UNSAFE LANE MOVEMENT,SAME DIRECTION SIDESWIPE,WESTMILIEUDR,NONE
2369,BLOOMINGTON PD,BLOOMINGTON,2021-04-09T00:00:00,2:30 AM,2,0,0,0,0,"","","",N LINDBERGH DR,W 14TH ST,"",,"",39.176048,-86.552592,LOCAL/CITY ROAD,Y,URBAN,N,N,N,"",DARK (NOT LIGHTED),CLOUDY,DRY,"",NO JUNCTION INVOLVED,STRAIGHT/LEVEL,ASPHALT,IMPROPER LANE USAGE,SAME DIRECTION SIDESWIPE,NLINDBERGHDRW14THST,NONE
2370,MONROE SD,BLOOMINGTON,2021-04-09T00:00:00,4:44 AM,1,0,1,0,0,"","","",E ROBINSON RD,"","",2789,E,39.24419372,-86.49119219,LOCAL/CITY ROAD,N,RURAL,N,N,N,"",DARK (NOT LIGHTED),CLEAR,DRY,"",NO JUNCTION INVOLVED,STRAIGHT/GRADE,ASPHALT,RAN OFF ROAD RIGHT,RAN OFF ROAD,OLDSR37RDROBINSONRD,NONE
2371,BLOOMINGTON PD,BLOOMINGTON,2021-04-09T00:00:00,5:30 AM,2,0,0,0,0,"","","",N COLLEGE AVE,W 14TH ST,"",,"",39.175984,-86.534736,LOCAL/CITY ROAD,N,URBAN,N,N,N,"",DARK (LIGHTED),CLEAR,DRY,"",NO JUNCTION INVOLVED,STRAIGHT/GRADE,ASPHALT,OTHER (DRIVER) - EXPLAIN IN NARRATIVE,SAME DIRECTION SIDESWIPE,NCOLLEGEAVEW14THST,LANE CONTROL
2372,BLOOMINGTON PD,BLOOMINGTON,2021-04-09T00:00:00,9:50 AM,1,0,0,0,0,"","","",S CURRY PIKE,CAMPBELL'S,"",200,N,39.14798817,-86.58263417,LOCAL/CITY ROAD,N,URBAN,N,N,N,"",DAYLIGHT,CLOUDY,DRY,"",NO JUNCTION INVOLVED,STRAIGHT/LEVEL,ASPHALT,RAN OFF ROAD RIGHT,RAN OFF ROAD,CURRYPIKEROLLAVE,LANE CONTROL
2373,BLOOMINGTON PD,BLOOMINGTON,2021-04-09T00:00:00,1:45 PM,1,0,1,0,0,"","","",W COUNTRYSIDE LN,S ROCKPORT RD,"",,"",39.136448,-86.548704,LOCAL/CITY ROAD,N,URBAN,N,N,N,"",DAYLIGHT,CLEAR,DRY,"",FOUR-WAY INTERSECTION,STRAIGHT/GRADE,CONCRETE,PEDESTRIAN ACTION,RIGHT ANGLE,SOUTHROCKPORTRDWESTCOUNTRYSIDELN,STOP SIGN
2374,BLOOMINGTON PD,BLOOMINGTON,2021-04-09T00:00:00,2:55 PM,2,0,0,0,0,"","","",N ROGERS ST,W 11TH ST,"",,"",,,LOCAL/CITY ROAD,Y,URBAN,N,N,N,"",DAYLIGHT,CLEAR,DRY,"",FOUR-WAY INTERSECTION,STRAIGHT/LEVEL,ASPHALT,FAILURE TO YIELD RIGHT OF WAY,RIGHT TURN,NRODGERSSTW11THST,STOP SIGN
2375,MONROE SD,BLOOMINGTON,2021-04-09T00:00:00,4:53 PM,2,0,2,0,0,"","","",SR 48,N PROFILE PKWY,"",,"",,,STATE ROAD,N,URBAN,N,N,N,"",DAYLIGHT,CLEAR,DRY,"",FOUR-WAY INTERSECTION,STRAIGHT/LEVEL,ASPHALT,DISREGARD SIGNAL/REG SIGN,OTHER - EXPLAIN IN NARRATIVE,PROFILEPKWYSR48W,TRAFFIC CONTROL SIGNAL
2376,BLOOMINGTON PD,BLOOMINGTON,2021-04-09T00:00:00,7:00 PM,2,0,2,0,0,"","","",E 10TH ST,N WASHINGTON ST,"",,"",39.171728,-86.5324,LOCAL/CITY ROAD,N,URBAN,N,N,N,"",DAWN/DUSK,CLEAR,DRY,"",FOUR-WAY INTERSECTION,STRAIGHT/GRADE,ASPHALT,FAILURE TO YIELD RIGHT OF WAY,LEFT TURN,E10THSTNWASHINGTONST,NONE
2377,INDIANA UNIV BLOOMINGTON PD,BLOOMINGTON,2021-04-09T00:00:00,8:10 PM,2,0,0,0,0,"","","",SR 45/46,E 10TH ST,"",300,N,,,STATE ROAD,N,URBAN,N,N,N,"",DAWN/DUSK,CLOUDY,DRY,"",NO JUNCTION INVOLVED,STRAIGHT/LEVEL,ASPHALT,FOLLOWING TOO CLOSELY,REAR END,10THSTSR45S,NONE
2378,ELLETTSVILLE PD,ELLETTSVILLE,2021-04-09T00:00:00,8:12 PM,2,0,0,0,0,"","","",SR 46,S PARK ST,"",,"",39.2292755,-86.618466,LOCAL/CITY ROAD,N,URBAN,N,N,N,"",DARK (NOT LIGHTED),CLEAR,DRY,"",T-INTERSECTION,STRAIGHT/LEVEL,ASPHALT,DRIVER DISTRACTED - EXPLAIN IN NARRATIVE,REAR END,PARKSTTEMPERANCEST,LANE CONTROL
2379,MONROE SD,BLOOMINGTON,2021-04-09T00:00:00,8:36 PM,1,0,0,0,1,"","","",W OLD SR 37,"","",2000,S,,,STATE ROAD,N,RURAL,N,N,N,"",DARK (NOT LIGHTED),CLOUDY,DRY,"",NO JUNCTION INVOLVED,STRAIGHT/GRADE,ASPHALT,ANIMAL/OBJECT IN ROADWAY,COLLISION WITH DEER,OLDMEYERSRDSR37N,NONE
2380,MONROE SD,BLOOMINGTON,2021-04-09T00:00:00,9:35 PM,2,0,0,0,0,"","","",N FOW HOLLOW RD,"","",2000,S,,,COUNTY ROAD,N,RURAL,N,N,N,"",DAYLIGHT,CLOUDY,DRY,"",NO JUNCTION INVOLVED,CURVE/HILLCREST,ASPHALT,IMPROPER LANE USAGE,OPPOSITE DIRECTION SIDESWIPE,EVIXENDRNFOWHOLLOWRD,NONE
2381,ELLETTSVILLE PD,ELLETTSVILLE,2021-04-08T00:00:00,4:53 AM,1,0,0,0,0,8201,"","",SR 46,ENTRANCE TO RICHARD'S SMALL ENGINE INC,"",,"",39.2512,-86.652504,STATE ROAD,N,RURAL,N,N,N,"",DARK (NOT LIGHTED),RAIN,WET,"",NO JUNCTION INVOLVED,CURVE/GRADE,ASPHALT,UNSAFE SPEED,RAN OFF ROAD,SR46W,NONE
2382,BLOOMINGTON PD,BLOOMINGTON,2021-04-08T00:00:00,6:30 AM,2,0,0,0,0,"","","",W RALSTON DR,S BANTA AVE,"",,"",39.138592,-86.544656,LOCAL/CITY ROAD,Y,URBAN,N,N,N,"",DARK (LIGHTED),RAIN,WET,"",T-INTERSECTION,STRAIGHT/LEVEL,ASPHALT,IMPROPER PASSING,SAME DIRECTION SIDESWIPE,BANTAAVERALSTONDR,NONE
2383,BLOOMINGTON PD,BLOOMINGTON,2021-04-08T00:00:00,8:15 AM,2,0,0,0,0,"","","",W IRIS LN,W HEATHERWOOD LN,"",,"",39.128848,-86.588272,LOCAL/CITY ROAD,Y,URBAN,N,N,N,"",DAYLIGHT,CLOUDY,DRY,"",T-INTERSECTION,STRAIGHT/LEVEL,ASPHALT,UNSAFE BACKING,BACKING CRASH,HEATHERWOODLNIRISLN,NONE
2384,ISP BLOOMINGTON 33,BLOOMINGTON,2021-04-08T00:00:00,9:52 AM,1,,1,0,0,5175,"","",W OLD SR 37,"","",0,"",39.22563442,-86.51548794,LOCAL/CITY ROAD,"",RURAL,N,N,N,"",DAYLIGHT,CLOUDY,WET,"",NO JUNCTION INVOLVED,"",ASPHALT,SPEED TOO FAST FOR WEATHER CONDITIONS,RAN OFF ROAD,NOldStateRoad37,""
2385,INDIANA UNIV BLOOMINGTON PD,BLOOMINGTON,2021-04-08T00:00:00,3:30 PM,2,0,0,0,0,"","","",SR 45,SR 45/46,"",160,E,,,STATE ROAD,N,URBAN,N,N,N,"",DAYLIGHT,CLEAR,DRY,"",FOUR-WAY INTERSECTION,STRAIGHT/LEVEL,ASPHALT,FOLLOWING TOO CLOSELY,REAR END,SR45SR46,TRAFFIC CONTROL SIGNAL
2386,INDIANA UNIV BLOOMINGTON PD,BLOOMINGTON,2021-04-08T00:00:00,7:52 PM,2,0,0,0,0,"","","",E 17TH ST,N FORREST AVE,"",,"",0,0,"",Y,URBAN,N,N,N,"",DAYLIGHT,CLOUDY,DRY,"",NO JUNCTION INVOLVED,STRAIGHT/LEVEL,ASPHALT,IMPROPER TURNING,LEFT/RIGHT TURN,EAST17THSTFORRESTAVE,NONE
2387,INDIANA UNIV BLOOMINGTON PD,BLOOMINGTON,2021-04-08T00:00:00,10:05 PM,1,0,0,0,1,"","","",SR 46,E 7TH ST,"",100,N,39.17831904,-86.500487,STATE ROAD,N,URBAN,N,N,N,"",DARK (NOT LIGHTED),CLEAR,DRY,"",NO JUNCTION INVOLVED,STRAIGHT/GRADE,ASPHALT,ANIMAL/OBJECT IN ROADWAY,COLLISION WITH DEER,7THSTSR46N,NONE
2388,BLOOMINGTON PD,BLOOMINGTON,2021-04-08T00:00:00,11:04 PM,2,0,0,0,0,"","","",W 3RD ST,S WALNUT ST,"",,"",39.16464,-86.5336,LOCAL/CITY ROAD,N,URBAN,N,N,N,"",DARK (LIGHTED),CLEAR,DRY,"",NO JUNCTION INVOLVED,STRAIGHT/LEVEL,ASPHALT,FAILURE TO YIELD RIGHT OF WAY,RIGHT ANGLE,THIRDSTWALNUTST,TRAFFIC CONTROL SIGNAL
2389,BLOOMINGTON PD,BLOOMINGTON,2021-04-07T00:00:00,5:08 AM,2,0,0,0,0,"","","",E HECTOR DR,E KINSER DR,"",90,S,39.1742981,-86.47852629,LOCAL/CITY ROAD,N,URBAN,N,N,N,"",DARK (LIGHTED),CLEAR,DRY,"",NO JUNCTION INVOLVED,STRAIGHT/LEVEL,ASPHALT,FAILURE TO YIELD RIGHT OF WAY,SAME DIRECTION SIDESWIPE,HECTORDRKINSERDR,NONE
2390,BLOOMINGTON PD,BLOOMINGTON,2021-04-07T00:00:00,10:44 AM,2,0,0,0,0,"","","",W 3RD ST,ENTRANCE TO MARATHON GAS STATION,"",100,E,39.16342,-86.55125765,LOCAL/CITY ROAD,Y,URBAN,"","",N,"",UNKNOWN,CLEAR,DRY,"",NO JUNCTION INVOLVED,CURVE/GRADE,ASPHALT,UNSAFE BACKING,BACKING CRASH,PATTERSONDRW3RDST,NONE
2391,BLOOMINGTON PD,BLOOMINGTON,2021-04-07T00:00:00,1:20 PM,2,0,1,0,0,"","","",S PATTERSON DR,W 2ND ST,"",,"",,,LOCAL/CITY ROAD,N,URBAN,N,N,N,"",DAYLIGHT,CLEAR,DRY,"",FOUR-WAY INTERSECTION,CURVE/GRADE,ASPHALT,FOLLOWING TOO CLOSELY,REAR END,2NDSTPATTERSONDR,TRAFFIC CONTROL SIGNAL
2392,ELLETTSVILLE PD,ELLETTSVILLE,2021-04-07T00:00:00,2:31 PM,2,0,0,0,0,"","","",SR 46 (EB),N MATTHEWS DR (S),"",,"",39.234768,-86.626384,STATE ROAD,N,URBAN,N,N,N,"",DAYLIGHT,RAIN,WET,"",NO JUNCTION INVOLVED,STRAIGHT/LEVEL,ASPHALT,FOLLOWING TOO CLOSELY,REAR END,MATTHEWSDRSR46W,TRAFFIC CONTROL SIGNAL
2393,MONROE SD,BLOOMINGTON,2021-04-07T00:00:00,5:08 PM,1,0,2,0,0,"","","",W BURMA RD,N SPRADING RD,"",250,E,,,LOCAL/CITY ROAD,N,RURAL,N,N,N,"",DAYLIGHT,CLOUDY,WET,"",NO JUNCTION INVOLVED,STRAIGHT/GRADE,ASPHALT,RAN OFF ROAD RIGHT,RAN OFF ROAD,NSPRADINGRDWBURMARD,NONE
2394,BLOOMINGTON PD,BLOOMINGTON,2021-04-07T00:00:00,7:20 PM,2,0,1,0,0,"","","",W COUNTRY CLUB DR,S MADISON ST,"",200,E,39.136048,-86.536992,LOCAL/CITY ROAD,N,URBAN,N,N,N,"",DAWN/DUSK,CLEAR,DRY,"",NO JUNCTION INVOLVED,STRAIGHT/HILLCREST,CONCRETE,FOLLOWING TOO CLOSELY,REAR END,SOUTHMADISONSTWESTCOUNTRYCLUBDR,NONE
2395,INDIANA UNIV BLOOMINGTON PD,BLOOMINGTON,2021-04-07T00:00:00,9:00 PM,2,0,0,0,0,"","","",SR 45/46,"","",,"",0,0,STATE ROAD,Y,URBAN,N,N,N,"",DARK (LIGHTED),CLEAR,DRY,"",NO JUNCTION INVOLVED,CURVE/LEVEL,ASPHALT,UNSAFE LANE MOVEMENT,RAN OFF ROAD,NJORDANAVESR46,LANE CONTROL
2396,ISP BLOOMINGTON 33,BLOOMINGTON,2021-04-06T00:00:00,7:20 AM,1,,0,0,0,"","","",SR 45,W HINDS RD (NE),"",500,"",39.09915698,-86.65200181,STATE ROAD,"",RURAL,N,Y,N,"",DAYLIGHT,CLEAR,DRY,"",NO JUNCTION INVOLVED,"",ASPHALT,ANIMAL/OBJECT IN ROADWAY,COLLISION WITH ANIMAL OTHER,W.JohnWilliamsLnWStateRd45,""
2397,BLOOMINGTON PD,BLOOMINGTON,2021-04-06T00:00:00,8:00 AM,2,0,0,0,0,"","","",S ROGERS ST,W COUNTRY CLUB DR,"",50,S,39.13290267,-86.5384,LOCAL/CITY ROAD,N,URBAN,N,N,N,"",DAYLIGHT,CLEAR,DRY,"",FOUR-WAY INTERSECTION,STRAIGHT/GRADE,ASPHALT,FAILURE TO YIELD RIGHT OF WAY,RIGHT ANGLE,COUNTRYCLUBRDROGERSRD,LANE CONTROL
2398,INDIANA UNIV BLOOMINGTON PD,BLOOMINGTON,2021-04-06T00:00:00,12:10 PM,2,0,2,0,0,"","","",E 17TH ST,SR 45/46,"",,"",0,0,STATE ROAD,N,URBAN,N,N,N,"",DAYLIGHT,CLEAR,DRY,"",T-INTERSECTION,STRAIGHT/LEVEL,ASPHALT,FAILURE TO YIELD RIGHT OF WAY,LEFT TURN,EAST17THSTSR46,TRAFFIC CONTROL SIGNAL
2399,BLOOMINGTON PD,BLOOMINGTON,2021-04-06T00:00:00,12:52 PM,2,0,0,0,0,"","","",W 3RD ST,I-69 N,"",,"",0,0,LOCAL/CITY ROAD,N,URBAN,N,N,N,"",DAYLIGHT,CLOUDY,DRY,"",RAMP,STRAIGHT/LEVEL,CONCRETE,UNSAFE LANE MOVEMENT,LEFT TURN,I69NW3RDST,TRAFFIC CONTROL SIGNAL
2400,BLOOMINGTON PD,BLOOMINGTON,2021-04-06T00:00:00,1:38 PM,2,0,1,0,0,"","","",S LIBERTY DR,ENTRANCE TO WHITEHALL PLAZA (N),"",100,S,39.15403156,-86.579131,LOCAL/CITY ROAD,N,URBAN,Y,N,N,"",DAYLIGHT,CLOUDY,DRY,"",FOUR-WAY INTERSECTION,STRAIGHT/LEVEL,ASPHALT,FAILURE TO YIELD RIGHT OF WAY,RIGHT ANGLE,SLIBERTYDRW3RDST,STOP SIGN
2401,MONROE SD,ELLETTSVILLE,2021-04-06T00:00:00,5:23 PM,2,0,0,0,0,"","","",SR 46,N SMITH PIKE,"",,"",39.210144,-86.5832,STATE ROAD,Y,URBAN,N,N,N,"",DAYLIGHT,CLEAR,DRY,"",FOUR-WAY INTERSECTION,STRAIGHT/LEVEL,ASPHALT,OTHER (DRIVER) - EXPLAIN IN NARRATIVE,REAR END,NSMITHPIKESR45W,TRAFFIC CONTROL SIGNAL
2402,BLOOMINGTON PD,BLOOMINGTON,2021-04-06T00:00:00,6:32 PM,2,0,0,0,0,"","","",N ROGERS ST,W 7TH ST,"",,"",39.168598,-86.538673,LOCAL/CITY ROAD,N,URBAN,N,N,N,"",DAYLIGHT,CLEAR,DRY,"",FOUR-WAY INTERSECTION,STRAIGHT/GRADE,ASPHALT,FAILURE TO YIELD RIGHT OF WAY,LEFT TURN,NROGERSSTW7THST,STOP SIGN