_id,Agency,City,Collision Date,Collision Time,Vehicles Involved,Trailers Involved,Number Injured,Number Dead,Number Deer,House Number,Roadway Interchange,Roadway Ramp,Roadway Id,Intersecting Road,Interchange,Feet From,Direction,Latitude,Longitude,Roadway Class,Hit and Run?,Locality,School Zone?,Rumble Strips?,Construction?,Construction Type,Light Condition,Weather Conditions,Surface Condition,Type of Median,Roadway Junction Type,Road Character,Roadway Surface,Primary Factor,Manner of Collision,Unique Location Id,Traffic Control
2403,INDIANA UNIV BLOOMINGTON PD,BLOOMINGTON,2021-04-05T00:00:00,1:25 PM,2,0,0,0,0,"","","",N FORREST AVE,E 17TH ST,"",177,S,0,0,LOCAL/CITY ROAD,N,URBAN,N,N,N,"",DAYLIGHT,CLEAR,DRY,"",NO JUNCTION INVOLVED,STRAIGHT/GRADE,ASPHALT,UNSAFE BACKING,BACKING CRASH,EAST17THSTFORRESTAVE,NONE
2404,BLOOMINGTON PD,BLOOMINGTON,2021-04-05T00:00:00,2:54 PM,2,0,0,0,0,"","","",W 12TH ST,N SUMMIT ST,"",,"",39.174352,-86.548,LOCAL/CITY ROAD,N,URBAN,N,N,N,"",DAYLIGHT,CLEAR,DRY,"",T-INTERSECTION,STRAIGHT/GRADE,ASPHALT,IMPROPER TURNING,OPPOSITE DIRECTION SIDESWIPE,NSUMMITSTW12THST,STOP SIGN
2405,BLOOMINGTON PD,BLOOMINGTON,2021-04-05T00:00:00,2:55 PM,2,0,1,0,0,"","","",W BLOOMFIELD RD,S CORY LN,"",200,E,39.157044,-86.55980431,LOCAL/CITY ROAD,N,URBAN,N,N,N,"",DAYLIGHT,CLEAR,DRY,"",T-INTERSECTION,STRAIGHT/LEVEL,ASPHALT,FAILURE TO YIELD RIGHT OF WAY,SAME DIRECTION SIDESWIPE,SCORYLNWBOOMFIELDRD,NONE
2406,BLOOMINGTON PD,BLOOMINGTON,2021-04-05T00:00:00,3:25 PM,2,0,0,0,0,502,"","",S MULLER PKWY,"","",,"",,,UNKNOWN,Y,URBAN,N,N,N,"",UNKNOWN,CLEAR,DRY,"",NO JUNCTION INVOLVED,STRAIGHT/GRADE,ASPHALT,IMPROPER TURNING,LEFT TURN,SMULLERPKWY,NONE
2407,MONROE SD,BLOOMINGTON,2021-04-05T00:00:00,7:05 PM,1,0,1,0,0,"","","",SR 45,N RICHARDSON RD,"",,"",39.23984,-86.387696,STATE ROAD,N,RURAL,N,N,N,"",DAYLIGHT,CLEAR,DRY,"",T-INTERSECTION,CURVE/LEVEL,ASPHALT,UNSAFE SPEED,RAN OFF ROAD,RICHARDSONRDSR45E,NONE
2408,INDIANA UNIV BLOOMINGTON PD,BLOOMINGTON,2021-04-05T00:00:00,8:20 PM,2,0,0,0,0,"","","",E 10TH ST,N JORDAN AVE,"",,"",39.171584,-86.515629,LOCAL/CITY ROAD,Y,URBAN,N,N,N,"",DARK (LIGHTED),CLEAR,DRY,"",FOUR-WAY INTERSECTION,STRAIGHT/LEVEL,ASPHALT,FOLLOWING TOO CLOSELY,REAR END,JORDANAVETENTHST,TRAFFIC CONTROL SIGNAL
2409,BLOOMINGTON PD,BLOOMINGTON,2021-04-04T00:00:00,2:00 AM,1,0,0,0,0,"","","",S PARK RIDGE RD,E HAGAN ST,"",,"",39.162951,-86.476262,LOCAL/CITY ROAD,N,URBAN,N,N,N,"",DARK (LIGHTED),CLEAR,DRY,"",FOUR-WAY INTERSECTION,STRAIGHT/LEVEL,ASPHALT,RAN OFF ROAD RIGHT,RAN OFF ROAD,EHAGANSTSPARKRIDGERD,NONE
2410,BLOOMINGTON PD,BLOOMINGTON,2021-04-04T00:00:00,3:00 PM,2,0,0,0,0,200,"","",S MADISON ST,"","",100,N,39.164704,-86.537296,"",Y,URBAN,N,N,N,"",DAWN/DUSK,CLEAR,DRY,"",NO JUNCTION INVOLVED,STRAIGHT/GRADE,ASPHALT,OTHER (DRIVER) - EXPLAIN IN NARRATIVE,OTHER - EXPLAIN IN NARRATIVE,SMADISONSTW3RDST,NONE
2411,INDIANA UNIV BLOOMINGTON PD,BLOOMINGTON,2021-04-04T00:00:00,8:53 PM,2,0,0,0,0,"","","",N INDIANA AVE,E 13TH ST,"",,"",39.175247,-86.527004,LOCAL/CITY ROAD,Y,URBAN,N,N,N,"",DARK (NOT LIGHTED),CLEAR,DRY,"",FOUR-WAY INTERSECTION,STRAIGHT/LEVEL,ASPHALT,FAILURE TO YIELD RIGHT OF WAY,RIGHT ANGLE,INDIANAAVETHIRTEENTHST,STOP SIGN
2412,ELLETTSVILLE PD,ELLETTSVILLE,2021-04-03T00:00:00,6:05 AM,1,0,1,0,0,"","","",SR 46,W FOSTER FISCUS RD,"",,"",0,0,STATE ROAD,N,RURAL,N,N,N,"",DARK (NOT LIGHTED),CLEAR,DRY,"",T-INTERSECTION,CURVE/LEVEL,ASPHALT,DRIVER DISTRACTED - EXPLAIN IN NARRATIVE,OTHER - EXPLAIN IN NARRATIVE,SR46WWFOSTERFISCUSRD,LANE CONTROL
2413,ISP BLOOMINGTON 33,BLOOMINGTON,2021-04-03T00:00:00,7:25 AM,1,,1,0,0,7381,"","",SR 46,"","",1584,W,39.16356411,-86.42618823,STATE ROAD,"",RURAL,N,N,N,"",DAYLIGHT,CLEAR,DRY,"",NO JUNCTION INVOLVED,"",ASPHALT,"",RAN OFF ROAD,StateRd46NGettysCreekRoad,""
2414,BLOOMINGTON PD,BLOOMINGTON,2021-04-03T00:00:00,10:00 AM,2,0,0,0,0,217,"","",W KIRKWOOD AVE,S GENTRY ST,"",,"",39.16664112,-86.53486029,UNKNOWN,Y,URBAN,N,N,N,"",DAYLIGHT,CLEAR,DRY,"",NO JUNCTION INVOLVED,STRAIGHT/GRADE,ASPHALT,IMPROPER TURNING,SAME DIRECTION SIDESWIPE,WKIRKWOODAVE,NONE
2415,INDIANA UNIV BLOOMINGTON PD,BLOOMINGTON,2021-04-03T00:00:00,5:45 PM,2,0,0,0,0,"","","",S HENDERSON ST,E ATWATER AVE,"",,"",39.163149,-86.5272662,LOCAL/CITY ROAD,Y,URBAN,N,N,N,"",DAYLIGHT,CLEAR,DRY,"",FOUR-WAY INTERSECTION,STRAIGHT/GRADE,ASPHALT,IMPROPER PASSING,SAME DIRECTION SIDESWIPE,ATWATERAVEHENDERSONST,TRAFFIC CONTROL SIGNAL
2416,BLOOMINGTON PD,BLOOMINGTON,2021-04-03T00:00:00,7:40 PM,2,0,1,0,0,"","",Y,W 3RD ST,I-69 N,"",,"",0,0,LOCAL/CITY ROAD,N,URBAN,N,N,N,"",DAWN/DUSK,CLEAR,DRY,"",FOUR-WAY INTERSECTION,CURVE/LEVEL,ASPHALT,FOLLOWING TOO CLOSELY,REAR END,I60RAMPWEST3RDST,TRAFFIC CONTROL SIGNAL
2417,MONROE SD,BLOOMINGTON,2021-04-02T00:00:00,6:43 AM,1,0,0,0,1,"","","",S GARRISON CHAPEL RD,W GIFFORD RD,"",100,S,39.151552,-86.643504,COUNTY ROAD,N,RURAL,N,N,N,"",DARK (NOT LIGHTED),CLEAR,DRY,"",NO JUNCTION INVOLVED,STRAIGHT/GRADE,ASPHALT,ANIMAL/OBJECT IN ROADWAY,COLLISION WITH DEER,SGARRISONCHAPELRDWGIFFORDRD,LANE CONTROL
2418,MONROE SD,BLOOMINGTON,2021-04-02T00:00:00,6:45 AM,2,0,0,0,0,"","","",S FAIRFAX RD,E RAMP CREEK RD,"",,"",39.071152,-86.503088,COUNTY ROAD,N,RURAL,N,N,N,"",DARK (NOT LIGHTED),CLEAR,DRY,"",FOUR-WAY INTERSECTION,STRAIGHT/GRADE,ASPHALT,FAILURE TO YIELD RIGHT OF WAY,LEFT/RIGHT TURN,EASTRAMPCREEKRDSOUTHFAIRFAXRD,STOP SIGN
2419,MONROE SD,BLOOMINGTON,2021-04-02T00:00:00,8:06 AM,3,0,1,0,0,"","","",W GORDON PIKE,"","",356,W,39.121463,-86.53133219,LOCAL/CITY ROAD,N,URBAN,N,N,N,"",DAYLIGHT,CLEAR,DRY,"",NO JUNCTION INVOLVED,STRAIGHT/GRADE,ASPHALT,OTHER (ENVIRONMENTAL) - EXPLAIN IN NARR,REAR END,SWALNUTSTWGORDONPIKE,NONE
2420,INDIANA UNIV BLOOMINGTON PD,BLOOMINGTON,2021-04-02T00:00:00,10:50 AM,2,0,0,0,0,"","","",SR 45/46,SR 45,"",,"",0,0,STATE ROAD,N,URBAN,N,N,N,"",DAYLIGHT,CLEAR,DRY,"",FOUR-WAY INTERSECTION,STRAIGHT/LEVEL,ASPHALT,FOLLOWING TOO CLOSELY,REAR END,SR46UNIONVILLERD,TRAFFIC CONTROL SIGNAL
2421,INDIANA UNIV BLOOMINGTON PD,BLOOMINGTON,2021-04-02T00:00:00,11:25 AM,2,0,0,0,0,"","","",E 3RD ST,S JORDAN AVE,"",,"",39.164263,-86.516394,LOCAL/CITY ROAD,N,URBAN,N,N,N,"",DAYLIGHT,CLEAR,DRY,"",FOUR-WAY INTERSECTION,STRAIGHT/LEVEL,ASPHALT,IMPROPER LANE USAGE,LEFT TURN,JORDANAVETHIRDST,TRAFFIC CONTROL SIGNAL
2422,ISP BLOOMINGTON 33,BLOOMINGTON,2021-04-02T00:00:00,11:35 AM,2,,0,0,0,"","","",S WALNUT ST,ENTRANCE TO KROGER (S),"",800,N,39.12018672,-86.53133798,COUNTY ROAD,"",RURAL,N,N,N,"",DAYLIGHT,CLEAR,DRY,"",NO JUNCTION INVOLVED,"",ASPHALT,FOLLOWING TOO CLOSELY,REAR END,SOrchardLaneSOldStateRoad37,""
2423,BLOOMINGTON PD,BLOOMINGTON,2021-04-02T00:00:00,1:34 PM,2,0,0,0,0,"","","",E 3RD ST,S JEFFERSON ST,"",,"",39.164304,-86.506992,LOCAL/CITY ROAD,Y,URBAN,N,N,N,"",DAYLIGHT,CLEAR,DRY,"",T-INTERSECTION,STRAIGHT/LEVEL,ASPHALT,FOLLOWING TOO CLOSELY,REAR END,E3RDSTSJEFFERSONST,TRAFFIC CONTROL SIGNAL
2424,ELLETTSVILLE PD,ELLETTSVILLE,2021-04-02T00:00:00,7:35 PM,1,0,1,0,0,"","","",SR 46,W FOSTER FISCUS RD,"",180,E,0,0,STATE ROAD,N,URBAN,N,N,N,"",DAWN/DUSK,CLEAR,DRY,"",T-INTERSECTION,CURVE/GRADE,ASPHALT,RAN OFF ROAD RIGHT,RAN OFF ROAD,FOSTERFISCUSRDSR46W,NONE
2425,INDIANA UNIV BLOOMINGTON PD,BLOOMINGTON,2021-04-01T00:00:00,1:00 AM,2,0,0,0,0,389,"","",E VARSITY LN,"","",298,W,39.18299,-86.52831421,LOCAL/CITY ROAD,N,URBAN,N,N,N,"",DARK (LIGHTED),CLEAR,DRY,"",NO JUNCTION INVOLVED,STRAIGHT/LEVEL,ASPHALT,UNSAFE BACKING,BACKING CRASH,DUNNSTEVARSITYLN,NONE
2426,INDIANA UNIV BLOOMINGTON PD,BLOOMINGTON,2021-04-01T00:00:00,12:48 PM,3,0,0,0,0,928,"","",E 3RD ST,ENTRANCE TO PI BETA PHI,"",215,W,39.164251,-86.52106039,LOCAL/CITY ROAD,N,URBAN,N,N,N,"",DAYLIGHT,CLOUDY,DRY,"",T-INTERSECTION,STRAIGHT/LEVEL,ASPHALT,IMPROPER LANE USAGE,SAME DIRECTION SIDESWIPE,FACULTYAVETHIRDST,NONE
2427,BLOOMINGTON PD,BLOOMINGTON,2021-04-01T00:00:00,2:21 PM,2,0,0,0,0,"","","",SR 45/46,N WALNUT ST,"",,"",39.186368,-86.5344,STATE ROAD,Y,URBAN,N,N,N,"",DAYLIGHT,CLEAR,DRY,"",FOUR-WAY INTERSECTION,STRAIGHT/LEVEL,ASPHALT,IMPROPER LANE USAGE,SAME DIRECTION SIDESWIPE,NWALNUTSTSR4546W,TRAFFIC CONTROL SIGNAL
2428,MONROE SD,BLOOMINGTON,2021-04-01T00:00:00,3:58 PM,1,0,1,0,0,"","","",N BOTTOM RD,"","",300,S,39.24744,-86.547792,COUNTY ROAD,N,RURAL,N,N,N,"",DAYLIGHT,CLEAR,DRY,"",T-INTERSECTION,CURVE/LEVEL,ASPHALT,RAN OFF ROAD RIGHT,RAN OFF ROAD,NBOTTOMRDWMAPLEGROVERD,NONE
2429,MONROE SD,BLOOMINGTON,2021-04-01T00:00:00,5:18 PM,2,0,0,0,0,"","","",W FULLERTON PIKE,S DUNCAN RD,"",,"",0,0,LOCAL/CITY ROAD,N,URBAN,N,N,N,"",DAYLIGHT,CLEAR,DRY,"",T-INTERSECTION,STRAIGHT/LEVEL,ASPHALT,FAILURE TO YIELD RIGHT OF WAY,RAN OFF ROAD,DUNCANRDFULLERTONPIKE,STOP SIGN
2430,MONROE SD,BLOOMINGTON,2021-04-01T00:00:00,6:13 PM,2,1,0,0,0,"","","",S ROCKPORT RD,ENTRANCE TO INDEPENDENT LIMESTONE,"",250,N,39.11964295,-86.586805,LOCAL/CITY ROAD,N,RURAL,N,N,N,"",DAYLIGHT,CLEAR,DRY,"",NO JUNCTION INVOLVED,CURVE/GRADE,ASPHALT,RAN OFF ROAD RIGHT,RAN OFF ROAD,MAYRDROCKPORTRD,NONE
2431,BLOOMINGTON PD,BLOOMINGTON,2021-04-01T00:00:00,8:14 PM,2,0,0,0,0,"","","",W 3RD ST,I-69 N,"",,"",0,0,LOCAL/CITY ROAD,Y,URBAN,N,N,N,"",DAWN/DUSK,CLEAR,DRY,"",RAMP,CURVE/GRADE,CONCRETE,FOLLOWING TOO CLOSELY,REAR END,I69NW3RDST,TRAFFIC CONTROL SIGNAL
2432,BLOOMINGTON PD,BLOOMINGTON,2021-03-31T00:00:00,2:27 AM,1,0,0,0,0,6565,"","",SR 46,"","",,"",39.16499973,-86.4523412,STATE ROAD,N,RURAL,N,N,N,"",DARK (NOT LIGHTED),RAIN,WET,"",NO JUNCTION INVOLVED,CURVE/LEVEL,ASPHALT,RAN OFF ROAD RIGHT,RAN OFF ROAD,SR46E,NONE
2433,ISP BLOOMINGTON 33,ELLETTSVILLE,2021-03-31T00:00:00,7:25 AM,2,,0,0,0,"","","",SR 46,W ARLINGTON RD,"",0,"",39.20764302,-86.57984063,STATE ROAD,"",URBAN,N,N,N,"",DAYLIGHT,CLEAR,DRY,"",FOUR-WAY INTERSECTION,"",ASPHALT,FAILURE TO YIELD RIGHT OF WAY,HEAD ON BETWEEN TWO MOTOR VEHICLES,StateRd46StateRd46,""
2434,MONROE SD,BLOOMINGTON,2021-03-31T00:00:00,7:33 AM,2,0,0,0,0,"","","",SR 46,N SMITH PIKE,"",270,E,39.20967132,-86.58246558,STATE ROAD,N,URBAN,N,N,N,"",DAYLIGHT,CLEAR,DRY,"",NO JUNCTION INVOLVED,CURVE/GRADE,ASPHALT,DRIVER DISTRACTED - EXPLAIN IN NARRATIVE,REAR END,NSMITHPIKESR46E,NONE
2435,ELLETTSVILLE PD,ELLETTSVILLE,2021-03-31T00:00:00,8:20 AM,2,0,0,0,0,"","","",SR 46,S BLUE SKY,"",600,W,39.21113389,-86.58489353,STATE ROAD,N,URBAN,N,N,N,"",DAYLIGHT,CLEAR,DRY,"",NO JUNCTION INVOLVED,STRAIGHT/LEVEL,ASPHALT,FAILURE TO YIELD RIGHT OF WAY,SAME DIRECTION SIDESWIPE,SMITHPIKESR46W,LANE CONTROL
2436,BLOOMINGTON PD,BLOOMINGTON,2021-03-31T00:00:00,2:07 PM,1,0,0,0,0,"","","",E HILLSIDE DR,S WALNUT ST,"",,"",39.150544,-86.5336,LOCAL/CITY ROAD,N,URBAN,N,N,N,"",DAYLIGHT,CLOUDY,DRY,"",FOUR-WAY INTERSECTION,STRAIGHT/GRADE,ASPHALT,RAN OFF ROAD RIGHT,RAN OFF ROAD,EHILLSIDEDRSWALNUTST,TRAFFIC CONTROL SIGNAL
2437,BLOOMINGTON PD,BLOOMINGTON,2021-03-30T00:00:00,8:07 AM,2,0,0,0,0,"","","",E MOORES PIKE,SR 446,"",,"",39.150328,-86.471371,LOCAL/CITY ROAD,N,URBAN,N,N,N,"",DAYLIGHT,CLEAR,DRY,"",FOUR-WAY INTERSECTION,STRAIGHT/LEVEL,ASPHALT,FAILURE TO YIELD RIGHT OF WAY,SAME DIRECTION SIDESWIPE,EMOORESPIKESR446RD,STOP SIGN
2438,ISP BLOOMINGTON 33,BLOOMINGTON,2021-03-30T00:00:00,8:32 AM,2,,0,0,0,"","","",S FAIRFAX RD,E SCHACHT RD,"",500,"",39.1071996,-86.52565903,COUNTY ROAD,"",RURAL,N,N,N,"",DAYLIGHT,CLEAR,DRY,"",NO JUNCTION INVOLVED,"",ASPHALT,LEFT OF CENTER,SAME DIRECTION SIDESWIPE,WalnutStreetPikeSFairfaxRd,""
2439,INDIANA UNIV BLOOMINGTON PD,BLOOMINGTON,2021-03-30T00:00:00,8:45 AM,2,0,0,0,0,"","","",MCNUTT CIRCLE,"","",,"",39.17492625,-86.51663315,UNKNOWN,N,URBAN,N,N,N,"",DARK (LIGHTED),CLEAR,DRY,"",NO JUNCTION INVOLVED,CURVE/LEVEL,CONCRETE,UNSAFE BACKING,BACKING CRASH,FEELNNFOSTERDR,NONE
2440,ELLETTSVILLE PD,ELLETTSVILLE,2021-03-30T00:00:00,3:40 PM,2,0,0,0,0,"","","",SR 46,N CAPITOL AVE,"",100,E,39.2232278,-86.60920446,STATE ROAD,N,URBAN,N,N,N,"",DAYLIGHT,CLEAR,DRY,"",NO JUNCTION INVOLVED,STRAIGHT/LEVEL,ASPHALT,FOLLOWING TOO CLOSELY,REAR END,CAPITALAVESR46W,NONE
2441,ISP BLOOMINGTON 33,BLOOMINGTON,2021-03-30T00:00:00,8:30 PM,1,,1,0,0,"","","",I-69 S,W TAPP RD,"",0,"",39.13875164,-86.57361777,INTERSTATE,"",URBAN,N,N,N,"",DARK (LIGHTED),RAIN,WET,"",RAMP,"",ASPHALT,OTHER (DRIVER) - EXPLAIN IN NARRATIVE,RAN OFF ROAD,I-69,""
2442,MONROE SD,BLOOMINGTON,2021-03-29T00:00:00,6:45 AM,1,0,0,0,1,"","","",I-69 N,"","",500,N,0,0,INTERSTATE,N,RURAL,N,Y,N,"",DAWN/DUSK,CLEAR,DRY,"",NO JUNCTION INVOLVED,STRAIGHT/LEVEL,CONCRETE,ANIMAL/OBJECT IN ROADWAY,COLLISION WITH DEER,I69N108.0,NONE
2443,MONROE SD,BLOOMINGTON,2021-03-29T00:00:00,9:55 AM,2,0,0,0,0,"","","",W CHURCH LN,"","",250,E,39.107438,-86.54992363,COUNTY ROAD,N,RURAL,N,N,N,"",DAYLIGHT,CLEAR,DRY,"",NO JUNCTION INVOLVED,CURVE/HILLCREST,ASPHALT,LEFT OF CENTER,OPPOSITE DIRECTION SIDESWIPE,SVICTORPIKEWCHURCHLN,LANE CONTROL
2444,BLOOMINGTON PD,BLOOMINGTON,2021-03-29T00:00:00,11:49 AM,2,0,0,0,0,"","","",SR 48,S LIBERTY DR,"",,"",0,0,LOCAL/CITY ROAD,N,URBAN,N,N,N,"",DAYLIGHT,CLEAR,DRY,"",FOUR-WAY INTERSECTION,STRAIGHT/LEVEL,ASPHALT,FAILURE TO YIELD RIGHT OF WAY,LEFT TURN,3RDSTLIBERTYDR,NONE
2445,BLOOMINGTON PD,BLOOMINGTON,2021-03-29T00:00:00,1:39 PM,2,0,1,0,0,"","","",SR 48,S LIBERTY DR,"",,"",39.164606,-86.579131,LOCAL/CITY ROAD,N,URBAN,N,N,N,"",DAYLIGHT,CLEAR,DRY,"",FOUR-WAY INTERSECTION,STRAIGHT/GRADE,ASPHALT,BRAKE FAILURE OR DEFECTIVE,REAR END,SLIBERTYDRW3RDST,LANE CONTROL
2446,INDIANA UNIV BLOOMINGTON PD,BLOOMINGTON,2021-03-29T00:00:00,2:45 PM,2,0,0,0,0,"","","",E 17TH ST,N FEE LN,"",165,W,39.179061,-86.51895572,LOCAL/CITY ROAD,N,URBAN,N,N,N,"",DAYLIGHT,CLEAR,DRY,"",FOUR-WAY INTERSECTION,STRAIGHT/LEVEL,ASPHALT,FOLLOWING TOO CLOSELY,REAR END,EAST17THSTFEELN,TRAFFIC CONTROL SIGNAL
2447,BLOOMINGTON PD,BLOOMINGTON,2021-03-29T00:00:00,2:58 PM,1,0,0,0,0,2627,"","",S MADISON ST,W WATSON ST,"",,"",39.16568,-86.537296,LOCAL/CITY ROAD,N,URBAN,N,N,N,"",DAYLIGHT,CLEAR,DRY,"",NO JUNCTION INVOLVED,STRAIGHT/LEVEL,ASPHALT,OTHER (DRIVER) - EXPLAIN IN NARRATIVE,RAN OFF ROAD,SMADISONST,NONE
2448,MONROE SD,BLOOMINGTON,2021-03-29T00:00:00,3:54 PM,1,0,1,0,0,"","","",S BREEDEN RD,"","",500,N,39.058176,-86.671264,COUNTY ROAD,N,RURAL,N,N,N,"",DAYLIGHT,CLEAR,DRY,"",NO JUNCTION INVOLVED,STRAIGHT/GRADE,ASPHALT,RAN OFF ROAD RIGHT,RAN OFF ROAD,SBREEDENRDWGRAVESRD,NONE
2449,ISP BLOOMINGTON 33,BLOOMINGTON,2021-03-29T00:00:00,3:58 PM,2,,0,1,0,"","","",SR 45,"","",1291,S,39.1250973,-86.61084223,STATE ROAD,"",RURAL,N,N,N,"",DAYLIGHT,CLEAR,DRY,"",NO JUNCTION INVOLVED,"",ASPHALT,LEFT OF CENTER,HEAD ON BETWEEN TWO MOTOR VEHICLES,WIsonRdSR451291feetsouth,""
2450,BLOOMINGTON PD,BLOOMINGTON,2021-03-29T00:00:00,4:44 PM,2,0,0,0,0,"","","",S WALNUT ST,ENTRANCE TO CLEAR CREEK CROSSING (N),"",100,S,,,LOCAL/CITY ROAD,N,URBAN,N,N,N,"",DAYLIGHT,CLEAR,DRY,"",NO JUNCTION INVOLVED,STRAIGHT/LEVEL,ASPHALT,FAILURE TO YIELD RIGHT OF WAY,LEFT TURN,ERHORERRDSWALNUTST,TRAFFIC CONTROL SIGNAL
2451,INDIANA UNIV BLOOMINGTON PD,BLOOMINGTON,2021-03-29T00:00:00,5:15 PM,2,0,0,0,0,"","","",E 3RD ST,N WOODLAWN AVE,"",,"",39.164248,-86.522621,UNKNOWN,N,URBAN,N,N,N,"",DAYLIGHT,CLEAR,DRY,"",NO JUNCTION INVOLVED,NON-ROADWAY CRASH,ASPHALT,UNSAFE BACKING,BACKING CRASH,THIRDSTWOODLAWNAVE,NONE
2452,ISP BLOOMINGTON 33,BLOOMINGTON,2021-03-29T00:00:00,7:35 PM,2,,0,0,0,"","","",W KARST FARM PARK DR,S ENDWRIGHT RD,"",0,"",39.1409874,-86.598657,"","",RURAL,N,N,N,"",DAYLIGHT,CLEAR,DRY,"",NO JUNCTION INVOLVED,"",ASPHALT,UNSAFE SPEED,REAR END,WKarstFarmParkDr,""
2453,INDIANA UNIV BLOOMINGTON PD,BLOOMINGTON,2021-03-29T00:00:00,8:08 PM,2,0,0,0,0,"","","",SR 45/46,E 10TH ST,"",,"",0,0,STATE ROAD,N,URBAN,N,N,N,"",DARK (LIGHTED),CLEAR,DRY,"",FOUR-WAY INTERSECTION,STRAIGHT/LEVEL,ASPHALT,FOLLOWING TOO CLOSELY,REAR END,SR46UNIONVILLERD,TRAFFIC CONTROL SIGNAL
2454,BLOOMINGTON PD,BLOOMINGTON,2021-03-29T00:00:00,10:00 PM,2,0,0,0,0,"","","",N WALNUT ST,W 14TH ST,"",,"",39.175952,-86.53344,LOCAL/CITY ROAD,N,URBAN,N,N,N,"",DAYLIGHT,CLEAR,DRY,"",T-INTERSECTION,STRAIGHT/GRADE,ASPHALT,FAILURE TO YIELD RIGHT OF WAY,LEFT TURN,NWALNUTSTW14THST,STOP SIGN
2455,INDIANA UNIV BLOOMINGTON PD,BLOOMINGTON,2021-03-28T00:00:00,12:00 PM,2,0,0,0,0,"","","",E 7TH ST,"","",653,E,39.168465,-86.52119549,LOCAL/CITY ROAD,N,URBAN,N,N,N,"",DAYLIGHT,CLOUDY,DRY,"",NO JUNCTION INVOLVED,STRAIGHT/LEVEL,ASPHALT,IMPROPER LANE USAGE,SAME DIRECTION SIDESWIPE,E7THSTNFORRESTAVE,NONE
2456,BLOOMINGTON PD,BLOOMINGTON,2021-03-28T00:00:00,12:30 PM,2,0,1,0,0,"","","",S COLLEGE MALL RD,E BUICK CADILLAC BLVD,"",,"",39.1581742,-86.4979409,LOCAL/CITY ROAD,N,URBAN,N,N,N,"",DAYLIGHT,CLEAR,DRY,"",FOUR-WAY INTERSECTION,STRAIGHT/LEVEL,ASPHALT,FAILURE TO YIELD RIGHT OF WAY,LEFT TURN,EBUICKCADILLACBLVDSCOLLEGEMALLRD,TRAFFIC CONTROL SIGNAL
2457,BLOOMINGTON PD,BLOOMINGTON,2021-03-28T00:00:00,1:04 PM,2,0,4,0,0,"","","",E 10TH ST,SR 45/46,"",300,W,0,0,LOCAL/CITY ROAD,N,URBAN,N,N,N,"",DARK (LIGHTED),RAIN,WET,"",NO JUNCTION INVOLVED,STRAIGHT/HILLCREST,ASPHALT,IMPROPER LANE USAGE,HEAD ON BETWEEN TWO MOTOR VEHICLES,E10STSTRD4546BYP,NONE
2458,BLOOMINGTON PD,BLOOMINGTON,2021-03-28T00:00:00,1:20 PM,2,0,0,0,0,"","","",SR 48,S CURRY PIKE,"",,"",39.16465,-86.582939,LOCAL/CITY ROAD,N,URBAN,N,N,N,"",DAYLIGHT,CLOUDY,DRY,"",FOUR-WAY INTERSECTION,STRAIGHT/GRADE,ASPHALT,FAILURE TO YIELD RIGHT OF WAY,LEFT TURN,SCURRYPIKEW3RDST,TRAFFIC CONTROL SIGNAL
2459,BLOOMINGTON PD,BLOOMINGTON,2021-03-28T00:00:00,2:42 PM,2,0,0,0,0,"","","",S SMITH RD,SR 46,"",,"",39.16424,-86.480688,LOCAL/CITY ROAD,N,URBAN,N,N,N,"",DAYLIGHT,CLOUDY,DRY,"",FOUR-WAY INTERSECTION,STRAIGHT/GRADE,ASPHALT,FAILURE TO YIELD RIGHT OF WAY,RIGHT TURN,E3RDSTSSMITHRD,NONE
2460,BLOOMINGTON PD,BLOOMINGTON,2021-03-28T00:00:00,8:51 PM,3,0,1,0,0,"","","",E 3RD ST,S JEFFERSON ST,"",,"",39.164304,-86.506992,LOCAL/CITY ROAD,N,URBAN,N,N,N,"",DARK (NOT LIGHTED),CLEAR,DRY,"",T-INTERSECTION,STRAIGHT/GRADE,ASPHALT,FOLLOWING TOO CLOSELY,REAR END,E3RDSTSJEFFERSONST,NONE
2461,ISP BLOOMINGTON 33,BLOOMINGTON,2021-03-27T00:00:00,1:50 AM,1,,0,0,0,"","","",N ADAMS ST,INDIANA RAILROAD BRIDGE,"",65,"",39.16935327,-86.54970235,LOCAL/CITY ROAD,"",RURAL,N,N,N,"",DAYLIGHT,CLEAR,DRY,"",RAILROAD CROSSINGS,"",ASPHALT,DISREGARD SIGNAL/REG SIGN,OTHER - EXPLAIN IN NARRATIVE,WFountainDr.NAdamsSt,""
2462,MONROE SD,BLOOMINGTON,2021-03-27T00:00:00,5:56 AM,1,0,0,0,2,"","","",I-69 S,"","",100,S,0,0,INTERSTATE,N,URBAN,N,N,N,"",DARK (NOT LIGHTED),CLEAR,DRY,"",NO JUNCTION INVOLVED,STRAIGHT/LEVEL,ASPHALT,ANIMAL/OBJECT IN ROADWAY,COLLISION WITH DEER,I69S122.5,LANE CONTROL