_id,Agency,City,Collision Date,Collision Time,Vehicles Involved,Trailers Involved,Number Injured,Number Dead,Number Deer,House Number,Roadway Interchange,Roadway Ramp,Roadway Id,Intersecting Road,Interchange,Feet From,Direction,Latitude,Longitude,Roadway Class,Hit and Run?,Locality,School Zone?,Rumble Strips?,Construction?,Construction Type,Light Condition,Weather Conditions,Surface Condition,Type of Median,Roadway Junction Type,Road Character,Roadway Surface,Primary Factor,Manner of Collision,Unique Location Id,Traffic Control
2463,BLOOMINGTON PD,BLOOMINGTON,2021-03-27T00:00:00,8:00 AM,2,0,0,0,0,"","","",W 7TH ST,N COLLEGE AVE,"",55,E,39.168546,-86.53486675,LOCAL/CITY ROAD,Y,URBAN,N,N,N,"",DAYLIGHT,CLEAR,DRY,"",NO JUNCTION INVOLVED,STRAIGHT/GRADE,ASPHALT,UNSAFE LANE MOVEMENT,REAR END,7THSTCOLLEGEAVE,NONE
2464,BLOOMINGTON PD,BLOOMINGTON,2021-03-27T00:00:00,6:50 PM,2,0,0,0,0,"","","",E 10TH ST,N INDIANA AVE,"",,"",39.17168,-86.527024,LOCAL/CITY ROAD,N,URBAN,N,N,N,"",DAYLIGHT,CLEAR,DRY,"",FOUR-WAY INTERSECTION,STRAIGHT/GRADE,ASPHALT,IMPROPER LANE USAGE,SAME DIRECTION SIDESWIPE,E10THSTNINDIANAAVE,LANE CONTROL
2465,BLOOMINGTON PD,BLOOMINGTON,2021-03-27T00:00:00,9:45 PM,2,0,0,0,0,123,"","",W KIRKWOOD AVE,S COLLEGE AVE,"",,"",39.16662118,-86.53328761,"",Y,URBAN,N,N,N,"",DARK (LIGHTED),CLEAR,DRY,"",NO JUNCTION INVOLVED,STRAIGHT/GRADE,ASPHALT,IMPROPER TURNING,OTHER - EXPLAIN IN NARRATIVE,KIRKWOODAVE,NONE
2466,BLOOMINGTON PD,BLOOMINGTON,2021-03-27T00:00:00,11:04 PM,2,0,0,0,0,"","","",E 4TH ST,S WASHINGTON ST,"",,"",39.165648,-86.5324,LOCAL/CITY ROAD,N,URBAN,N,N,N,"",DARK (LIGHTED),RAIN,WET,"",FOUR-WAY INTERSECTION,STRAIGHT/GRADE,ASPHALT,FOLLOWING TOO CLOSELY,REAR END,E4THSTSWASHINGTONST,STOP SIGN
2467,BLOOMINGTON PD,BLOOMINGTON,2021-03-26T00:00:00,6:05 AM,2,0,0,0,0,"","","",S SARE RD,E MOORES PIKE,"",,"",0,0,LOCAL/CITY ROAD,N,URBAN,N,N,Y,LANE CLOSURE,DARK (LIGHTED),CLOUDY,DRY,"",FOUR-WAY INTERSECTION,STRAIGHT/LEVEL,ASPHALT,DRIVER ASLEEP OR FATIGUED,REAR END,MOORESPIKESARERD,TRAFFIC CONTROL SIGNAL
2468,BLOOMINGTON PD,BLOOMINGTON,2021-03-26T00:00:00,8:27 AM,2,0,0,0,0,"",118,1,I-69 N,W 3RD ST,"",,"",0,0,INTERSTATE,N,URBAN,N,N,N,"",DAYLIGHT,CLOUDY,DRY,"",RAMP,STRAIGHT/LEVEL,ASPHALT,OTHER (DRIVER) - EXPLAIN IN NARRATIVE,REAR END,I69N,LANE CONTROL
2469,BLOOMINGTON PD,BLOOMINGTON,2021-03-26T00:00:00,6:47 PM,2,0,1,0,0,"","","",S HENDERSON ST,S WALNUT ST PIKE,"",,"",39.133744,-86.526896,LOCAL/CITY ROAD,N,URBAN,N,N,N,"",UNKNOWN,CLEAR,DRY,"",Y-INTERSECTION,STRAIGHT/HILLCREST,CONCRETE,UNSAFE SPEED,REAR END,SHENDERSONSTSWALNUTSTREETPIKE,NONE
2470,BLOOMINGTON PD,BLOOMINGTON,2021-03-26T00:00:00,7:32 PM,2,0,1,0,0,"","","",SR 46,S PETE ELLIS DR,"",,"",39.16424,-86.495088,LOCAL/CITY ROAD,N,URBAN,N,N,N,"",DAYLIGHT,CLEAR,DRY,"",T-INTERSECTION,STRAIGHT/LEVEL,ASPHALT,FAILURE TO YIELD RIGHT OF WAY,LEFT TURN,E3RDSTNPETEELLISDR,TRAFFIC CONTROL SIGNAL
2471,ELLETTSVILLE PD,ELLETTSVILLE,2021-03-25T00:00:00,4:04 AM,1,0,0,0,0,7353,"","",SR 46,W MAPLE GROVE RD,"",650,W,39.243366,-86.63373868,STATE ROAD,N,URBAN,N,N,N,"",DARK (LIGHTED),CLEAR,DRY,"",NO JUNCTION INVOLVED,CURVE/LEVEL,ASPHALT,ANIMAL/OBJECT IN ROADWAY,COLLISION WITH ANIMAL OTHER,NJACCOBSTSR46W,LANE CONTROL
2472,ELLETTSVILLE PD,ELLETTSVILLE,2021-03-25T00:00:00,6:52 AM,2,0,0,0,0,"","","",SR 46,S RIDGE SPRINGS LN,"",600,W,39.24082203,-86.63287472,LOCAL/CITY ROAD,N,URBAN,N,N,N,"",DARK (LIGHTED),CLOUDY,DRY,"",NO JUNCTION INVOLVED,STRAIGHT/LEVEL,ASPHALT,FAILURE TO YIELD RIGHT OF WAY,REAR END,1600TEMPERANCESTRIDGESPRINGSLN,LANE CONTROL
2473,MONROE SD,ELLETTSVILLE,2021-03-25T00:00:00,7:35 AM,1,0,0,0,1,"","","",W MCNEELY ST,"","",1906,W,39.237494,-86.59259795,LOCAL/CITY ROAD,N,RURAL,N,N,N,"",DAYLIGHT,CLEAR,DRY,"",NO JUNCTION INVOLVED,STRAIGHT/LEVEL,ASPHALT,ANIMAL/OBJECT IN ROADWAY,COLLISION WITH DEER,NUNIONVALLEYRDWMCNEELYST,NONE
2474,BLOOMINGTON PD,BLOOMINGTON,2021-03-25T00:00:00,2:15 PM,2,0,0,0,0,"","","",S LEONARD SPRINGS RD,W FAIRINGTON DR,"",,"",39.136144,-86.582496,LOCAL/CITY ROAD,N,URBAN,N,N,N,"",DAYLIGHT,RAIN,WET,"",T-INTERSECTION,STRAIGHT/GRADE,ASPHALT,IMPROPER TURNING,LEFT TURN,SLEONARDSPRINGSRDWFAIRINGTONDR,STOP SIGN
2475,MONROE SD,BLOOMINGTON,2021-03-25T00:00:00,5:58 PM,2,0,0,0,0,"","","",SR 46,N SMITH PIKE,"",,"",39.210144,-86.5832,STATE ROAD,N,RURAL,N,N,N,"",DAYLIGHT,CLOUDY,DRY,"",FOUR-WAY INTERSECTION,STRAIGHT/LEVEL,ASPHALT,FAILURE TO YIELD RIGHT OF WAY,LEFT TURN,NSMITHPIKESR46W,TRAFFIC CONTROL SIGNAL
2476,MONROE SD,BLOOMINGTON,2021-03-25T00:00:00,10:18 PM,1,0,1,0,0,"","","",S FAIRFAX RD,E LENA AVE,"",,"",0,0,COUNTY ROAD,N,RURAL,N,N,N,"",DARK (NOT LIGHTED),CLOUDY,WET,"",T-INTERSECTION,CURVE/GRADE,ASPHALT,RAN OFF ROAD RIGHT,RAN OFF ROAD,ELENAAVESFAIRFAXRD,NONE
2477,BLOOMINGTON PD,BLOOMINGTON,2021-03-24T00:00:00,9:05 AM,2,0,0,0,0,"","","",E 6TH ST,N WALNUT ST,"",50,E,39.167648,-86.533584,LOCAL/CITY ROAD,N,URBAN,N,N,N,"",DAYLIGHT,CLEAR,WET,"",NO JUNCTION INVOLVED,STRAIGHT/GRADE,ASPHALT,UNSAFE BACKING,BACKING CRASH,E6THSTWALNUTST,NONE
2478,BLOOMINGTON PD,BLOOMINGTON,2021-03-24T00:00:00,1:13 PM,2,0,1,0,0,"",Y,"",I-69 N,W 3RD ST,"",,"",39.164522,-86.573015,INTERSTATE,N,URBAN,N,N,N,"",DAYLIGHT,CLEAR,DRY,"",RAMP,CURVE/GRADE,ASPHALT,FOLLOWING TOO CLOSELY,REAR END,I69NTHIRDST,TRAFFIC CONTROL SIGNAL
2479,INDIANA UNIV BLOOMINGTON PD,BLOOMINGTON,2021-03-24T00:00:00,2:00 PM,2,0,0,0,0,2654,"","",SR 45,SR 46,"",,"",39.171338,-86.500623,UNKNOWN,N,URBAN,N,N,N,"",DAYLIGHT,CLEAR,DRY,"",T-INTERSECTION,STRAIGHT/GRADE,ASPHALT,UNSAFE BACKING,BACKING CRASH,EAST10THST,NONE
2480,INDIANA UNIV BLOOMINGTON PD,BLOOMINGTON,2021-03-24T00:00:00,2:26 PM,3,0,1,0,0,"","","",N INDIANA AVE,E 13TH ST,"",,"",39.175247,-86.527004,LOCAL/CITY ROAD,N,URBAN,N,N,N,"",DAYLIGHT,CLEAR,DRY,"",FOUR-WAY INTERSECTION,STRAIGHT/GRADE,ASPHALT,FAILURE TO YIELD RIGHT OF WAY,RIGHT ANGLE,INDIANAAVETHIRTEENTHST,NONE
2481,MONROE SD,BLOOMINGTON,2021-03-24T00:00:00,3:20 PM,2,0,0,0,0,"","","",W STONEWOOD DR,S BOBCAT BEND,"",,"",0,0,COUNTY ROAD,N,RURAL,N,N,N,"",DAYLIGHT,CLEAR,DRY,"",T-INTERSECTION,STRAIGHT/LEVEL,ASPHALT,IMPROPER TURNING,LEFT TURN,SBOBCATBNDWSTONEWOODDR,NONE
2482,INDIANA UNIV BLOOMINGTON PD,BLOOMINGTON,2021-03-23T00:00:00,11:20 AM,2,0,0,0,0,"","","",N FEE LN,E 17TH ST,"",,"",39.1797903,-86.50724825,UNKNOWN,N,URBAN,N,N,N,"",DAYLIGHT,CLEAR,DRY,"",NO JUNCTION INVOLVED,STRAIGHT/LEVEL,ASPHALT,UNSAFE BACKING,BACKING CRASH,EAST17THSTFEELN,NONE
2483,INDIANA UNIV BLOOMINGTON PD,BLOOMINGTON,2021-03-23T00:00:00,2:18 PM,4,0,0,0,0,"","","",E 17TH ST,E LINGELBACH LN,"",,"",39.179247,-86.508383,LOCAL/CITY ROAD,N,URBAN,N,N,N,"",DAYLIGHT,CLEAR,DRY,"",T-INTERSECTION,STRAIGHT/LEVEL,ASPHALT,FOLLOWING TOO CLOSELY,REAR END,ELINGELBACHLNEAST17THST,NONE
2484,MONROE SD,BLOOMINGTON,2021-03-23T00:00:00,2:33 PM,1,0,0,0,0,"","","",SR 46,"","",,"",39.19137416,-86.56971557,STATE ROAD,N,URBAN,N,N,N,"",DAYLIGHT,CLOUDY,DRY,"",NO JUNCTION INVOLVED,NON-ROADWAY CRASH,ASPHALT,OBSTRUCTION NOT MARKED,NON-COLLISION,MAHALIAWAYSR46,NONE
2485,ISP BLOOMINGTON 33,BLOOMINGTON,2021-03-22T00:00:00,7:33 AM,2,,0,0,0,"","","",S WALNUT ST,"","",500,N,39.10268719,-86.53387732,COUNTY ROAD,"",RURAL,N,N,N,"",DAYLIGHT,CLEAR,DRY,"",NO JUNCTION INVOLVED,"",ASPHALT,FOLLOWING TOO CLOSELY,REAR END,SOldStateRoad37RogersSt,""
2486,BLOOMINGTON PD,BLOOMINGTON,2021-03-22T00:00:00,11:30 AM,2,0,0,0,0,"","","",SR 45,N PETE ELLIS DR,"",150,E,39.171504,-86.49478273,LOCAL/CITY ROAD,N,URBAN,N,N,N,"",DAYLIGHT,CLOUDY,DRY,"",FOUR-WAY INTERSECTION,STRAIGHT/LEVEL,ASPHALT,DRIVER DISTRACTED - EXPLAIN IN NARRATIVE,REAR END,10THSTPETEELLISDR,NONE
2487,INDIANA UNIV BLOOMINGTON PD,BLOOMINGTON,2021-03-22T00:00:00,1:59 PM,2,0,0,0,0,"","","",E 17TH ST,N WALNUT GROVE ST,"",,"",39.179039,-86.521096,LOCAL/CITY ROAD,N,URBAN,N,N,N,"",DAYLIGHT,CLEAR,DRY,"",T-INTERSECTION,STRAIGHT/LEVEL,ASPHALT,FOLLOWING TOO CLOSELY,REAR END,EAST17THSTWALNUTGROVEST,NONE
2488,BLOOMINGTON PD,BLOOMINGTON,2021-03-22T00:00:00,4:32 PM,1,0,1,0,0,"","","",E 2ND ST,S COLLEGE MALL RD,"",,"",39.1609319,-86.4977835,LOCAL/CITY ROAD,N,URBAN,N,N,N,"",DAYLIGHT,CLEAR,DRY,"",FOUR-WAY INTERSECTION,STRAIGHT/LEVEL,ASPHALT,FAILURE TO YIELD RIGHT OF WAY,LEFT TURN,E2NDSTSCOLLEGEMALLRD,TRAFFIC CONTROL SIGNAL
2489,BLOOMINGTON PD,BLOOMINGTON,2021-03-22T00:00:00,7:00 PM,2,0,0,0,0,"","","",E 10TH ST,N GRANT ST,"",,"",39.171696,-86.529696,LOCAL/CITY ROAD,N,URBAN,N,N,N,"",DAYLIGHT,CLEAR,DRY,"",NO JUNCTION INVOLVED,STRAIGHT/LEVEL,ASPHALT,FAILURE TO YIELD RIGHT OF WAY,RIGHT ANGLE,E10THSTNGRANTST,STOP SIGN
2490,MONROE SD,BLOOMINGTON,2021-03-22T00:00:00,11:09 PM,1,0,0,0,0,"","","",I-69 N,"","",0,N,0,0,INTERSTATE,N,RURAL,N,N,N,"",DARK (NOT LIGHTED),CLEAR,DRY,"",NO JUNCTION INVOLVED,STRAIGHT/LEVEL,ASPHALT,ANIMAL/OBJECT IN ROADWAY,COLLISION WITH OBJECT IN ROAD,I69N124.0,LANE CONTROL
2491,MONROE SD,BLOOMINGTON,2021-03-21T00:00:00,12:46 AM,1,0,0,0,0,"","","",I-69 N,"","",100,S,0,0,INTERSTATE,N,RURAL,N,N,N,"",DARK (LIGHTED),CLEAR,DRY,"",NO JUNCTION INVOLVED,CURVE/GRADE,ASPHALT,RAN OFF ROAD RIGHT,RAN OFF ROAD,I69N125,LANE CONTROL
2492,INDIANA UNIV BLOOMINGTON PD,BLOOMINGTON,2021-03-21T00:00:00,10:14 AM,2,0,1,0,0,"","","",SR 45/46,N FEE LN,"",,"",39.1864059,-86.5344391,STATE ROAD,N,URBAN,N,N,N,"",DAYLIGHT,CLEAR,DRY,"",FOUR-WAY INTERSECTION,STRAIGHT/LEVEL,CONCRETE,FAILURE TO YIELD RIGHT OF WAY,LEFT TURN,MATLOCKRDSR46,TRAFFIC CONTROL SIGNAL
2493,INDIANA UNIV BLOOMINGTON PD,BLOOMINGTON,2021-03-21T00:00:00,2:00 PM,2,0,0,0,0,"","","",E 3RD ST,N UNION ST,"",,"",39.164261,-86.509069,LOCAL/CITY ROAD,N,URBAN,N,N,N,"",DAYLIGHT,CLEAR,DRY,"",NO JUNCTION INVOLVED,STRAIGHT/LEVEL,ASPHALT,FOLLOWING TOO CLOSELY,REAR END,THIRDSTUNIONST,NONE
2494,MONROE SD,BLOOMINGTON,2021-03-21T00:00:00,3:21 PM,1,0,2,0,0,"","","",N LOW GAP RD,"","",1000,N,0,0,LOCAL/CITY ROAD,N,RURAL,N,N,N,"",DAYLIGHT,CLEAR,DRY,"",NO JUNCTION INVOLVED,STRAIGHT/LEVEL,ASPHALT,RAN OFF ROAD RIGHT,RAN OFF ROAD,ETULIPTREETRNLOWGAPRD,NONE
2495,BLOOMINGTON PD,BLOOMINGTON,2021-03-21T00:00:00,4:54 PM,1,0,1,0,0,"",1,1,SR 45/46,I-69 N,"",,"",0,0,STATE ROAD,N,URBAN,N,N,N,"",DAYLIGHT,CLEAR,DRY,"",RAMP,STRAIGHT/LEVEL,ASPHALT,DRIVER ASLEEP OR FATIGUED,RAN OFF ROAD,SR45N,NONE
2496,MONROE SD,BLOOMINGTON,2021-03-20T00:00:00,8:24 AM,2,0,0,0,0,"","","",S WALNUT ST,W CHURCH LN,"",,"",39.107248,-86.531392,LOCAL/CITY ROAD,N,URBAN,N,N,N,"",DAWN/DUSK,CLEAR,DRY,"",FOUR-WAY INTERSECTION,STRAIGHT/LEVEL,ASPHALT,IMPROPER TURNING,RIGHT ANGLE,SOLDSTATEROAD37RDWCHURCHLN,TRAFFIC CONTROL SIGNAL
2497,BLOOMINGTON PD,BLOOMINGTON,2021-03-20T00:00:00,8:53 AM,2,0,0,0,0,"","","",N GATES DR,W ALEXANDER DR,"",,"",39.168772,-86.576428,LOCAL/CITY ROAD,N,URBAN,N,N,N,"",DAYLIGHT,CLEAR,DRY,"",FOUR-WAY INTERSECTION,STRAIGHT/LEVEL,ASPHALT,FAILURE TO YIELD RIGHT OF WAY,RIGHT ANGLE,ALEXANDERDRGATESDR,STOP SIGN
2498,BLOOMINGTON PD,BLOOMINGTON,2021-03-20T00:00:00,12:30 PM,2,0,0,0,0,"","","",N MORTON ST,"","",200,S,39.171744,-86.536,LOCAL/CITY ROAD,Y,URBAN,N,N,N,"",DARK (LIGHTED),CLEAR,DRY,"",NO JUNCTION INVOLVED,STRAIGHT/LEVEL,ASPHALT,OTHER (DRIVER) - EXPLAIN IN NARRATIVE,OTHER - EXPLAIN IN NARRATIVE,NMORTONSTW10THST,NONE
2499,INDIANA UNIV BLOOMINGTON PD,BLOOMINGTON,2021-03-20T00:00:00,12:30 PM,2,0,0,0,0,"","","",E 10TH ST,N SUNRISE DR,"",,"",39.171585,-86.512477,LOCAL/CITY ROAD,N,URBAN,N,N,N,"",DARK (LIGHTED),CLEAR,DRY,"",NO JUNCTION INVOLVED,STRAIGHT/LEVEL,CONCRETE,DRIVER DISTRACTED - EXPLAIN IN NARRATIVE,REAR END,NSUNRISEDRTENTHST,NONE
2500,BLOOMINGTON PD,BLOOMINGTON,2021-03-20T00:00:00,2:40 PM,1,0,1,0,0,"","","",S COLLEGE AVE,W 1ST ST,"",,"",39.15944,-86.53488,LOCAL/CITY ROAD,N,URBAN,N,N,N,"",DAYLIGHT,CLEAR,DRY,"",FOUR-WAY INTERSECTION,STRAIGHT/LEVEL,CONCRETE,UNSAFE SPEED,NON-COLLISION,SOUTHCOLLEGEAVEWEST1STST,TRAFFIC CONTROL SIGNAL
2501,ELLETTSVILLE PD,ELLETTSVILLE,2021-03-20T00:00:00,3:48 PM,2,0,0,0,0,"","","",SR 46,S POPLAR DR,"",50,W,39.23737378,-86.62936682,STATE ROAD,Y,RURAL,N,N,N,"",DAYLIGHT,CLEAR,DRY,"",T-INTERSECTION,STRAIGHT/GRADE,ASPHALT,FOLLOWING TOO CLOSELY,REAR END,POPLARSTSR46W,NONE
2502,BLOOMINGTON PD,BLOOMINGTON,2021-03-20T00:00:00,6:00 PM,2,0,0,0,0,"","","",E 19TH ST,N LINCOLN ST,"",50,E,39.18112,-86.530816,LOCAL/CITY ROAD,N,URBAN,N,N,N,"",DARK (NOT LIGHTED),CLEAR,DRY,"",NO JUNCTION INVOLVED,STRAIGHT/LEVEL,ASPHALT,UNSAFE BACKING,BACKING CRASH,E19THSTNLINCOLNST,NONE
2503,MONROE SD,BLOOMINGTON,2021-03-20T00:00:00,8:33 PM,1,0,0,0,1,"","","",SR 37,"","",1500,S,39.08887076,-86.54520247,STATE ROAD,N,RURAL,N,Y,N,"",DARK (NOT LIGHTED),CLEAR,DRY,"",NO JUNCTION INVOLVED,STRAIGHT/LEVEL,CONCRETE,ANIMAL/OBJECT IN ROADWAY,COLLISION WITH DEER,SR37SWDILLMANRD,NONE
2504,BLOOMINGTON PD,BLOOMINGTON,2021-03-20T00:00:00,9:55 PM,2,0,1,0,0,"","","",N WALNUT ST,E 7TH ST,"",,"",39.16864,-86.533568,LOCAL/CITY ROAD,Y,URBAN,N,N,N,"",DARK (LIGHTED),CLEAR,DRY,"",NO JUNCTION INVOLVED,STRAIGHT/GRADE,ASPHALT,FOLLOWING TOO CLOSELY,REAR END,7THSTWALNUTST,LANE CONTROL
2505,MONROE SD,BLOOMINGTON,2021-03-19T00:00:00,7:50 AM,1,0,0,0,1,"","","",SR 45,"","",2000,W,39.09640983,-86.6577342,STATE ROAD,N,RURAL,N,N,N,"",DAWN/DUSK,CLEAR,DRY,"",T-INTERSECTION,STRAIGHT/HILLCREST,ASPHALT,ANIMAL/OBJECT IN ROADWAY,COLLISION WITH DEER,HINDSRDSR45W,NONE
2506,MONROE SD,BLOOMINGTON,2021-03-19T00:00:00,7:53 AM,1,0,1,0,0,"","","",S SMITH RD,E ROGERS RD,"",1500,E,39.138766,-86.48051972,LOCAL/CITY ROAD,N,RURAL,N,N,N,"",DAYLIGHT,CLEAR,ICE,"",NO JUNCTION INVOLVED,CURVE/GRADE,ASPHALT,RAN OFF ROAD RIGHT,RAN OFF ROAD,ESADDLEBROOKLNSSMITHRD,LANE CONTROL
2507,MONROE SD,BLOOMINGTON,2021-03-19T00:00:00,10:51 AM,1,0,0,0,0,"","","",S WALNUT ST,"","",1500,N,39.25762305,-86.537935,LOCAL/CITY ROAD,N,URBAN,N,N,N,"",DAYLIGHT,CLEAR,DRY,"",T-INTERSECTION,CURVE/HILLCREST,ASPHALT,RAN OFF ROAD RIGHT,RAN OFF ROAD,SOLDST37RDSROGERSST,NONE
2508,BLOOMINGTON PD,BLOOMINGTON,2021-03-19T00:00:00,12:25 PM,2,0,2,0,0,"","","",SR 48,S LIBERTY DR,"",,"",39.164606,-86.579131,LOCAL/CITY ROAD,N,URBAN,N,N,N,"",DAYLIGHT,CLEAR,DRY,"",FOUR-WAY INTERSECTION,STRAIGHT/LEVEL,ASPHALT,DISREGARD SIGNAL/REG SIGN,LEFT TURN,SLIBERTYDRW3RDST,NONE
2509,INDIANA UNIV BLOOMINGTON PD,BLOOMINGTON,2021-03-19T00:00:00,2:04 PM,1,0,4,0,0,"","","",SR 45/46,"","",,"",0,0,STATE ROAD,N,URBAN,N,N,N,"",DAYLIGHT,CLEAR,DRY,"",NO JUNCTION INVOLVED,STRAIGHT/LEVEL,ASPHALT,UNSAFE LANE MOVEMENT,RAN OFF ROAD,NJORDANAVESR46,NONE
2510,MONROE SD,BLOOMINGTON,2021-03-19T00:00:00,3:11 PM,2,0,0,0,0,"","","",E MOFFETT LN,S HARRELL RD,"",580,W,39.099792,-86.498448,LOCAL/CITY ROAD,N,RURAL,N,N,N,"",DAYLIGHT,CLEAR,DRY,"",NO JUNCTION INVOLVED,STRAIGHT/LEVEL,CONCRETE,FAILURE TO YIELD RIGHT OF WAY,RIGHT ANGLE,EMOFFETTLNSHARRELLRD,NONE
2511,INDIANA UNIV BLOOMINGTON PD,BLOOMINGTON,2021-03-19T00:00:00,4:45 PM,2,0,0,0,0,"","","",SR 45/46,E 10TH ST,"",,"",39.171648,-86.502096,STATE ROAD,N,URBAN,N,N,N,"",DAYLIGHT,CLEAR,DRY,"",FOUR-WAY INTERSECTION,STRAIGHT/LEVEL,ASPHALT,DRIVER DISTRACTED - EXPLAIN IN NARRATIVE,REAR END,EAST10THSTSR46W,TRAFFIC CONTROL SIGNAL
2512,INDIANA UNIV BLOOMINGTON PD,BLOOMINGTON,2021-03-19T00:00:00,5:55 PM,2,0,0,0,0,"","","",S HENDERSON ST,E ATWATER AVE,"",,"",39.163149,-86.5272662,LOCAL/CITY ROAD,N,URBAN,N,N,N,"",DAYLIGHT,CLEAR,DRY,"",FOUR-WAY INTERSECTION,STRAIGHT/LEVEL,ASPHALT,DISREGARD SIGNAL/REG SIGN,RIGHT ANGLE,ATWATERAVEHENDERSONST,TRAFFIC CONTROL SIGNAL
2513,INDIANA UNIV BLOOMINGTON PD,BLOOMINGTON,2021-03-19T00:00:00,9:40 PM,2,0,0,0,0,"","","",E 17TH ST,SR 45/46,"",,"",0,0,LOCAL/CITY ROAD,N,URBAN,N,N,N,"",DARK (LIGHTED),CLEAR,DRY,"",T-INTERSECTION,STRAIGHT/LEVEL,ASPHALT,FOLLOWING TOO CLOSELY,REAR END,EAST17THSTSR46,TRAFFIC CONTROL SIGNAL
2514,BLOOMINGTON PD,BLOOMINGTON,2021-03-18T00:00:00,1:00 AM,1,0,0,0,0,"","","",W HILLSIDE DR,S COLLEGE AVE,"",,"",39.150544,-86.534688,LOCAL/CITY ROAD,N,URBAN,N,N,N,"",DARK (NOT LIGHTED),RAIN,WET,"",FOUR-WAY INTERSECTION,STRAIGHT/LEVEL,ASPHALT,RAN OFF ROAD RIGHT,RAN OFF ROAD,COLLEGEAVEHILLSIDEDR,NONE
2515,INDIANA UNIV BLOOMINGTON PD,BLOOMINGTON,2021-03-18T00:00:00,3:15 AM,1,0,1,0,0,1492,"","",SR 45/46,"","",,"",39.18372987,-86.51236722,STATE ROAD,Y,URBAN,N,N,N,"",DARK (NOT LIGHTED),RAIN,WET,"",NO JUNCTION INVOLVED,STRAIGHT/LEVEL,ASPHALT,RAN OFF ROAD RIGHT,RAN OFF ROAD,SR46,NONE
2516,MONROE SD,BLOOMINGTON,2021-03-18T00:00:00,6:26 AM,1,0,1,0,0,"","","",I-69 N,"","",200,S,0,0,INTERSTATE,N,RURAL,N,N,N,"",DARK (NOT LIGHTED),RAIN,WATER (STANDING OR MOVING),"",NO JUNCTION INVOLVED,CURVE/GRADE,ASPHALT,RAN OFF ROAD RIGHT,RAN OFF ROAD,I69N130.5,NONE
2517,BLOOMINGTON PD,BLOOMINGTON,2021-03-18T00:00:00,10:21 AM,2,0,0,0,0,"","","",W 11TH ST,N MORTON ST,"",,"",39.173216,-86.536,LOCAL/CITY ROAD,N,URBAN,Y,N,N,"",DAYLIGHT,CLEAR,DRY,"",FOUR-WAY INTERSECTION,STRAIGHT/LEVEL,ASPHALT,FAILURE TO YIELD RIGHT OF WAY,RIGHT ANGLE,11THSTNMORTONST,STOP SIGN
2518,MONROE SD,BLOOMINGTON,2021-03-18T00:00:00,2:09 PM,1,0,1,0,0,"","","",E LAMPKINS RIDGE RD,S FRIENDSHIP RD,"",,"",39.143056,-86.406096,LOCAL/CITY ROAD,N,RURAL,N,N,N,"",DAYLIGHT,RAIN,WET,"",T-INTERSECTION,STRAIGHT/GRADE,GRAVEL,RAN OFF ROAD RIGHT,RAN OFF ROAD,ELAMPKINSRIDGERDSFRIENDSHIPRD,NONE
2519,BLOOMINGTON PD,BLOOMINGTON,2021-03-18T00:00:00,5:13 PM,1,0,0,0,0,"","","",SR 45/46,N WALNUT ST,"",,"",39.186368,-86.5344,LOCAL/CITY ROAD,N,URBAN,N,N,N,"",DAYLIGHT,RAIN,WET,"",FOUR-WAY INTERSECTION,STRAIGHT/LEVEL,ASPHALT,IMPROPER TURNING,COLLISION WITH OBJECT IN ROAD,NSTATEROAD4546HWYNWALNUTST,TRAFFIC CONTROL SIGNAL
2520,MONROE SD,BLOOMINGTON,2021-03-18T00:00:00,5:17 PM,1,0,0,0,0,"","","",SR 45,W JOHN WILLIAMS LN,"",200,N,0,0,STATE ROAD,N,RURAL,N,Y,N,"",DAYLIGHT,RAIN,WET,"",NO JUNCTION INVOLVED,CURVE/GRADE,ASPHALT,SPEED TOO FAST FOR WEATHER CONDITIONS,RAN OFF ROAD,JOHNWILLIAMSLNSR45W,NONE
2521,BLOOMINGTON PD,BLOOMINGTON,2021-03-18T00:00:00,5:52 PM,2,0,0,0,0,"","","",SR 46,S SMITH RD,"",,"",39.16424,-86.480688,LOCAL/CITY ROAD,N,URBAN,N,N,N,"",DAYLIGHT,RAIN,WET,"",FOUR-WAY INTERSECTION,STRAIGHT/LEVEL,ASPHALT,FOLLOWING TOO CLOSELY,REAR END,ETHIRDSTNSMITHRD,TRAFFIC CONTROL SIGNAL
2522,BLOOMINGTON PD,BLOOMINGTON,2021-03-18T00:00:00,10:52 PM,3,0,0,0,0,510,"","",S MULLER PKWY,"","",,"",39.1601085,-86.5680892,UNKNOWN,Y,URBAN,N,N,N,"",DARK (NOT LIGHTED),RAIN,WET,"",NO JUNCTION INVOLVED,STRAIGHT/LEVEL,ASPHALT,OTHER (DRIVER) - EXPLAIN IN NARRATIVE,RIGHT ANGLE,SMULLERPKWY,NONE
2523,ISP BLOOMINGTON 33,BLOOMINGTON,2021-03-17T00:00:00,2:30 AM,1,,0,0,0,7190,"","",SR 45,"","",581,"",39.1148964,-86.63182496,STATE ROAD,"",RURAL,N,N,N,"",DARK (NOT LIGHTED),FOG/SMOKE/SMOG,DRY,"",NO JUNCTION INVOLVED,"",ASPHALT,"",RAN OFF ROAD,WStateRd45DinsmoreRoad,""