_id,Agency,City,Collision Date,Collision Time,Vehicles Involved,Trailers Involved,Number Injured,Number Dead,Number Deer,House Number,Roadway Interchange,Roadway Ramp,Roadway Id,Intersecting Road,Interchange,Feet From,Direction,Latitude,Longitude,Roadway Class,Hit and Run?,Locality,School Zone?,Rumble Strips?,Construction?,Construction Type,Light Condition,Weather Conditions,Surface Condition,Type of Median,Roadway Junction Type,Road Character,Roadway Surface,Primary Factor,Manner of Collision,Unique Location Id,Traffic Control
2524,INDIANA UNIV BLOOMINGTON PD,BLOOMINGTON,2021-03-17T00:00:00,10:30 AM,2,0,0,0,0,"","","",E 3RD ST,S INDIANA AVE,"",,"",39.164287,-86.526904,LOCAL/CITY ROAD,Y,URBAN,N,N,N,"",DAYLIGHT,CLEAR,DRY,"",T-INTERSECTION,STRAIGHT/LEVEL,ASPHALT,FAILURE TO YIELD RIGHT OF WAY,RIGHT ANGLE,HENDERSONSTTHIRDST,STOP SIGN
2525,MONROE SD,BLOOMINGTON,2021-03-17T00:00:00,3:51 PM,2,0,1,0,0,"","","",SR 446,ENTRANCE TO CUTRIGHT STATE RECREATION AREA,"",1200,N,39.06447718,-86.41458729,STATE ROAD,N,RURAL,N,Y,N,"",DAYLIGHT,CLOUDY,DRY,"",NO JUNCTION INVOLVED,STRAIGHT/LEVEL,ASPHALT,IMPROPER PASSING,LEFT TURN,EWALDRIPCREEKRDSR446S,NONE
2526,ELLETTSVILLE PD,ELLETTSVILLE,2021-03-17T00:00:00,6:50 PM,2,0,1,0,0,"","","",SR 46,N LAKEVIEW DR,"",,"",39.221152,-86.6056,STATE ROAD,N,URBAN,N,N,N,"",DAWN/DUSK,CLOUDY,WET,"",T-INTERSECTION,STRAIGHT/LEVEL,ASPHALT,OTHER (DRIVER) - EXPLAIN IN NARRATIVE,LEFT TURN,NORTHLAKEVIEWDRSR46W,LANE CONTROL
2527,BLOOMINGTON PD,BLOOMINGTON,2021-03-17T00:00:00,7:39 PM,3,0,2,0,0,"","","",SR 45/46,N DUNN ST,"",,"",39.186352,-86.528496,STATE ROAD,N,URBAN,N,N,N,"",DAWN/DUSK,CLEAR,WET,"",FOUR-WAY INTERSECTION,STRAIGHT/LEVEL,ASPHALT,DISREGARD SIGNAL/REG SIGN,RIGHT ANGLE,NDUNNSTSR4546E,TRAFFIC CONTROL SIGNAL
2528,INDIANA UNIV BLOOMINGTON PD,BLOOMINGTON,2021-03-17T00:00:00,8:25 PM,2,0,1,0,0,"","","",E LAW LN,N FEE LN,"",,"",39.173984,-86.518919,LOCAL/CITY ROAD,N,URBAN,N,N,N,"",DARK (LIGHTED),RAIN,WET,"",T-INTERSECTION,STRAIGHT/GRADE,ASPHALT,FOLLOWING TOO CLOSELY,REAR END,ELAWLNFEELN,NONE
2529,BLOOMINGTON PD,BLOOMINGTON,2021-03-17T00:00:00,8:50 PM,2,0,0,0,0,"","","",N WALNUT ST,W 8TH ST,"",,"",39.169552,-86.533552,LOCAL/CITY ROAD,N,URBAN,N,N,N,"",DARK (LIGHTED),CLOUDY,WET,"",FOUR-WAY INTERSECTION,STRAIGHT/LEVEL,ASPHALT,FAILURE TO YIELD RIGHT OF WAY,RIGHT ANGLE,8THSTWALNUTST,STOP SIGN
2530,BLOOMINGTON PD,BLOOMINGTON,2021-03-17T00:00:00,10:41 PM,2,0,2,0,0,"","","",SR 45/46,N KINSER PIKE,"",,"",39.186544,-86.537888,STATE ROAD,N,URBAN,N,N,N,"",DARK (LIGHTED),CLEAR,DRY,"",FOUR-WAY INTERSECTION,STRAIGHT/GRADE,ASPHALT,FAILURE TO YIELD RIGHT OF WAY,LEFT TURN,NKINSERPIKESR45W,TRAFFIC CONTROL SIGNAL
2531,BLOOMINGTON PD,BLOOMINGTON,2021-03-16T00:00:00,11:15 AM,2,0,0,0,0,1414,"","",W 12TH ST,N ILLINOIS ST,"",50,W,39.174352,-86.5504,"",Y,URBAN,N,N,N,"",DAYLIGHT,CLOUDY,"","",NO JUNCTION INVOLVED,STRAIGHT/LEVEL,ASPHALT,UNSAFE LANE MOVEMENT,SAME DIRECTION SIDESWIPE,NILLINOISSTW12THST,NONE
2532,MONROE SD,ELLETTSVILLE,2021-03-16T00:00:00,4:21 PM,2,0,0,0,0,4610,"","",W RICHLAND PLAZA DR,"","",,"",39.21473027,-86.59350405,LOCAL/CITY ROAD,N,URBAN,N,N,N,"",DAYLIGHT,CLEAR,DRY,"",T-INTERSECTION,CURVE/GRADE,ASPHALT,FAILURE TO YIELD RIGHT OF WAY,LEFT TURN,WRICHLANDPLAZADR,NONE
2533,MONROE SD,BLOOMINGTON,2021-03-16T00:00:00,4:31 PM,2,0,0,0,0,"","","",SR 46,W ARLINGTON RD,"",,"",39.207648,-86.573792,STATE ROAD,N,RURAL,N,N,N,"",DAYLIGHT,CLEAR,DRY,"",FOUR-WAY INTERSECTION,STRAIGHT/LEVEL,ASPHALT,FOLLOWING TOO CLOSELY,REAR END,SR46WWARLINGTONRD,TRAFFIC CONTROL SIGNAL
2534,INDIANA UNIV BLOOMINGTON PD,BLOOMINGTON,2021-03-16T00:00:00,5:00 PM,4,0,0,0,0,"","","",E 17TH ST,N FEE LN,"",,"",39.179061,-86.51897,"",Y,URBAN,N,N,N,"",DAYLIGHT,CLEAR,DRY,"",NO JUNCTION INVOLVED,CURVE/LEVEL,CONCRETE,FOLLOWING TOO CLOSELY,REAR END,EAST17THSTFEELN,NONE
2535,ELLETTSVILLE PD,ELLETTSVILLE,2021-03-16T00:00:00,7:04 PM,2,0,0,0,0,"","","",S SALE ST,SR 46 (S),"",,"",39.23384,-86.624704,LOCAL/CITY ROAD,N,URBAN,N,N,N,"",DAYLIGHT,CLEAR,DRY,"",FOUR-WAY INTERSECTION,STRAIGHT/LEVEL,CONCRETE,IMPROPER TURNING,LEFT TURN,SALESTTEMPERANCEST,TRAFFIC CONTROL SIGNAL
2536,ISP BLOOMINGTON 33,BLOOMINGTON,2021-03-15T00:00:00,7:20 AM,3,,0,0,0,"",99F,117A,I-69 N,W BLOOMFIELD RD,"",950,W,39.14902144,-86.57077379,INTERSTATE,"",URBAN,N,N,N,"",DARK (LIGHTED),CLEAR,DRY,"",RAMP,"",ASPHALT,UNSAFE SPEED,REAR END,SR37SBasswoodDr,""
2537,ELLETTSVILLE PD,ELLETTSVILLE,2021-03-15T00:00:00,9:40 AM,3,0,0,0,0,"","","",N UNION VALLEY RD,SR 46,"",,"",39.21273147,-86.58914134,COUNTY ROAD,N,URBAN,N,N,N,"",DAYLIGHT,CLOUDY,WET,"",FOUR-WAY INTERSECTION,STRAIGHT/LEVEL,ASPHALT,SPEED TOO FAST FOR WEATHER CONDITIONS,REAR END,46WHWYUNIONVALLEYRD,NONE
2538,BLOOMINGTON PD,BLOOMINGTON,2021-03-15T00:00:00,12:17 PM,1,0,0,0,0,"","","",S PATTERSON DR,W 2ND ST,"",200,N,39.1818838,-86.548536,LOCAL/CITY ROAD,N,URBAN,N,N,N,"",DAYLIGHT,RAIN,WET,"",FOUR-WAY INTERSECTION,STRAIGHT/LEVEL,ASPHALT,RAN OFF ROAD RIGHT,RAN OFF ROAD,SPATTERSONDRW2NDST,NONE
2539,INDIANA UNIV BLOOMINGTON PD,BLOOMINGTON,2021-03-15T00:00:00,4:45 PM,2,0,0,0,0,"","","",E 10TH ST,N SUNRISE DR,"",,"",39.171585,-86.512477,LOCAL/CITY ROAD,N,URBAN,N,N,N,"",DAYLIGHT,CLOUDY,DRY,"",NO JUNCTION INVOLVED,STRAIGHT/LEVEL,ASPHALT,FAILURE TO YIELD RIGHT OF WAY,LEFT TURN,EASTTENTHSTNSUNRISEDR,TRAFFIC CONTROL SIGNAL
2540,MONROE SD,BLOOMINGTON,2021-03-15T00:00:00,4:49 PM,1,0,0,0,0,"","","",S ROCKPORT RD,S LODGE RD,"",300,N,39.07904,-86.594,LOCAL/CITY ROAD,N,RURAL,N,N,N,"",DAYLIGHT,CLOUDY,LOOSE MATERIAL ON ROAD,"",NO JUNCTION INVOLVED,CURVE/GRADE,ASPHALT,RAN OFF ROAD RIGHT,RAN OFF ROAD,SLODGERDSROCKPORTRD,NONE
2541,BLOOMINGTON PD,BLOOMINGTON,2021-03-14T00:00:00,8:00 PM,2,0,0,0,0,"","","",E ATWATER AVE,S MITCHELL ST,"",,"",39.163055,-86.514192,LOCAL/CITY ROAD,N,URBAN,N,N,N,"",DARK (LIGHTED),CLEAR,DRY,"",FOUR-WAY INTERSECTION,STRAIGHT/LEVEL,ASPHALT,FAILURE TO YIELD RIGHT OF WAY,RIGHT ANGLE,EASTATWATERAVESOUTHMITCHELLAVE,STOP SIGN
2542,INDIANA UNIV BLOOMINGTON PD,BLOOMINGTON,2021-03-13T00:00:00,3:48 PM,2,0,1,0,0,"","","",E ATWATER AVE,S FESS AVE,"",,"",39.163132,-86.525907,LOCAL/CITY ROAD,N,URBAN,N,N,N,"",DAYLIGHT,CLEAR,DRY,"",FOUR-WAY INTERSECTION,STRAIGHT/LEVEL,ASPHALT,DISREGARD SIGNAL/REG SIGN,OTHER - EXPLAIN IN NARRATIVE,ATWATERAVEFESSAVE,STOP SIGN
2543,MONROE SD,BLOOMINGTON,2021-03-13T00:00:00,8:49 PM,1,0,0,0,0,3439,"","",E WILL SOWDERS RD,"","",,"",39.060434,-86.489986,LOCAL/CITY ROAD,N,RURAL,N,N,N,"",DARK (NOT LIGHTED),CLEAR,DRY,"",NO JUNCTION INVOLVED,STRAIGHT/LEVEL,ASPHALT,RAN OFF ROAD RIGHT,RAN OFF ROAD,EWILLSOWDERSRD,NONE
2544,BLOOMINGTON PD,BLOOMINGTON,2021-03-13T00:00:00,11:40 PM,2,0,0,0,0,"","","",N COLLEGE AVE,W 17TH ST,"",,"",39.17896,-86.53472,LOCAL/CITY ROAD,N,URBAN,N,N,N,"",DARK (LIGHTED),CLEAR,DRY,"",FOUR-WAY INTERSECTION,STRAIGHT/GRADE,ASPHALT,UNSAFE LANE MOVEMENT,SAME DIRECTION SIDESWIPE,NCOLLEGEAVEW17THST,TRAFFIC CONTROL SIGNAL
2545,BLOOMINGTON PD,BLOOMINGTON,2021-03-12T00:00:00,10:10 AM,2,0,0,0,0,"","","",SR 45,S LEONARD SPRINGS RD,"",,"",39.142048,-86.582592,STATE ROAD,N,URBAN,N,N,N,"",DAYLIGHT,CLEAR,DRY,"",FOUR-WAY INTERSECTION,CURVE/GRADE,ASPHALT,DISREGARD SIGNAL/REG SIGN,RIGHT ANGLE,LEONARDSPRINGSRDSR45W,TRAFFIC CONTROL SIGNAL
2546,BLOOMINGTON PD,BLOOMINGTON,2021-03-12T00:00:00,1:30 PM,2,0,0,0,0,"","","",N GATES DR,W RUNKLE WAY,"",100,S,39.15577309,-86.575982,LOCAL/CITY ROAD,N,URBAN,N,N,N,"",DAYLIGHT,CLEAR,DRY,"",T-INTERSECTION,STRAIGHT/LEVEL,ASPHALT,FOLLOWING TOO CLOSELY,REAR END,RUNKLEWAYSGATESDR,NONE
2547,MONROE SD,BLOOMINGTON,2021-03-12T00:00:00,3:06 PM,1,0,0,0,1,"","","",E BETHEL LN,E FAIRWOOD DR,"",1780,E,39.215354,-86.519077,LOCAL/CITY ROAD,N,RURAL,N,N,N,"",DAYLIGHT,CLEAR,DRY,"",NO JUNCTION INVOLVED,STRAIGHT/GRADE,CONCRETE,ANIMAL/OBJECT IN ROADWAY,COLLISION WITH DEER,EBETHELLNNCHRISTINALN,NONE
2548,MONROE SD,BLOOMINGTON,2021-03-12T00:00:00,4:50 PM,2,0,0,0,0,"","","",S CURRY PIKE,W BELLE AVE,"",,"",39.163552,-86.582896,LOCAL/CITY ROAD,N,URBAN,N,N,N,"",DAYLIGHT,CLEAR,DRY,"",T-INTERSECTION,STRAIGHT/GRADE,ASPHALT,IMPROPER LANE USAGE,SAME DIRECTION SIDESWIPE,BELLEAVECURRYPIKE,NONE
2549,BLOOMINGTON PD,BLOOMINGTON,2021-03-12T00:00:00,7:33 PM,2,0,0,0,0,"","","",W 17TH ST,N COLLEGE AVE,"",,"",39.17896,-86.53472,LOCAL/CITY ROAD,N,URBAN,N,N,N,"",DARK (LIGHTED),CLEAR,DRY,"",FOUR-WAY INTERSECTION,STRAIGHT/LEVEL,CONCRETE,FAILURE TO YIELD RIGHT OF WAY,RIGHT ANGLE,NCOLLEGEAVEW17THST,TRAFFIC CONTROL SIGNAL
2550,INDIANA UNIV BLOOMINGTON PD,BLOOMINGTON,2021-03-12T00:00:00,7:37 PM,2,0,0,0,0,"","","",W 17TH ST,N COLLEGE AVE,"",,"",0,0,LOCAL/CITY ROAD,N,URBAN,N,N,N,"",DARK (LIGHTED),CLEAR,DRY,"",T-INTERSECTION,STRAIGHT/GRADE,CONCRETE,DRIVER DISTRACTED - EXPLAIN IN NARRATIVE,REAR END,COLLEGEAVEEAST17THST,STOP SIGN
2551,MONROE SD,BLOOMINGTON,2021-03-12T00:00:00,8:19 PM,1,0,0,0,0,"","","",S RAYLE PL,W TAPP RD,"",,"",39.13704,-86.577504,LOCAL/CITY ROAD,N,URBAN,N,N,N,"",DARK (NOT LIGHTED),CLEAR,DRY,"",T-INTERSECTION,STRAIGHT/LEVEL,ASPHALT,OTHER (ENVIRONMENTAL) - EXPLAIN IN NARR,COLLISION WITH OBJECT IN ROAD,RAYLEPLWTAPPRD,LANE CONTROL
2552,MONROE SD,BLOOMINGTON,2021-03-11T00:00:00,5:49 AM,2,0,0,0,0,"","","",W COFFEY LN,"","",800,W,39.2065,-86.58661173,LOCAL/CITY ROAD,N,URBAN,N,N,N,"",DARK (NOT LIGHTED),CLEAR,DRY,"",NO JUNCTION INVOLVED,STRAIGHT/LEVEL,ASPHALT,DRIVER ILLNESS,REAR END,COFFEYLNJINNILYNNCT,NONE
2553,ISP BLOOMINGTON 33,BLOOMINGTON,2021-03-11T00:00:00,12:35 PM,1,,0,0,0,"",103,F,I-69 N,SR 45/46,"",739,N,39.18840695,-86.55430502,INTERSTATE,"",RURAL,N,N,N,"",DAYLIGHT,CLOUDY,WET,"",RAMP,"",ASPHALT,"",RAN OFF ROAD,SR37,""
2554,BLOOMINGTON PD,BLOOMINGTON,2021-03-11T00:00:00,2:29 PM,2,0,0,0,0,"","","",E 3RD ST,S LINCOLN ST,"",100,E,39.16464,-86.531024,LOCAL/CITY ROAD,N,URBAN,N,N,N,"",DAYLIGHT,CLOUDY,WET,"",NO JUNCTION INVOLVED,STRAIGHT/GRADE,ASPHALT,FOLLOWING TOO CLOSELY,REAR END,E3RDSTSLINCOLNST,LANE CONTROL
2555,MONROE SD,BLOOMINGTON,2021-03-11T00:00:00,5:00 PM,1,0,0,0,0,"","","",N BUSKIRK RD,"","",1000,N,39.41575597,-86.552475,LOCAL/CITY ROAD,N,RURAL,N,N,N,"",DAYLIGHT,RAIN,WET,"",NO JUNCTION INVOLVED,CURVE/GRADE,ASPHALT,RAN OFF ROAD RIGHT,RAN OFF ROAD,NBUSKIRKRDWFRYRD,NONE
2556,BLOOMINGTON PD,BLOOMINGTON,2021-03-10T00:00:00,6:30 AM,2,0,3,0,0,"","","",SR 45/46,N KINSER PIKE,"",,"",39.186544,-86.537888,STATE ROAD,N,URBAN,N,N,N,"",DARK (LIGHTED),CLEAR,DRY,"",FOUR-WAY INTERSECTION,STRAIGHT/LEVEL,ASPHALT,DISREGARD SIGNAL/REG SIGN,RIGHT ANGLE,NKINSERPIKESR46W,TRAFFIC CONTROL SIGNAL
2557,BLOOMINGTON PD,BLOOMINGTON,2021-03-10T00:00:00,12:49 PM,2,0,0,0,0,"","","",N WASHINGTON ST,"","",100,N,39.16664,-86.5324,LOCAL/CITY ROAD,Y,URBAN,N,N,N,"",DAYLIGHT,CLEAR,DRY,"",NO JUNCTION INVOLVED,STRAIGHT/LEVEL,ASPHALT,UNSAFE BACKING,BACKING CRASH,KIRKWOODAVENORTHWASHINGTONST,NONE
2558,BLOOMINGTON PD,BLOOMINGTON,2021-03-10T00:00:00,6:04 PM,1,0,0,0,0,"","","",N WALNUT ST,SR 45/46,"",,"",39.186368,-86.5344,LOCAL/CITY ROAD,N,URBAN,N,N,N,"",DAYLIGHT,CLEAR,DRY,"",FOUR-WAY INTERSECTION,STRAIGHT/LEVEL,ASPHALT,OVERSIZE/OVERWEIGHT LOAD,NON-COLLISION,NWALNUTSTWSTATEROAD4546BYP,TRAFFIC CONTROL SIGNAL
2559,ISP BLOOMINGTON 33,BLOOMINGTON,2021-03-10T00:00:00,8:15 PM,2,,2,0,0,"","","",SR 45,"","",0,"",39.13060862,-86.60238528,STATE ROAD,"",RURAL,N,N,N,"",DARK (NOT LIGHTED),CLEAR,DRY,"",T-INTERSECTION,"",ASPHALT,ANIMAL/OBJECT IN ROADWAY,COLLISION WITH OBJECT IN ROAD,WStateRd45BruceLn,""
2560,ELLETTSVILLE PD,ELLETTSVILLE,2021-03-10T00:00:00,8:27 PM,1,0,0,0,1,"","","",W REEVES RD,W GILMORE RD,"",,"",,,COUNTY ROAD,N,URBAN,Y,N,N,"",DARK (LIGHTED),CLEAR,DRY,"",NO JUNCTION INVOLVED,STRAIGHT/LEVEL,ASPHALT,ANIMAL/OBJECT IN ROADWAY,COLLISION WITH DEER,GILMORERDREEVERD,NONE
2561,MONROE SD,BLOOMINGTON,2021-03-10T00:00:00,9:13 PM,1,0,0,0,0,"","","",E MONROE DAM RD,S FOGGY MORNING RD,"",,"",39.02366323,-86.53055279,LOCAL/CITY ROAD,N,RURAL,N,N,N,"",DARK (NOT LIGHTED),CLEAR,DRY,"",NO JUNCTION INVOLVED,STRAIGHT/LEVEL,ASPHALT,RAN OFF ROAD RIGHT,RAN OFF ROAD,MONROELAKERDSFOGGYMORNINGRD,NONE
2562,MONROE SD,BLOOMINGTON,2021-03-09T00:00:00,1:51 AM,1,0,0,0,1,"","","",SR 45,N YOUNG CEMETERY RD,"",1000,E,39.23079564,-86.42847466,STATE ROAD,N,RURAL,N,N,N,"",DARK (NOT LIGHTED),CLEAR,DRY,"",T-INTERSECTION,CURVE/HILLCREST,ASPHALT,ANIMAL/OBJECT IN ROADWAY,COLLISION WITH DEER,SR45ETUNNELRD,NONE
2563,INDIANA UNIV BLOOMINGTON PD,BLOOMINGTON,2021-03-09T00:00:00,11:15 AM,1,0,0,0,0,101,"","",MUSICAL ARTS CENTER CIRCLE,"","",,"",,,UNKNOWN,N,URBAN,N,N,N,"",DAYLIGHT,CLEAR,DRY,"",NO JUNCTION INVOLVED,CURVE/LEVEL,ASPHALT,OTHER (DRIVER) - EXPLAIN IN NARRATIVE,OTHER - EXPLAIN IN NARRATIVE,NJORDANAVE,NONE
2564,BLOOMINGTON PD,BLOOMINGTON,2021-03-09T00:00:00,1:05 PM,4,0,5,0,0,"","","",E WINSLOW RD,S HENDERSON ST,"",100,W,39.136144,-86.5268,LOCAL/CITY ROAD,N,URBAN,N,N,N,"",DAYLIGHT,CLEAR,DRY,"",NO JUNCTION INVOLVED,STRAIGHT/LEVEL,ASPHALT,FOLLOWING TOO CLOSELY,REAR END,EWINSLOWRDSHENDERSONST,TRAFFIC CONTROL SIGNAL
2565,INDIANA UNIV BLOOMINGTON PD,BLOOMINGTON,2021-03-09T00:00:00,1:29 PM,2,0,0,0,0,"","","",N INDIANA AVE,E KIRKWOOD AVE,"",,"",,,LOCAL/CITY ROAD,N,URBAN,N,N,N,"",DAYLIGHT,CLEAR,DRY,"",NO JUNCTION INVOLVED,STRAIGHT/LEVEL,ASPHALT,UNSAFE LANE MOVEMENT,LEFT TURN,INDIANAAVEKIRKWOODAVE,NONE
2566,ISP BLOOMINGTON 33,BLOOMINGTON,2021-03-09T00:00:00,2:05 PM,2,,0,0,0,"","","",I-69 N,"","",1003,S,39.12875864,-86.57290883,INTERSTATE,"",URBAN,N,N,N,"",DAYLIGHT,CLEAR,DRY,"",NO JUNCTION INVOLVED,"",ASPHALT,"",SAME DIRECTION SIDESWIPE,SYonkersStI-69,""
2567,BLOOMINGTON PD,BLOOMINGTON,2021-03-09T00:00:00,2:47 PM,3,0,1,0,0,"","","",SR 46,E EASTGATE LN (N),"",150,N,,,LOCAL/CITY ROAD,N,URBAN,N,N,N,"",DAYLIGHT,CLEAR,DRY,"",T-INTERSECTION,STRAIGHT/LEVEL,ASPHALT,FOLLOWING TOO CLOSELY,REAR END,EEASTGATELNNSTATEROAD46HWY,NONE
2568,BLOOMINGTON PD,BLOOMINGTON,2021-03-09T00:00:00,3:28 PM,2,0,0,0,0,"","",Y,W 3RD ST,I-69 S,"",,"",,,LOCAL/CITY ROAD,N,URBAN,N,N,N,"",DAYLIGHT,CLEAR,DRY,"",NO JUNCTION INVOLVED,STRAIGHT/GRADE,ASPHALT,FAILURE TO YIELD RIGHT OF WAY,SAME DIRECTION SIDESWIPE,I69SEXITRPW3RDST,NONE
2569,BLOOMINGTON PD,BLOOMINGTON,2021-03-09T00:00:00,4:09 PM,2,0,0,0,0,"","","",SR 48,W 3RD ST (ENTRANCE TO WHITEHALL CROSSING),"",175,W,,,LOCAL/CITY ROAD,N,URBAN,N,N,N,"",DAYLIGHT,CLEAR,DRY,"",FOUR-WAY INTERSECTION,STRAIGHT/LEVEL,ASPHALT,IMPROPER TURNING,RIGHT ANGLE,NGATESDRW3RDST,YIELD SIGN
2570,ELLETTSVILLE PD,ELLETTSVILLE,2021-03-09T00:00:00,5:10 PM,2,0,0,0,0,"","","",SR 46,N SALE ST (N),"",,"",,,STATE ROAD,N,URBAN,N,N,N,"",DAYLIGHT,CLEAR,DRY,"",FOUR-WAY INTERSECTION,STRAIGHT/LEVEL,ASPHALT,FOLLOWING TOO CLOSELY,REAR END,SALESTSR46W,TRAFFIC CONTROL SIGNAL
2571,MONROE SD,BLOOMINGTON,2021-03-09T00:00:00,6:29 PM,1,0,0,0,0,"","","",S FAIRFAX RD,E MARIE LN,"",350,S,39.06873912,-86.52248,LOCAL/CITY ROAD,N,RURAL,N,N,N,"",DAYLIGHT,CLEAR,DRY,"",NO JUNCTION INVOLVED,STRAIGHT/GRADE,CONCRETE,OTHER (DRIVER) - EXPLAIN IN NARRATIVE,RAN OFF ROAD,EMARIELNSFAIRFAXRD,NONE
2572,BLOOMINGTON PD,BLOOMINGTON,2021-03-09T00:00:00,8:04 PM,2,0,1,0,0,"","","",SR 45/46,N KINSER PIKE,"",,"",39.186544,-86.537888,STATE ROAD,N,URBAN,N,Y,N,"",DARK (LIGHTED),CLEAR,DRY,"",FOUR-WAY INTERSECTION,STRAIGHT/LEVEL,ASPHALT,FAILURE TO YIELD RIGHT OF WAY,RIGHT ANGLE,NKINSERPIKESR46W,TRAFFIC CONTROL SIGNAL
2573,BLOOMINGTON PD,BLOOMINGTON,2021-03-09T00:00:00,8:30 PM,3,0,0,0,0,"","","",S PATTERSON DR,W 2ND ST,"",,"",39.160737,-86.548536,LOCAL/CITY ROAD,N,URBAN,N,N,N,"",DARK (LIGHTED),CLEAR,DRY,"",NO JUNCTION INVOLVED,STRAIGHT/LEVEL,ASPHALT,FOLLOWING TOO CLOSELY,REAR END,SPATTERSONDRW2NDST,TRAFFIC CONTROL SIGNAL
2574,INDIANA UNIV BLOOMINGTON PD,BLOOMINGTON,2021-03-08T00:00:00,3:58 PM,2,0,0,0,0,"","","",N JORDAN AVE,"","",200,S,,,LOCAL/CITY ROAD,N,URBAN,N,N,N,"",DAYLIGHT,CLEAR,DRY,"",NO JUNCTION INVOLVED,STRAIGHT/LEVEL,ASPHALT,FOLLOWING TOO CLOSELY,REAR END,7THSTJORDANAVE,NONE
2575,BLOOMINGTON PD,BLOOMINGTON,2021-03-08T00:00:00,5:46 PM,2,0,1,0,0,"","","",E 10TH ST,N GRANT ST,"",,"",39.171696,-86.529696,LOCAL/CITY ROAD,N,URBAN,N,N,N,"",DAYLIGHT,CLEAR,DRY,"",NO JUNCTION INVOLVED,STRAIGHT/LEVEL,ASPHALT,FAILURE TO YIELD RIGHT OF WAY,LEFT TURN,E10THSTNGRANTST,NONE
2576,BLOOMINGTON PD,BLOOMINGTON,2021-03-08T00:00:00,8:40 PM,2,0,0,0,0,"","","",S ROGERS ST,W PATTERSON DR,"",,"",,,LOCAL/CITY ROAD,Y,URBAN,N,N,N,"",DARK (NOT LIGHTED),CLEAR,DRY,"",FOUR-WAY INTERSECTION,STRAIGHT/LEVEL,ASPHALT,FOLLOWING TOO CLOSELY,REAR END,SOUTHROGERSSTWESTPATTERSONDR,TRAFFIC CONTROL SIGNAL
2577,BLOOMINGTON PD,BLOOMINGTON,2021-03-08T00:00:00,9:55 PM,2,0,0,0,0,"","","",N ROGERS ST,W 11TH ST,"",75,N,39.173184,-86.538528,LOCAL/CITY ROAD,Y,URBAN,N,N,N,"",DAWN/DUSK,CLEAR,DRY,"",FOUR-WAY INTERSECTION,STRAIGHT/GRADE,ASPHALT,DRIVER DISTRACTED - EXPLAIN IN NARRATIVE,RAN OFF ROAD,NROGERSSTW11THST,STOP SIGN
2578,MONROE SD,BLOOMINGTON,2021-03-07T00:00:00,5:19 AM,1,0,0,0,0,"","","",W OLD SR 37,E WHISNAND RD,"",100,N,,,LOCAL/CITY ROAD,N,RURAL,N,N,N,"",DARK (NOT LIGHTED),CLEAR,DRY,"",T-INTERSECTION,STRAIGHT/LEVEL,ASPHALT,ANIMAL/OBJECT IN ROADWAY,RAN OFF ROAD,NWHISNANDRDOLDSTATEROAD37NRD,LANE CONTROL
2579,BLOOMINGTON PD,BLOOMINGTON,2021-03-07T00:00:00,1:31 PM,2,0,2,0,0,"","","",W 17TH ST,N KINSER PIKE,"",,"",39.178992,-86.537792,LOCAL/CITY ROAD,N,URBAN,N,N,N,"",DAYLIGHT,CLEAR,DRY,"",FOUR-WAY INTERSECTION,STRAIGHT/GRADE,CONCRETE,DISREGARD SIGNAL/REG SIGN,RIGHT ANGLE,NKINSERPIKEW17THST,TRAFFIC CONTROL SIGNAL
2580,INDIANA UNIV BLOOMINGTON PD,BLOOMINGTON,2021-03-07T00:00:00,5:50 PM,1,0,1,0,0,"","","",N WALNUT GROVE ST,E 17TH ST,"",,"",,,LOCAL/CITY ROAD,N,URBAN,N,N,N,"",DAYLIGHT,CLEAR,DRY,"",FOUR-WAY INTERSECTION,STRAIGHT/LEVEL,ASPHALT,FAILURE TO YIELD RIGHT OF WAY,LEFT/RIGHT TURN,EAST17THSTWALNUTGROVEST,LANE CONTROL
2581,BLOOMINGTON PD,BLOOMINGTON,2021-03-06T00:00:00,2:10 PM,2,0,0,0,0,"","","",N WALNUT ST,W 9TH ST,"",,"",39.170544,-86.533536,LOCAL/CITY ROAD,N,URBAN,N,N,N,"",DAYLIGHT,CLEAR,DRY,"",FOUR-WAY INTERSECTION,STRAIGHT/LEVEL,ASPHALT,FAILURE TO YIELD RIGHT OF WAY,SAME DIRECTION SIDESWIPE,NORTHWALNUTSTWEST9THST,LANE CONTROL
2582,BLOOMINGTON PD,BLOOMINGTON,2021-03-06T00:00:00,6:36 PM,2,0,0,0,0,"","","",S ROGERS ST,W HAYS CT,"",,"",,,LOCAL/CITY ROAD,N,URBAN,N,N,N,"",DARK (LIGHTED),CLEAR,DRY,"",T-INTERSECTION,STRAIGHT/GRADE,ASPHALT,FOLLOWING TOO CLOSELY,REAR END,SROGERSSTWHAYSCT,NONE
2583,BLOOMINGTON PD,BLOOMINGTON,2021-03-06T00:00:00,7:16 PM,2,0,0,0,0,"","","",N SR 37 BUSINESS,W OLD SR 37,"",30,E,,,LOCAL/CITY ROAD,Y,URBAN,N,N,N,"",DARK (NOT LIGHTED),CLEAR,DRY,"",NO JUNCTION INVOLVED,STRAIGHT/LEVEL,ASPHALT,OTHER (DRIVER) - EXPLAIN IN NARRATIVE,REAR END,NOLDSTATEROAD37RDNSTATEROAD37BUSINESSRD,TRAFFIC CONTROL SIGNAL