_id,Agency,City,Collision Date,Collision Time,Vehicles Involved,Trailers Involved,Number Injured,Number Dead,Number Deer,House Number,Roadway Interchange,Roadway Ramp,Roadway Id,Intersecting Road,Interchange,Feet From,Direction,Latitude,Longitude,Roadway Class,Hit and Run?,Locality,School Zone?,Rumble Strips?,Construction?,Construction Type,Light Condition,Weather Conditions,Surface Condition,Type of Median,Roadway Junction Type,Road Character,Roadway Surface,Primary Factor,Manner of Collision,Unique Location Id,Traffic Control
2706,MONROE SD,BLOOMINGTON,2021-02-17T00:00:00,1:13 PM,1,1,1,0,0,6220,"","",S VICTOR PIKE,"","",965,N,39.085952,-86.566096,LOCAL/CITY ROAD,N,RURAL,N,N,N,"",DAYLIGHT,CLEAR,SNOW/SLUSH,"",NO JUNCTION INVOLVED,CURVE/GRADE,ASPHALT,RAN OFF ROAD RIGHT,RAN OFF ROAD,SVICTORPIKEWTRAMWAYRD,NONE
2707,INDIANA UNIV BLOOMINGTON PD,BLOOMINGTON,2021-02-17T00:00:00,3:48 PM,2,0,0,0,0,"","","",S INDIANA AVE,E 3RD ST,"",,"",39.164287,-86.526904,LOCAL/CITY ROAD,N,URBAN,N,N,N,"",DAYLIGHT,CLEAR,DRY,"",FOUR-WAY INTERSECTION,STRAIGHT/LEVEL,ASPHALT,DISREGARD SIGNAL/REG SIGN,RIGHT ANGLE,INDIANAAVETHIRDST,TRAFFIC CONTROL SIGNAL
2708,INDIANA UNIV BLOOMINGTON PD,BLOOMINGTON,2021-02-17T00:00:00,5:20 PM,2,0,0,0,0,"","","",S DUNN ST,E KIRKWOOD AVE,"",161,S,39.14950831,-86.52825,LOCAL/CITY ROAD,N,URBAN,N,N,N,"",DAYLIGHT,CLEAR,SNOW/SLUSH,"",NO JUNCTION INVOLVED,STRAIGHT/GRADE,ASPHALT,IMPROPER PASSING,SAME DIRECTION SIDESWIPE,DUNNSTKIRKWOODAVE,NONE
2709,BLOOMINGTON PD,BLOOMINGTON,2021-02-17T00:00:00,9:16 PM,1,0,1,0,0,1514,"","",E 3RD ST,S MITCHELL ST,"",50,W,0,0,LOCAL/CITY ROAD,N,URBAN,N,N,N,"",DARK (LIGHTED),BLOWING SAND/SOIL/SNOW,SNOW/SLUSH,"",NO JUNCTION INVOLVED,STRAIGHT/LEVEL,ASPHALT,RAN OFF ROAD RIGHT,RAN OFF ROAD,1514E3RDSTSOUTHMITCHELLST,NONE
2710,ISP BLOOMINGTON 33,BLOOMINGTON,2021-02-16T00:00:00,12:55 AM,1,,0,0,0,"","","",SR 48,S GATES DR,"",0,S,39.164562,-86.576208,LOCAL/CITY ROAD,"",URBAN,N,N,N,"",DARK (LIGHTED),SNOW,SNOW/SLUSH,"",FOUR-WAY INTERSECTION,"",CONCRETE,"","",W3rdStNGatesDr,""
2711,MONROE SD,BLOOMINGTON,2021-02-16T00:00:00,9:34 AM,2,0,0,0,0,3838,"","",S CRAMER CIR,"","",200,E,39.124593,-86.5475213,COUNTY ROAD,N,URBAN,N,N,N,"",DAYLIGHT,CLEAR,SNOW/SLUSH,"",NO JUNCTION INVOLVED,STRAIGHT/GRADE,ASPHALT,UNSAFE BACKING,BACKING CRASH,WCRAMERCIRWROCKCRESTDR,NONE
2712,MONROE SD,BLOOMINGTON,2021-02-16T00:00:00,12:00 PM,1,0,0,0,0,"","","",N TUNNEL RD,"","",300,S,0,0,COUNTY ROAD,N,RURAL,N,N,N,"",DAYLIGHT,CLEAR,SNOW/SLUSH,"",NO JUNCTION INVOLVED,STRAIGHT/GRADE,ASPHALT,ANIMAL/OBJECT IN ROADWAY,RAN OFF ROAD,HILLSLAMMERRDTUNNELRD,NONE
2713,ISP BLOOMINGTON 33,UNIONVILLE(MONROE),2021-02-16T00:00:00,12:20 PM,2,,0,0,0,"","","",SR 45,"","",750,E,39.24047043,-86.38554658,STATE ROAD,"",RURAL,N,N,N,"",DAYLIGHT,CLEAR,SNOW/SLUSH,"",NO JUNCTION INVOLVED,"",ASPHALT,LEFT OF CENTER,OPPOSITE DIRECTION SIDESWIPE,SR45750fteastofRichardsonRd,""
2714,BLOOMINGTON PD,BLOOMINGTON,2021-02-16T00:00:00,12:45 PM,2,0,0,0,0,1250,"","",W ADAMS HILL CIR,"","",,"",39.164544,-86.552192,LOCAL/CITY ROAD,Y,URBAN,N,N,N,"",DARK (LIGHTED),SNOW,SNOW/SLUSH,"",NO JUNCTION INVOLVED,STRAIGHT/LEVEL,ASPHALT,IMPROPER LANE USAGE,RIGHT ANGLE,WADAMSHILLCIR,NONE
2715,BLOOMINGTON PD,BLOOMINGTON,2021-02-16T00:00:00,3:45 PM,2,0,0,0,0,"","","",E 3RD ST,S WALNUT ST,"",,"",39.16464,-86.5336,LOCAL/CITY ROAD,N,URBAN,N,N,N,"",DAYLIGHT,CLEAR,SNOW/SLUSH,"",FOUR-WAY INTERSECTION,STRAIGHT/LEVEL,ASPHALT,DISREGARD SIGNAL/REG SIGN,RIGHT ANGLE,3RDSTWALNUTST,TRAFFIC CONTROL SIGNAL
2716,BLOOMINGTON PD,BLOOMINGTON,2021-02-16T00:00:00,6:12 PM,2,0,0,0,0,"","","",N COLLEGE AVE,W 10TH ST,"",500,N,39.171744,-86.534768,LOCAL/CITY ROAD,N,URBAN,N,N,N,"",DAWN/DUSK,CLOUDY,SNOW/SLUSH,"",NO JUNCTION INVOLVED,STRAIGHT/GRADE,ASPHALT,FOLLOWING TOO CLOSELY,REAR END,NCOLLEGEAVEW10THST,LANE CONTROL
2717,INDIANA UNIV BLOOMINGTON PD,BLOOMINGTON,2021-02-16T00:00:00,8:05 PM,2,1,0,0,0,"","","",S INDIANA AVE,E KIRKWOOD AVE,"",,"",39.166531,-86.526926,LOCAL/CITY ROAD,N,URBAN,N,N,N,"",DARK (LIGHTED),CLEAR,SNOW/SLUSH,"",T-INTERSECTION,STRAIGHT/GRADE,ASPHALT,IMPROPER LANE USAGE,SAME DIRECTION SIDESWIPE,INDIANAAVEKIRKWOODAVE,STOP SIGN
2718,MONROE SD,BLOOMINGTON,2021-02-16T00:00:00,10:03 PM,1,0,0,0,0,"","","",I-69 S,SR 37,"",100,S,0,0,INTERSTATE,N,RURAL,N,N,N,"",DARK (LIGHTED),CLEAR,SNOW/SLUSH,"",INTERCHANGE,STRAIGHT/LEVEL,ASPHALT,RAN OFF ROAD RIGHT,RAN OFF ROAD,I69S114,NONE
2719,ISP BLOOMINGTON 33,BLOOMINGTON,2021-02-15T00:00:00,2:00 AM,1,,0,0,0,"","","",I-69 S,"","",264,W,39.06856264,-86.67335648,INTERSTATE,"",RURAL,N,N,N,"",DARK (NOT LIGHTED),SNOW,SNOW/SLUSH,"",NO JUNCTION INVOLVED,"",ASPHALT,ANIMAL/OBJECT IN ROADWAY,COLLISION WITH OBJECT IN ROAD,I-69I69,""
2720,ISP BLOOMINGTON 33,STANFORD,2021-02-15T00:00:00,5:00 AM,1,,0,0,0,"","","",SR 45,W HINDS RD (NE),"",53,W,39.09895688,-86.65228123,STATE ROAD,"",RURAL,N,N,N,"",DARK (NOT LIGHTED),SNOW,SNOW/SLUSH,"",T-INTERSECTION,"",ASPHALT,"",RAN OFF ROAD,WStateRd45WHindsRd,""
2721,MONROE SD,BLOOMINGTON,2021-02-15T00:00:00,6:14 AM,1,0,0,0,0,2299,"","",W FLUCK MILL RD,"","",,"",39.0710215,-86.5635372,COUNTY ROAD,N,RURAL,N,N,N,"",DARK (NOT LIGHTED),CLEAR,SNOW/SLUSH,"",NO JUNCTION INVOLVED,CURVE/LEVEL,ASPHALT,RAN OFF ROAD RIGHT,RAN OFF ROAD,FLUCKMILLRD,NONE
2722,BLOOMINGTON PD,BLOOMINGTON,2021-02-15T00:00:00,8:26 AM,2,0,0,0,0,"","","",W 2ND ST,S COLLEGE AVE,"",,"",39.161366,-86.534943,LOCAL/CITY ROAD,N,URBAN,N,N,N,"",DAYLIGHT,SNOW,SNOW/SLUSH,"",NO JUNCTION INVOLVED,STRAIGHT/LEVEL,ASPHALT,OTHER (DRIVER) - EXPLAIN IN NARRATIVE,HEAD ON BETWEEN TWO MOTOR VEHICLES,2NDSTCOLLEGEAVE,TRAFFIC CONTROL SIGNAL
2723,BLOOMINGTON PD,BLOOMINGTON,2021-02-15T00:00:00,8:26 AM,2,0,0,0,0,"","","",S COLLEGE AVE,W 2ND ST,"",,"",39.1609319,-86.4977835,LOCAL/CITY ROAD,N,URBAN,N,N,N,"",DAYLIGHT,SNOW,SNOW/SLUSH,"",FOUR-WAY INTERSECTION,STRAIGHT/GRADE,ASPHALT,SPEED TOO FAST FOR WEATHER CONDITIONS,RIGHT ANGLE,2NDSTSCOLLEGEAVE,TRAFFIC CONTROL SIGNAL
2724,INDIANA UNIV BLOOMINGTON PD,BLOOMINGTON,2021-02-15T00:00:00,8:36 AM,2,0,3,0,0,"","","",N WOODLAWN AVE,E 17TH ST,"",,"",39.1790372,-86.523554,LOCAL/CITY ROAD,N,URBAN,N,N,N,"",DAYLIGHT,CLOUDY,SNOW/SLUSH,"",FOUR-WAY INTERSECTION,STRAIGHT/GRADE,ASPHALT,SPEED TOO FAST FOR WEATHER CONDITIONS,REAR END,EAST17THSTWOODLAWNAVE,TRAFFIC CONTROL SIGNAL
2725,MONROE SD,BLOOMINGTON,2021-02-15T00:00:00,9:56 AM,2,0,0,0,0,"","","",E SAMPLE RD,W OLD SR 37,"",100,W,39.258605,-86.50125134,LOCAL/CITY ROAD,N,RURAL,N,N,N,"",DAYLIGHT,BLOWING SAND/SOIL/SNOW,SNOW/SLUSH,"",NO JUNCTION INVOLVED,STRAIGHT/LEVEL,ASPHALT,LEFT OF CENTER,HEAD ON BETWEEN TWO MOTOR VEHICLES,ESAMPLERDRDNOLSSTATERD37RD,NONE
2726,BLOOMINGTON PD,BLOOMINGTON,2021-02-15T00:00:00,11:54 AM,1,0,0,0,0,"","","",S PATTERSON DR,W ALLEN ST,"",100,N,39.16621302,-86.543337,LOCAL/CITY ROAD,N,URBAN,N,N,N,"",DAYLIGHT,SNOW,SNOW/SLUSH,"",NO JUNCTION INVOLVED,CURVE/LEVEL,ASPHALT,SPEED TOO FAST FOR WEATHER CONDITIONS,RAN OFF ROAD,SPATTERSONDRWALLENST,LANE CONTROL
2727,MONROE SD,STINESVILLE,2021-02-15T00:00:00,12:00 PM,1,0,0,0,0,"","","",N TEXAS RIDGE RD,"","",3700,S,38.93986731,-86.679205,COUNTY ROAD,N,RURAL,N,N,N,"",DAYLIGHT,SNOW,SNOW/SLUSH,"",NO JUNCTION INVOLVED,STRAIGHT/GRADE,ASPHALT,SPEED TOO FAST FOR WEATHER CONDITIONS,RAN OFF ROAD,NTEXASRIDGERDNORTHCOUNTYLINERD,NONE
2728,MONROE SD,ELLETTSVILLE,2021-02-15T00:00:00,12:43 PM,2,0,0,0,0,"","","",SR 46,N CENTENNIAL DR,"",,"",0,0,STATE ROAD,N,URBAN,N,N,N,"",DAYLIGHT,SNOW,SNOW/SLUSH,"",NO JUNCTION INVOLVED,STRAIGHT/LEVEL,ASPHALT,ROADWAY SURFACE CONDITION,RIGHT ANGLE,NCENTENNIALDRSR46W,TRAFFIC CONTROL SIGNAL
2729,ISP BLOOMINGTON 33,BLOOMINGTON,2021-02-15T00:00:00,1:30 PM,1,,0,0,0,8997,"","",I-69 N,"","",370,S,39.33338231,-86.51274621,INTERSTATE,"",RURAL,N,N,N,"",DAYLIGHT,BLOWING SAND/SOIL/SNOW,SNOW/SLUSH,"",NO JUNCTION INVOLVED,"",ASPHALT,SPEED TOO FAST FOR WEATHER CONDITIONS,RIGHT ANGLE,I-69131,""
2730,STINESVILLE PD,BLOOMINGTON,2021-02-15T00:00:00,5:10 PM,1,1,0,0,0,5434,"","",N MAPLE GROVE RD,"","",,"",39.22959049,-86.57231382,LOCAL/CITY ROAD,N,RURAL,N,N,N,"",DAYLIGHT,BLOWING SAND/SOIL/SNOW,SNOW/SLUSH,"",NO JUNCTION INVOLVED,STRAIGHT/GRADE,CONCRETE,RAN OFF ROAD RIGHT,RAN OFF ROAD,5434MAPLEGROVERD5434NORTHMAPLEGROVERD,NONE
2731,MONROE SD,BLOOMINGTON,2021-02-15T00:00:00,7:36 PM,1,0,0,0,0,"","","",N HARTSTRAIT RD,"","",500,N,39.18812521,-86.61148581,COUNTY ROAD,N,RURAL,N,N,N,"",DARK (NOT LIGHTED),BLOWING SAND/SOIL/SNOW,SNOW/SLUSH,"",NO JUNCTION INVOLVED,STRAIGHT/LEVEL,ASPHALT,RAN OFF ROAD RIGHT,RAN OFF ROAD,HARTSTRAIGHTRDVERNALPIKE,NONE
2732,BLOOMINGTON PD,BLOOMINGTON,2021-02-15T00:00:00,10:12 PM,2,0,2,0,0,"","","",W 11TH ST,"","",300,W,39.173344,-86.544704,LOCAL/CITY ROAD,N,URBAN,N,N,N,"",DARK (NOT LIGHTED),SNOW,ICE,"",NO JUNCTION INVOLVED,STRAIGHT/GRADE,ASPHALT,UNSAFE SPEED,OPPOSITE DIRECTION SIDESWIPE,NORRISDRW11THST,NONE
2733,MONROE SD,BLOOMINGTON,2021-02-14T00:00:00,12:04 PM,1,0,0,0,0,"","","",E LAMPKINS RIDGE RD,S DEER TRACE,"",,"",39.15054,-86.426436,COUNTY ROAD,N,RURAL,N,N,N,"",DAYLIGHT,CLEAR,DRY,"",NO JUNCTION INVOLVED,CURVE/LEVEL,ASPHALT,OVERCORRECTING/OVERSTEERING,RAN OFF ROAD,DEERTRACERDLAMPKINSRIDGERD,NONE
2734,BLOOMINGTON PD,BLOOMINGTON,2021-02-14T00:00:00,2:37 PM,2,0,0,0,0,"","","",W 15TH ST,N MAPLE ST,"",,"",39.17664,-86.542096,LOCAL/CITY ROAD,Y,URBAN,N,N,N,"",DAYLIGHT,CLOUDY,DRY,"",FOUR-WAY INTERSECTION,STRAIGHT/LEVEL,CONCRETE,UNSAFE LANE MOVEMENT,"",NMAPLESTW15THST,STOP SIGN
2735,INDIANA UNIV BLOOMINGTON PD,BLOOMINGTON,2021-02-14T00:00:00,4:05 PM,2,0,0,0,0,"","","",N UNION ST,ENTRANCE TO EIGENMANN HALL PARKING LOT,"",719,S,39.09552024,-86.509445,LOCAL/CITY ROAD,N,URBAN,N,N,N,"",DAYLIGHT,CLEAR,DRY,"",T-INTERSECTION,STRAIGHT/LEVEL,ASPHALT,FAILURE TO YIELD RIGHT OF WAY,RIGHT ANGLE,TENTHSTUNIONST,NONE
2736,MONROE SD,BLOOMINGTON,2021-02-14T00:00:00,5:52 PM,2,0,1,0,0,"","","",SR 45,W ELLER RD,"",,"",39.12224,-86.6144,STATE ROAD,N,RURAL,N,N,N,"",DAYLIGHT,CLEAR,DRY,"",FOUR-WAY INTERSECTION,STRAIGHT/GRADE,ASPHALT,UNSAFE SPEED,REAR END,ELLERRDSR45W,NONE
2737,BLOOMINGTON PD,BLOOMINGTON,2021-02-14T00:00:00,7:01 PM,2,0,0,0,0,"","","",W 3RD ST,S WALNUT ST,"",,"",39.16464,-86.5336,LOCAL/CITY ROAD,N,URBAN,N,N,N,"",DARK (LIGHTED),CLEAR,DRY,"",FOUR-WAY INTERSECTION,STRAIGHT/LEVEL,ASPHALT,DISREGARD SIGNAL/REG SIGN,RIGHT ANGLE,E3RDSTSWALNUTST,TRAFFIC CONTROL SIGNAL
2738,MONROE SD,BLOOMINGTON,2021-02-14T00:00:00,10:51 PM,1,0,0,0,0,1583,"","",W DOVE DR,S MALLARD CT,"",,"",39.119411,-86.549553,LOCAL/CITY ROAD,N,URBAN,N,N,N,"",DARK (NOT LIGHTED),CLEAR,DRY,"",NO JUNCTION INVOLVED,STRAIGHT/GRADE,ASPHALT,RAN OFF ROAD RIGHT,RAN OFF ROAD,WDOVEDR,NONE
2739,MONROE SD,BLOOMINGTON,2021-02-14T00:00:00,11:06 PM,1,0,0,0,0,9698,"","",S OLD SR 37,S HARRODSBURG RD,"",,"",39.00529296,-86.54348316,COUNTY ROAD,Y,RURAL,N,N,N,"",DARK (NOT LIGHTED),CLEAR,DRY,"",Y-INTERSECTION,CURVE/GRADE,ASPHALT,RAN OFF ROAD RIGHT,RAN OFF ROAD,OLDSTATEROAD37HWY,NONE
2740,ELLETTSVILLE PD,ELLETTSVILLE,2021-02-13T00:00:00,12:25 AM,2,0,0,0,0,"","","",SR 46,ENTRANCE TO CIRCLE S,"",200,W,39.21225894,-86.58785197,STATE ROAD,N,URBAN,N,N,N,"",DAYLIGHT,CLEAR,DRY,"",NO JUNCTION INVOLVED,STRAIGHT/LEVEL,ASPHALT,FAILURE TO YIELD RIGHT OF WAY,RIGHT ANGLE,DEERPARKDRSR46W,LANE CONTROL
2741,MONROE SD,"",2021-02-13T00:00:00,1:30 AM,1,0,0,0,0,"","","",S FAIRFAX RD,S WISLEY LN,"",,"",39.05450365,-86.49837915,LOCAL/CITY ROAD,Y,RURAL,N,N,N,"",DARK (NOT LIGHTED),CLEAR,SNOW/SLUSH,"",Y-INTERSECTION,STRAIGHT/LEVEL,ASPHALT,RAN OFF ROAD RIGHT,RAN OFF ROAD,FAIRFAXRDWISLEYLN,LANE CONTROL
2742,MONROE SD,BLOOMINGTON,2021-02-13T00:00:00,10:59 AM,1,0,0,0,0,"","","",S ROCKPORT RD,"","",1000,N,0,0,LOCAL/CITY ROAD,N,RURAL,N,N,N,"",DAYLIGHT,CLEAR,LOOSE MATERIAL ON ROAD,"",NO JUNCTION INVOLVED,CURVE/LEVEL,ASPHALT,SPEED TOO FAST FOR WEATHER CONDITIONS,RAN OFF ROAD,HENNESSYSTROCKPORTRD,NONE
2743,INDIANA UNIV BLOOMINGTON PD,BLOOMINGTON,2021-02-13T00:00:00,12:30 PM,1,0,0,0,0,"","","",SR 45/46,E 10TH ST,"",,"",0,0,STATE ROAD,N,URBAN,N,N,N,"",DAYLIGHT,CLOUDY,ICE,"",FOUR-WAY INTERSECTION,CURVE/LEVEL,ASPHALT,RAN OFF ROAD RIGHT,RAN OFF ROAD,SR45SSR46E,TRAFFIC CONTROL SIGNAL
2744,BLOOMINGTON PD,BLOOMINGTON,2021-02-13T00:00:00,12:45 PM,2,0,0,0,0,"","","",E 4TH ST,S GRANT ST,"",100,E,39.165648,-86.52935918,LOCAL/CITY ROAD,Y,URBAN,N,N,N,"",DAYLIGHT,CLEAR,DRY,"",NO JUNCTION INVOLVED,STRAIGHT/LEVEL,ASPHALT,UNSAFE LANE MOVEMENT,SAME DIRECTION SIDESWIPE,4THSTGRANTST,NONE
2745,MONROE SD,BLOOMINGTON,2021-02-13T00:00:00,3:02 PM,1,0,0,0,0,"","","",S ROCKPORT RD,"","",750,N,39.20740424,-86.5566669,LOCAL/CITY ROAD,N,RURAL,N,N,N,"",DAYLIGHT,CLOUDY,DRY,"",NO JUNCTION INVOLVED,CURVE/GRADE,ASPHALT,ANIMAL/OBJECT IN ROADWAY,COLLISION WITH OBJECT IN ROAD,HENNESSEYSTROCKPORTRD,NONE
2746,BLOOMINGTON PD,BLOOMINGTON,2021-02-13T00:00:00,5:57 PM,2,0,1,0,0,"","","",N ADAMS ST,W KIRKWOOD AVE,"",,"",39.166816,-86.549488,LOCAL/CITY ROAD,N,URBAN,N,N,N,"",DAWN/DUSK,CLOUDY,DRY,"",NO JUNCTION INVOLVED,STRAIGHT/HILLCREST,ASPHALT,FAILURE TO YIELD RIGHT OF WAY,HEAD ON BETWEEN TWO MOTOR VEHICLES,NADAMSSTWKIRKWOODAVE,TRAFFIC CONTROL SIGNAL
2747,MONROE SD,BLOOMINGTON,2021-02-13T00:00:00,10:42 PM,2,0,0,0,0,"","","",E GRAHAM PL,S HENDERSON ST,"",100,W,,,LOCAL/CITY ROAD,N,URBAN,N,N,N,"",DARK (LIGHTED),CLEAR,ICE,"",NO JUNCTION INVOLVED,STRAIGHT/LEVEL,ASPHALT,OTHER (ENVIRONMENTAL) - EXPLAIN IN NARR,REAR END,EGRAHAMPLSHENDERSONST,NONE
2748,MONROE SD,BLOOMINGTON,2021-02-12T00:00:00,1:00 AM,1,0,0,0,1,"","","",S WEIMER RD,"","",200,S,39.12813639,-86.564093,LOCAL/CITY ROAD,N,URBAN,N,N,N,"",DARK (NOT LIGHTED),CLEAR,DRY,"",NO JUNCTION INVOLVED,STRAIGHT/LEVEL,ASPHALT,ANIMAL/OBJECT IN ROADWAY,COLLISION WITH DEER,SWEIMERRDWSUDBURYDR,NONE
2749,ELLETTSVILLE PD,ELLETTSVILLE,2021-02-12T00:00:00,4:01 AM,1,0,0,0,1,6002,"","",SR 46,"","",800,E,39.227624,-86.61598829,STATE ROAD,N,URBAN,N,N,N,"",DARK (LIGHTED),CLEAR,DRY,"",NO JUNCTION INVOLVED,STRAIGHT/LEVEL,ASPHALT,ANIMAL/OBJECT IN ROADWAY,COLLISION WITH DEER,NHARTSTRAITRDSR46W,LANE CONTROL
2750,MONROE SD,BLOOMINGTON,2021-02-12T00:00:00,7:15 AM,2,0,0,0,0,"","","",S HARMONY RD,S INDIAN VALLEY DR,"",355,S,39.106048,-86.6384,LOCAL/CITY ROAD,N,RURAL,N,N,N,"",DAYLIGHT,CLEAR,SNOW/SLUSH,"",NO JUNCTION INVOLVED,STRAIGHT/GRADE,ASPHALT,DRIVER DISTRACTED - EXPLAIN IN NARRATIVE,REAR END,SHARMONYRDSINDIANVALLEYDR,NONE
2751,MONROE SD,STINESVILLE,2021-02-12T00:00:00,1:36 PM,1,0,0,0,0,"","","",N MT TABOR RD,"","",500,S,,,COUNTY ROAD,N,RURAL,N,N,N,"",DAYLIGHT,CLEAR,LOOSE MATERIAL ON ROAD,"",T-INTERSECTION,CURVE/GRADE,ASPHALT,OTHER (DRIVER) - EXPLAIN IN NARRATIVE,RAN OFF ROAD,BRIGHTENRDMTTABORRD,NONE
2752,BLOOMINGTON PD,BLOOMINGTON,2021-02-12T00:00:00,2:16 PM,2,0,1,0,0,"","","",W BLOOMFIELD RD,S BASSWOOD DR,"",,"",39.1498172,-86.5689428,LOCAL/CITY ROAD,N,URBAN,N,N,N,"",DAYLIGHT,CLOUDY,DRY,"",FOUR-WAY INTERSECTION,CURVE/GRADE,ASPHALT,DISREGARD SIGNAL/REG SIGN,RIGHT ANGLE,SBASSWOODDRWBLOOMFIELDRD,TRAFFIC CONTROL SIGNAL
2753,BLOOMINGTON PD,BLOOMINGTON,2021-02-12T00:00:00,4:15 PM,2,0,1,0,0,"","","",S WALNUT ST,W GRIMES LN,"",,"",39.15344,-86.5336,LOCAL/CITY ROAD,N,URBAN,N,N,N,"",DAYLIGHT,CLOUDY,DRY,"",FOUR-WAY INTERSECTION,STRAIGHT/LEVEL,ASPHALT,FAILURE TO YIELD RIGHT OF WAY,HEAD ON BETWEEN TWO MOTOR VEHICLES,SWALNUTSTWGRIMESLN,TRAFFIC CONTROL SIGNAL
2754,INDIANA UNIV BLOOMINGTON PD,BLOOMINGTON,2021-02-12T00:00:00,5:00 PM,2,0,0,0,0,1211,"","",E 7TH ST,"","",,"",39.168486,-86.517881,UNKNOWN,N,URBAN,N,N,N,"",DAYLIGHT,CLEAR,SNOW/SLUSH,"",NO JUNCTION INVOLVED,CURVE/LEVEL,ASPHALT,IMPROPER TURNING,LEFT TURN,E7THST,NONE
2755,BLOOMINGTON PD,BLOOMINGTON,2021-02-12T00:00:00,5:00 PM,1,0,0,0,0,1210,"","",S MADISON ST,"","",,"",39.15303111,-86.53755093,UNKNOWN,Y,URBAN,N,N,N,"",UNKNOWN,"","","",NO JUNCTION INVOLVED,STRAIGHT/GRADE,OTHER - EXPLAIN IN NARRATIVE,UNSAFE LANE MOVEMENT,OTHER - EXPLAIN IN NARRATIVE,SMADISONST,NONE
2756,MONROE SD,BLOOMINGTON,2021-02-12T00:00:00,7:06 PM,1,0,0,0,1,"","","",SR 45,N SHUFFLE CREEK RD,"",,"",0,0,STATE ROAD,N,RURAL,N,N,N,"",DARK (NOT LIGHTED),CLEAR,DRY,"",NO JUNCTION INVOLVED,STRAIGHT/LEVEL,ASPHALT,ANIMAL/OBJECT IN ROADWAY,COLLISION WITH DEER,SHUFFLECREEKRDSR45,NONE
2757,MONROE SD,BLOOMINGTON,2021-02-12T00:00:00,8:00 PM,1,0,0,0,1,"","","",SR 46,E BENDER RD,"",,"",39.163636,-86.437957,STATE ROAD,N,RURAL,N,N,N,"",DARK (NOT LIGHTED),CLEAR,DRY,"",FOUR-WAY INTERSECTION,STRAIGHT/LEVEL,ASPHALT,ANIMAL/OBJECT IN ROADWAY,COLLISION WITH DEER,EBENDERRDSR46E,NONE
2758,BLOOMINGTON PD,BLOOMINGTON,2021-02-11T00:00:00,12:06 AM,2,0,0,0,0,301,"","",E BROWNSTONE DR,"","",,"",39.1753475,-86.530492,UNKNOWN,N,URBAN,N,Y,N,"",DAYLIGHT,CLOUDY,SNOW/SLUSH,"",NO JUNCTION INVOLVED,STRAIGHT/GRADE,ASPHALT,UNSAFE BACKING,BACKING CRASH,BROWNSTONEDR,NONE
2759,INDIANA UNIV BLOOMINGTON PD,BLOOMINGTON,2021-02-11T00:00:00,9:40 AM,1,0,0,0,0,150,"","",ENTRANCE TO JORDAN PARKING GARAGE,"","",,"",39.1655783,-86.5179533,UNKNOWN,N,URBAN,N,N,N,"",DAYLIGHT,CLOUDY,SNOW/SLUSH,"",NO JUNCTION INVOLVED,STRAIGHT/LEVEL,ASPHALT,OTHER (DRIVER) - EXPLAIN IN NARRATIVE,OTHER - EXPLAIN IN NARRATIVE,NORTHJORDANAVE,NONE
2760,MONROE SD,BLOOMINGTON,2021-02-11T00:00:00,9:56 AM,1,0,0,0,0,"","","",STERLING AVE,"","",1000,S,39.00181306,-86.46202088,LOCAL/CITY ROAD,N,URBAN,N,N,N,"",DAYLIGHT,CLOUDY,SNOW/SLUSH,"",NO JUNCTION INVOLVED,CURVE/GRADE,ASPHALT,RAN OFF ROAD RIGHT,RAN OFF ROAD,MOORESCREEKRDSTERLINGAVE,NONE
2761,ELLETTSVILLE PD,ELLETTSVILLE,2021-02-11T00:00:00,11:05 AM,2,0,0,0,0,"","","",SR 46,N OUTBACK RD,"",75,E,39.21500903,-86.59260937,STATE ROAD,N,URBAN,N,N,N,"",DAYLIGHT,CLEAR,DRY,"",NO JUNCTION INVOLVED,STRAIGHT/LEVEL,ASPHALT,FAILURE TO YIELD RIGHT OF WAY,SAME DIRECTION SIDESWIPE,SR46WUNIONVALLEYRD,LANE CONTROL
2762,MONROE SD,BLOOMINGTON,2021-02-11T00:00:00,12:00 PM,2,0,0,0,0,"","","",W DELAP RD,W COWDEN RD,"",50,W,39.253662,-86.59239467,LOCAL/CITY ROAD,Y,RURAL,N,N,N,"",DAYLIGHT,CLEAR,SNOW/SLUSH,"",NO JUNCTION INVOLVED,CURVE/GRADE,ASPHALT,OTHER (DRIVER) - EXPLAIN IN NARRATIVE,REAR END,WCOWDENRDWDELAPRD,LANE CONTROL
2763,INDIANA UNIV BLOOMINGTON PD,BLOOMINGTON,2021-02-11T00:00:00,3:42 PM,3,0,1,0,0,"","","",SR 45/46,E 10TH ST,"",200,N,39.19266497,-86.5013648,STATE ROAD,N,URBAN,N,N,N,"",DAYLIGHT,CLOUDY,LOOSE MATERIAL ON ROAD,"",NO JUNCTION INVOLVED,STRAIGHT/GRADE,ASPHALT,FOLLOWING TOO CLOSELY,REAR END,E10THSTSR45S,NONE
2764,INDIANA UNIV BLOOMINGTON PD,BLOOMINGTON,2021-02-11T00:00:00,7:00 PM,1,0,0,0,0,"","","",N WOODLAWN AVE,"","",110,N,39.18854984,-86.5236505,LOCAL/CITY ROAD,Y,URBAN,N,N,N,"",DARK (LIGHTED),CLEAR,WET,"",NO JUNCTION INVOLVED,STRAIGHT/GRADE,ASPHALT,UNSAFE BACKING,RAN OFF ROAD,FIFTEENTHSTWOODLAWNAVE,LANE CONTROL