_id,Agency,City,Collision Date,Collision Time,Vehicles Involved,Trailers Involved,Number Injured,Number Dead,Number Deer,House Number,Roadway Interchange,Roadway Ramp,Roadway Id,Intersecting Road,Interchange,Feet From,Direction,Latitude,Longitude,Roadway Class,Hit and Run?,Locality,School Zone?,Rumble Strips?,Construction?,Construction Type,Light Condition,Weather Conditions,Surface Condition,Type of Median,Roadway Junction Type,Road Character,Roadway Surface,Primary Factor,Manner of Collision,Unique Location Id,Traffic Control
2765,MONROE SD,BLOOMINGTON,2021-02-11T00:00:00,7:50 PM,2,0,0,0,0,"","","",E RHORER RD,S WALNUT ST,"",,"",39.121463,-86.531363,LOCAL/CITY ROAD,N,RURAL,N,N,N,"",DARK (LIGHTED),CLEAR,WET,"",INTERCHANGE,STRAIGHT/LEVEL,ASPHALT,FAILURE TO YIELD RIGHT OF WAY,RIGHT ANGLE,SOLDSTATERD37RDWGORDONPIKE,TRAFFIC CONTROL SIGNAL
2766,BLOOMINGTON PD,BLOOMINGTON,2021-02-10T00:00:00,8:08 AM,2,0,0,0,0,"","","",S WALNUT ST,W HILLSIDE DR,"",,"",39.150529,-86.533639,LOCAL/CITY ROAD,N,URBAN,N,N,N,"",DAYLIGHT,SNOW,SNOW/SLUSH,"",FOUR-WAY INTERSECTION,STRAIGHT/LEVEL,ASPHALT,FOLLOWING TOO CLOSELY,REAR END,HILLSIDEDRWALNUTST,TRAFFIC CONTROL SIGNAL
2767,MONROE SD,BLOOMINGTON,2021-02-10T00:00:00,12:47 PM,2,0,0,0,0,"","","",S WALNUT ST PIKE,E RHORER RD,"",,"",39.121463,-86.531363,LOCAL/CITY ROAD,N,URBAN,N,N,N,"",DAYLIGHT,SNOW,WET,"",T-INTERSECTION,STRAIGHT/GRADE,ASPHALT,FOLLOWING TOO CLOSELY,REAR END,ERHOHERRDSWALNUTSTREETPIKE,TRAFFIC CONTROL SIGNAL
2768,MONROE SD,BLOOMINGTON,2021-02-10T00:00:00,2:04 PM,2,0,0,0,0,"","","",S STRAIN RIDGE RD,"","",500,S,39.056848,-86.507776,COUNTY ROAD,N,RURAL,N,N,N,"",DAYLIGHT,SNOW,SNOW/SLUSH,"",NO JUNCTION INVOLVED,STRAIGHT/GRADE,ASPHALT,IMPROPER LANE USAGE,OPPOSITE DIRECTION SIDESWIPE,EASTSCOTTLNSOUTHSTRAINRIDGERD,NONE
2769,MONROE SD,BLOOMINGTON,2021-02-10T00:00:00,2:06 PM,1,0,0,0,0,"","","",SR 37,W MONROE DAM RD,"",,"",39.020048,-86.536096,STATE ROAD,N,RURAL,N,N,N,"",DAYLIGHT,SNOW,SNOW/SLUSH,"",NO JUNCTION INVOLVED,STRAIGHT/GRADE,CONCRETE,SPEED TOO FAST FOR WEATHER CONDITIONS,OTHER - EXPLAIN IN NARRATIVE,MONROEDAMERDSR37S,NONE
2770,ISP BLOOMINGTON 33,BLOOMINGTON,2021-02-10T00:00:00,2:20 PM,1,,2,0,0,"",Y,115G,I-69 S,W FULLERTON PIKE,Y,739,E,39.12453626,-86.57285837,INTERSTATE,"",URBAN,N,N,N,"",DAYLIGHT,SNOW,SNOW/SLUSH,"",RAMP,"",ASPHALT,SPEED TOO FAST FOR WEATHER CONDITIONS,RAN OFF ROAD,JeffreyRdI-69,""
2771,INDIANA UNIV BLOOMINGTON PD,BLOOMINGTON,2021-02-10T00:00:00,2:24 PM,2,0,0,0,0,"","","",E 3RD ST,S INDIANA AVE,"",,"",39.164287,-86.526904,LOCAL/CITY ROAD,N,URBAN,N,N,N,"",DAYLIGHT,SNOW,SNOW/SLUSH,"",FOUR-WAY INTERSECTION,STRAIGHT/LEVEL,ASPHALT,FOLLOWING TOO CLOSELY,REAR END,INDIANAAVETHIRDST,TRAFFIC CONTROL SIGNAL
2772,MONROE SD,ELLETTSVILLE,2021-02-10T00:00:00,2:45 PM,2,0,0,0,0,"","","",N MATTHEWS DR,"","",500,N,39.24677531,-86.62056434,COUNTY ROAD,N,RURAL,N,N,N,"",DAYLIGHT,SLEET/HAIL/FREEZING RAIN,ICE,"",NO JUNCTION INVOLVED,CURVE/LEVEL,ASPHALT,OTHER (ENVIRONMENTAL) - EXPLAIN IN NARR,OPPOSITE DIRECTION SIDESWIPE,MAPLEGROVERDMATTHEWSDR,NO PASSING ZONE
2773,MONROE SD,BLOOMINGTON,2021-02-10T00:00:00,2:55 PM,1,0,0,0,0,"","","",W DILLMAN RD,S WALNUT ST,"",,"",39.092972,-86.544156,LOCAL/CITY ROAD,N,RURAL,N,N,N,"",DAYLIGHT,BLOWING SAND/SOIL/SNOW,ICE,"",NO JUNCTION INVOLVED,STRAIGHT/GRADE,ASPHALT,ROADWAY SURFACE CONDITION,RAN OFF ROAD,EDILLMANRDSOLDSTATEROADRD,NONE
2774,BLOOMINGTON PD,BLOOMINGTON,2021-02-10T00:00:00,2:57 PM,2,0,0,0,0,"","","",S WASHINGTON ST,E 4TH ST,"",,"",39.165648,-86.5324,LOCAL/CITY ROAD,N,URBAN,N,N,N,"",DAYLIGHT,SNOW,SNOW/SLUSH,"",FOUR-WAY INTERSECTION,STRAIGHT/LEVEL,ASPHALT,DISREGARD SIGNAL/REG SIGN,RIGHT ANGLE,4THSTWASHINGTONST,STOP SIGN
2775,ISP BLOOMINGTON 33,BLOOMINGTON,2021-02-10T00:00:00,3:13 PM,2,,0,0,0,"","","",S OLD SR 37,SR 37,"",0,S,39.085479,-86.542562,COUNTY ROAD,"",RURAL,N,N,N,"",DAYLIGHT,SLEET/HAIL/FREEZING RAIN,SNOW/SLUSH,"",FOUR-WAY INTERSECTION,"",ASPHALT,SPEED TOO FAST FOR WEATHER CONDITIONS,HEAD ON BETWEEN TWO MOTOR VEHICLES,StateRoad37SOldStateRoad37,""
2776,MONROE SD,BLOOMINGTON,2021-02-10T00:00:00,3:38 PM,2,0,0,0,0,"","","",N SHUFFLE CREEK RD,SR 45,"",,"",39.229952,-86.416096,LOCAL/CITY ROAD,N,RURAL,Y,N,N,"",DAYLIGHT,SNOW,SNOW/SLUSH,"",T-INTERSECTION,STRAIGHT/GRADE,CONCRETE,SPEED TOO FAST FOR WEATHER CONDITIONS,RIGHT ANGLE,NSHUFFLECREEKRDSR45E,STOP SIGN
2777,MONROE SD,BLOOMINGTON,2021-02-10T00:00:00,3:46 PM,1,0,0,0,0,"","","",SR 46,E KINGS RD,"",,"",39.166592,-86.455123,COUNTY ROAD,N,RURAL,N,N,N,"",DAYLIGHT,CLOUDY,ICE,"",T-INTERSECTION,CURVE/GRADE,ASPHALT,SPEED TOO FAST FOR WEATHER CONDITIONS,RAN OFF ROAD,46EASTSTATERDKINGSRD,NONE
2778,INDIANA UNIV BLOOMINGTON PD,BLOOMINGTON,2021-02-10T00:00:00,3:50 PM,1,0,0,0,0,"","","",E 10TH ST,N JEFFERSON ST,"",,"",0,0,LOCAL/CITY ROAD,N,URBAN,N,N,N,"",DAYLIGHT,BLOWING SAND/SOIL/SNOW,SNOW/SLUSH,"",NO JUNCTION INVOLVED,CURVE/LEVEL,ASPHALT,SPEED TOO FAST FOR WEATHER CONDITIONS,RAN OFF ROAD,JEFFERSONSTUNIONVILLERD,NONE
2779,BLOOMINGTON PD,BLOOMINGTON,2021-02-10T00:00:00,4:00 PM,1,0,0,0,0,"","","",W 3RD ST,S ROGERS ST,"",,"",39.16472,-86.538592,LOCAL/CITY ROAD,N,URBAN,N,N,N,"",DAYLIGHT,SNOW,SNOW/SLUSH,"",NO JUNCTION INVOLVED,STRAIGHT/GRADE,ASPHALT,SPEED TOO FAST FOR WEATHER CONDITIONS,COLLISION WITH OBJECT IN ROAD,SROGERSSTW3RDST,TRAFFIC CONTROL SIGNAL
2780,ISP BLOOMINGTON 33,BLOOMINGTON,2021-02-10T00:00:00,4:00 PM,1,,0,0,0,"","","",I-69 S,"","",898,N,39.28636583,-86.52043467,INTERSTATE,"",RURAL,N,N,N,"",DAYLIGHT,BLOWING SAND/SOIL/SNOW,SNOW/SLUSH,"",NO JUNCTION INVOLVED,"",ASPHALT,"",RAN OFF ROAD,LeePaulRdI-69,""
2781,ISP BLOOMINGTON 33,BLOOMINGTON,2021-02-10T00:00:00,4:05 PM,1,,0,0,0,"","","",I-69 S,"","",0,S,39.25622646,-86.52637153,INTERSTATE,"",RURAL,N,N,N,"",DAYLIGHT,SNOW,SNOW/SLUSH,"",NO JUNCTION INVOLVED,"",ASPHALT,SPEED TOO FAST FOR WEATHER CONDITIONS,RAN OFF ROAD,I-69124.5,""
2782,BLOOMINGTON PD,BLOOMINGTON,2021-02-10T00:00:00,4:12 PM,3,0,1,0,0,"","","",W BLOOMFIELD RD,S RANSOM LN,"",300,W,39.159933,-86.55383403,LOCAL/CITY ROAD,N,URBAN,N,N,N,"",DAYLIGHT,SNOW,SNOW/SLUSH,"",NO JUNCTION INVOLVED,STRAIGHT/HILLCREST,ASPHALT,ROADWAY SURFACE CONDITION,HEAD ON BETWEEN TWO MOTOR VEHICLES,SLANDMARKAVEWBLOOMFIELDRD,NONE
2783,INDIANA UNIV BLOOMINGTON PD,BLOOMINGTON,2021-02-10T00:00:00,4:14 PM,1,0,0,0,0,"","","",E 10TH ST,N JEFFERSON ST,"",,"",0,0,LOCAL/CITY ROAD,N,URBAN,N,N,N,"",DAYLIGHT,BLOWING SAND/SOIL/SNOW,SNOW/SLUSH,"",NO JUNCTION INVOLVED,CURVE/LEVEL,ASPHALT,SPEED TOO FAST FOR WEATHER CONDITIONS,RAN OFF ROAD,JEFFERSONSTUNIONVILLERD,NONE
2784,ISP BLOOMINGTON 33,BLOOMINGTON,2021-02-10T00:00:00,5:02 PM,1,,0,0,0,"","","",I-69 S,"","",845,S,39.26174543,-86.52332478,INTERSTATE,"",RURAL,N,N,N,"",DAYLIGHT,SNOW,SNOW/SLUSH,"",NO JUNCTION INVOLVED,"",CONCRETE,SPEED TOO FAST FOR WEATHER CONDITIONS,RAN OFF ROAD,WayportRdI-69,""
2785,INDIANA UNIV BLOOMINGTON PD,BLOOMINGTON,2021-02-10T00:00:00,5:35 PM,2,0,0,0,0,"","","",SR 45/46,E DISCOVERY PKWY,"",,"",0,0,STATE ROAD,N,URBAN,N,N,N,"",DAYLIGHT,SNOW,WET,"",T-INTERSECTION,STRAIGHT/GRADE,ASPHALT,FAILURE TO YIELD RIGHT OF WAY,RIGHT TURN,DISCOVERYPKWYSR4546N,TRAFFIC CONTROL SIGNAL
2786,MONROE SD,BLOOMINGTON,2021-02-09T00:00:00,1:19 AM,1,0,0,0,0,3500,"","",S SNODDY RD,"","",2000,N,39.121584,-86.489744,LOCAL/CITY ROAD,N,RURAL,N,N,N,"",DARK (NOT LIGHTED),SNOW,SNOW/SLUSH,"",NO JUNCTION INVOLVED,STRAIGHT/GRADE,ASPHALT,RAN OFF ROAD RIGHT,RAN OFF ROAD,EASTRHORERRDSOUTHSNODDYRD,NONE
2787,MONROE SD,BLOOMINGTON,2021-02-09T00:00:00,6:31 AM,1,0,0,0,0,"","","",SR 45,"","",1000,E,39.17523663,-86.48104956,STATE ROAD,N,RURAL,N,Y,N,"",DARK (LIGHTED),SNOW,SNOW/SLUSH,"",NO JUNCTION INVOLVED,CURVE/LEVEL,ASPHALT,RAN OFF ROAD RIGHT,RAN OFF ROAD,EOOLEYAVESR45E,NONE
2788,MONROE SD,BLOOMINGTON,2021-02-09T00:00:00,10:46 AM,1,0,0,0,0,"","",Y,SR 45/46,I-69 S,"",,"",39.17661868,-86.50507133,STATE ROAD,N,URBAN,N,N,N,"",DAYLIGHT,SNOW,SNOW/SLUSH,"",NO JUNCTION INVOLVED,CURVE/GRADE,ASPHALT,ROADWAY SURFACE CONDITION,RAN OFF ROAD,NINTERSTATE69HWYSR46W,LANE CONTROL
2789,BLOOMINGTON PD,BLOOMINGTON,2021-02-09T00:00:00,11:15 AM,2,0,0,0,0,"","","",E 3RD ST,S DUNN ST,"",100,W,39.164448,-86.528096,LOCAL/CITY ROAD,N,URBAN,N,N,N,"",DAYLIGHT,CLOUDY,SNOW/SLUSH,"",T-INTERSECTION,STRAIGHT/HILLCREST,ASPHALT,FOLLOWING TOO CLOSELY,REAR END,EAST3RDSTSOUTHDUNNST,NONE
2790,MONROE SD,BLOOMINGTON,2021-02-09T00:00:00,12:01 PM,1,0,0,0,0,"","","",SR 446,"","",300,N,39.13138657,-86.4252816,STATE ROAD,N,RURAL,N,Y,N,"",DAYLIGHT,CLOUDY,WET,"",NO JUNCTION INVOLVED,CURVE/HILLCREST,ASPHALT,RAN OFF ROAD RIGHT,RAN OFF ROAD,EMERITTDRSR446S,NONE
2791,BLOOMINGTON PD,BLOOMINGTON,2021-02-09T00:00:00,12:08 PM,1,0,0,0,0,"","","",I-69 S,SR 48,"",150,S,39.14866037,-86.573015,INTERSTATE,N,URBAN,N,N,N,"",DAYLIGHT,SNOW,WET,"",NO JUNCTION INVOLVED,STRAIGHT/LEVEL,ASPHALT,SPEED TOO FAST FOR WEATHER CONDITIONS,OTHER - EXPLAIN IN NARRATIVE,3RDSTI69S,NONE
2792,INDIANA UNIV BLOOMINGTON PD,BLOOMINGTON,2021-02-09T00:00:00,3:00 PM,2,0,0,0,0,908,"","",N WOODLAWN AVE,"","",,"",39.1567441,-86.52268903,LOCAL/CITY ROAD,N,URBAN,N,N,N,"",DAYLIGHT,CLEAR,SNOW/SLUSH,"",NO JUNCTION INVOLVED,STRAIGHT/LEVEL,ASPHALT,IMPROPER TURNING,RIGHT TURN,WOODLAWNAVE,TRAFFIC CONTROL SIGNAL
2793,INDIANA UNIV BLOOMINGTON PD,BLOOMINGTON,2021-02-09T00:00:00,9:20 PM,2,0,0,0,0,"","","",N INDIANA AVE,E 13TH ST,"",,"",39.175247,-86.527004,LOCAL/CITY ROAD,Y,URBAN,N,N,N,"",DARK (LIGHTED),CLEAR,WET,"",FOUR-WAY INTERSECTION,STRAIGHT/LEVEL,ASPHALT,DISREGARD SIGNAL/REG SIGN,RIGHT ANGLE,INDIANAAVETHIRTEENTHST,STOP SIGN
2794,BLOOMINGTON PD,BLOOMINGTON,2021-02-08T00:00:00,9:53 AM,3,0,0,0,0,"","","",SR 46,S COLLEGE MALL RD,"",,"",39.16424,-86.4984,LOCAL/CITY ROAD,N,URBAN,N,N,N,"",DAYLIGHT,CLOUDY,DRY,"",FOUR-WAY INTERSECTION,STRAIGHT/LEVEL,ASPHALT,FAILURE TO YIELD RIGHT OF WAY,RIGHT ANGLE,E3RDSTSCOLLEGEMALLRD,TRAFFIC CONTROL SIGNAL
2795,MONROE SD,BLOOMINGTON,2021-02-08T00:00:00,10:05 AM,2,0,0,0,0,"","","",I-69 S,SR 48,"",600,S,38.97169474,-87.05465397,INTERSTATE,N,URBAN,N,N,N,"",DAYLIGHT,CLOUDY,DRY,"",NO JUNCTION INVOLVED,STRAIGHT/LEVEL,CONCRETE,UNSAFE LANE MOVEMENT,SAME DIRECTION SIDESWIPE,I69SW3RDST,NONE
2796,BLOOMINGTON PD,BLOOMINGTON,2021-02-08T00:00:00,12:15 PM,2,0,0,0,0,"","","",N WALNUT ST,E 10TH ST,"",,"",39.171744,-86.53352,LOCAL/CITY ROAD,N,URBAN,N,N,N,"",DAYLIGHT,CLOUDY,DRY,"",FOUR-WAY INTERSECTION,STRAIGHT/HILLCREST,ASPHALT,DISREGARD SIGNAL/REG SIGN,RIGHT ANGLE,EAST10THSTNORTHWALNUTST,TRAFFIC CONTROL SIGNAL
2797,MONROE SD,BLOOMINGTON,2021-02-08T00:00:00,2:59 PM,2,0,0,0,0,"","","",W TAPP RD,"","",700,W,39.13704002,-86.57997274,COUNTY ROAD,Y,RURAL,N,N,Y,INTERMITTENT OR MOVING WORK,DAYLIGHT,CLEAR,DRY,"",NO JUNCTION INVOLVED,STRAIGHT/GRADE,ASPHALT,FAILURE TO YIELD RIGHT OF WAY,SAME DIRECTION SIDESWIPE,SRAYLEPLTAPPRD,OTHER REGULATORY SIGN/MARKING
2798,ISP BLOOMINGTON 33,BLOOMINGTON,2021-02-08T00:00:00,5:15 PM,1,,0,0,0,"","","",W BURMA RD,"","",0,S,39.33715078,-86.55085929,COUNTY ROAD,"",RURAL,N,N,N,"",DAYLIGHT,SNOW,SNOW/SLUSH,"",NO JUNCTION INVOLVED,"",ASPHALT,SPEED TOO FAST FOR WEATHER CONDITIONS,RAN OFF ROAD,WBurmaRd,""
2799,BLOOMINGTON PD,BLOOMINGTON,2021-02-08T00:00:00,6:33 PM,2,0,0,0,0,"","","",W 3RD ST,S KIMBLE DR,"",,"",39.16464,-86.568,LOCAL/CITY ROAD,N,URBAN,N,N,N,"",DARK (LIGHTED),SNOW,WET,"",FOUR-WAY INTERSECTION,STRAIGHT/LEVEL,ASPHALT,FAILURE TO YIELD RIGHT OF WAY,RIGHT TURN,SOUTHKIMBLEDRWEST3RDST,TRAFFIC CONTROL SIGNAL
2800,ISP BLOOMINGTON 33,ELLETTSVILLE,2021-02-08T00:00:00,6:40 PM,2,,0,0,0,"","","",SR 46,W HEDRICK RD,"",0,S,39.28122513,-86.68231082,STATE ROAD,"",RURAL,N,N,N,"",DARK (NOT LIGHTED),SNOW,SNOW/SLUSH,"",NO JUNCTION INVOLVED,"",ASPHALT,SPEED TOO FAST FOR WEATHER CONDITIONS,HEAD ON BETWEEN TWO MOTOR VEHICLES,StateRd46,""
2801,BLOOMINGTON PD,BLOOMINGTON,2021-02-08T00:00:00,7:28 PM,2,0,0,0,0,"","","",E 2ND ST,S HENDERSON ST,"",,"",39.161343,-86.527206,LOCAL/CITY ROAD,N,URBAN,N,N,N,"",DARK (NOT LIGHTED),BLOWING SAND/SOIL/SNOW,SNOW/SLUSH,"",FOUR-WAY INTERSECTION,STRAIGHT/HILLCREST,ASPHALT,OTHER (ENVIRONMENTAL) - EXPLAIN IN NARR,REAR END,E2NDSTSHENDERSONST,STOP SIGN
2802,BLOOMINGTON PD,BLOOMINGTON,2021-02-08T00:00:00,7:42 PM,2,0,0,0,0,"","","",N ADAMS ST,W KIRKWOOD AVE,"",,"",39.166816,-86.549488,LOCAL/CITY ROAD,Y,URBAN,N,N,N,"",DARK (LIGHTED),SNOW,SNOW/SLUSH,"",FOUR-WAY INTERSECTION,CURVE/GRADE,CONCRETE,FOLLOWING TOO CLOSELY,REAR END,NADAMSSTWKIRKWOODAVE,NONE
2803,MONROE SD,BLOOMINGTON,2021-02-08T00:00:00,7:56 PM,2,0,0,0,0,"","","",S ROCKPORT RD,W STANSIFER CT,"",,"",39.107529,-86.575862,LOCAL/CITY ROAD,N,RURAL,N,N,N,"",DARK (NOT LIGHTED),SNOW,SNOW/SLUSH,"",T-INTERSECTION,STRAIGHT/GRADE,ASPHALT,FOLLOWING TOO CLOSELY,REAR END,ROCKPORTRDSTANSIFERLN,NONE
2804,BLOOMINGTON PD,BLOOMINGTON,2021-02-08T00:00:00,8:40 PM,1,0,0,0,0,"","","",W 2ND ST,S COLLEGE AVE,"",,"",39.161366,-86.534943,LOCAL/CITY ROAD,N,URBAN,N,N,N,"",DARK (LIGHTED),BLOWING SAND/SOIL/SNOW,SNOW/SLUSH,"",FOUR-WAY INTERSECTION,STRAIGHT/GRADE,ASPHALT,SPEED TOO FAST FOR WEATHER CONDITIONS,RAN OFF ROAD,SCOLLEGEAVEW2NDST,TRAFFIC CONTROL SIGNAL
2805,INDIANA UNIV BLOOMINGTON PD,BLOOMINGTON,2021-02-08T00:00:00,8:40 PM,2,0,0,0,0,"","","",N JORDAN AVE,E 10TH ST,"",,"",39.171584,-86.515629,LOCAL/CITY ROAD,Y,URBAN,N,N,N,"",DARK (LIGHTED),SNOW,SNOW/SLUSH,"",FOUR-WAY INTERSECTION,STRAIGHT/LEVEL,ASPHALT,ROADWAY SURFACE CONDITION,REAR END,JORDANAVETENTHST,TRAFFIC CONTROL SIGNAL
2806,BLOOMINGTON PD,BLOOMINGTON,2021-02-07T00:00:00,1:00 AM,2,0,0,0,0,703,"","",E COLONIAL CREST RD,"","",,"",39.185232,-86.54060206,UNKNOWN,Y,URBAN,N,N,N,"",DAYLIGHT,CLOUDY,WET,"",NO JUNCTION INVOLVED,STRAIGHT/LEVEL,ASPHALT,IMPROPER TURNING,LEFT TURN,WGOURLEYPIKE,NONE
2807,MONROE SD,BLOOMINGTON,2021-02-07T00:00:00,6:16 AM,1,0,0,0,0,"","","",W RATLIFF RD,N HARTSTRAIT RD,"",100,W,39.209109,-86.61136933,LOCAL/CITY ROAD,Y,RURAL,N,N,N,"",DARK (LIGHTED),CLOUDY,SNOW/SLUSH,"",NO JUNCTION INVOLVED,STRAIGHT/GRADE,ASPHALT,RAN OFF ROAD RIGHT,RAN OFF ROAD,NHARTSTRAITRDWRATLIFFRD,LANE CONTROL
2808,INDIANA UNIV BLOOMINGTON PD,BLOOMINGTON,2021-02-07T00:00:00,9:55 AM,2,0,0,0,0,"","","",S INDIANA AVE,E 3RD ST,"",,"",39.164287,-86.526904,LOCAL/CITY ROAD,N,URBAN,N,N,N,"",DAYLIGHT,CLEAR,WET,"",FOUR-WAY INTERSECTION,STRAIGHT/LEVEL,ASPHALT,WRONG WAY ON ONE WAY,RIGHT ANGLE,INDIANAAVETHIRDST,TRAFFIC CONTROL SIGNAL
2809,BLOOMINGTON PD,BLOOMINGTON,2021-02-07T00:00:00,2:33 PM,2,0,0,0,0,"","","",W ISAACS DR,S DOLIMAH AVE,"",400,E,39.1634189,-86.55392302,LOCAL/CITY ROAD,Y,URBAN,N,N,N,"",DAYLIGHT,CLEAR,DRY,"",FOUR-WAY INTERSECTION,STRAIGHT/LEVEL,ASPHALT,UNSAFE LANE MOVEMENT,OPPOSITE DIRECTION SIDESWIPE,SWESTPLEXAVEWISAACDR,NONE
2810,MONROE SD,BLOOMINGTON,2021-02-07T00:00:00,10:42 PM,1,0,0,0,0,"","","",S KIRBY RD,"","",500,S,39.11181268,-86.597581,COUNTY ROAD,N,RURAL,N,N,N,"",DARK (NOT LIGHTED),CLEAR,DRY,"",NO JUNCTION INVOLVED,STRAIGHT/LEVEL,ASPHALT,OTHER (ENVIRONMENTAL) - EXPLAIN IN NARR,COLLISION WITH OBJECT IN ROAD,KIRBYRDSTATEROAD48HWY,NONE
2811,BLOOMINGTON PD,BLOOMINGTON,2021-02-06T00:00:00,5:54 PM,2,0,0,0,0,"","","",S ROGERS ST,W 2ND ST,"",,"",39.16138,-86.53867,LOCAL/CITY ROAD,Y,URBAN,N,N,N,"",DAYLIGHT,CLEAR,DRY,"",FOUR-WAY INTERSECTION,STRAIGHT/GRADE,ASPHALT,DISREGARD SIGNAL/REG SIGN,RIGHT ANGLE,SROGERSSTW2NDST,TRAFFIC CONTROL SIGNAL
2812,BLOOMINGTON PD,BLOOMINGTON,2021-02-06T00:00:00,6:32 PM,2,0,0,0,0,"","","",N COLLEGE AVE,W 8TH ST,"",,"",39.169552,-86.534784,COUNTY ROAD,N,URBAN,N,N,N,"",DARK (LIGHTED),CLEAR,DRY,"",FOUR-WAY INTERSECTION,STRAIGHT/LEVEL,CONCRETE,UNSAFE LANE MOVEMENT,SAME DIRECTION SIDESWIPE,NCOLLEGEAVEW8THST,LANE CONTROL
2813,MONROE SD,BLOOMINGTON,2021-02-06T00:00:00,9:52 PM,1,0,0,0,2,"","","",I-69 S,"","",20,S,0,0,INTERSTATE,N,RURAL,N,Y,N,"",DARK (NOT LIGHTED),CLOUDY,DRY,"",NO JUNCTION INVOLVED,STRAIGHT/LEVEL,ASPHALT,ANIMAL/OBJECT IN ROADWAY,COLLISION WITH DEER,I69S109.5,NONE
2814,MONROE SD,BLOOMINGTON,2021-02-06T00:00:00,10:45 PM,1,0,0,0,0,"","","",W ELWREN RD,"","",1000,E,39.10824,-86.666192,COUNTY ROAD,N,RURAL,N,N,N,"",DARK (NOT LIGHTED),SNOW,WET,"",T-INTERSECTION,CURVE/GRADE,ASPHALT,RAN OFF ROAD RIGHT,RAN OFF ROAD,STANFORDRDWESTELWRENRD,NONE
2815,MONROE SD,BLOOMINGTON,2021-02-05T00:00:00,11:40 AM,2,0,0,0,0,"","","",SR 45,"","",300,E,39.12988859,-86.60352445,STATE ROAD,N,RURAL,N,N,B,"",DAYLIGHT,CLEAR,DRY,"",NO JUNCTION INVOLVED,STRAIGHT/HILLCREST,ASPHALT,VIEW OBSTRUCTED,REAR END,BUNGERRDSR45W,LANE CONTROL
2816,ISP BLOOMINGTON 33,BLOOMINGTON,2021-02-05T00:00:00,1:42 PM,2,,0,0,0,"",103,M,I-69 S,SR 45/46,"",0,S,39.18604943,-86.55803329,INTERSTATE,"",RURAL,N,N,N,"",DARK (NOT LIGHTED),CLEAR,DRY,"",RAMP,"",ASPHALT,UNSAFE LANE MOVEMENT,SAME DIRECTION SIDESWIPE,SR37,""
2817,MONROE SD,BLOOMINGTON,2021-02-05T00:00:00,5:12 PM,1,0,0,0,0,"","","",SR 37,"","",1000,N,38.99476252,-86.53728083,STATE ROAD,Y,RURAL,N,N,N,"",DAYLIGHT,CLEAR,DRY,"",NO JUNCTION INVOLVED,STRAIGHT/GRADE,ASPHALT,FOLLOWING TOO CLOSELY,OTHER - EXPLAIN IN NARRATIVE,INGRAMRDSR37S,NONE
2818,BLOOMINGTON PD,BLOOMINGTON,2021-02-05T00:00:00,9:47 PM,2,0,0,0,0,"","","",N WALNUT ST,W 6TH ST,"",,"",39.167648,-86.533584,LOCAL/CITY ROAD,N,URBAN,N,N,N,"",DARK (LIGHTED),CLOUDY,DRY,"",NO JUNCTION INVOLVED,STRAIGHT/GRADE,ASPHALT,FAILURE TO YIELD RIGHT OF WAY,SAME DIRECTION SIDESWIPE,6THSTWALNUTST,LANE CONTROL
2819,ELLETTSVILLE PD,ELLETTSVILLE,2021-02-05T00:00:00,11:50 PM,1,0,0,0,0,7821,"","",SR 46,N RED HILL RD,"",2500,W,39.24688889,-86.64537936,STATE ROAD,N,URBAN,N,N,N,"",DARK (NOT LIGHTED),CLEAR,DRY,"",NO JUNCTION INVOLVED,STRAIGHT/LEVEL,ASPHALT,ANIMAL/OBJECT IN ROADWAY,COLLISION WITH ANIMAL OTHER,NREDHILLRDSR46W,LANE CONTROL
2820,BLOOMINGTON PD,BLOOMINGTON,2021-02-04T00:00:00,1:00 AM,1,0,1,0,0,500,"","",W NORTHLANE DR,N KINSER PIKE,"",,"",39.1826782,-86.5393066,UNKNOWN,Y,URBAN,N,N,N,"",DARK (LIGHTED),CLOUDY,DRY,"",NO JUNCTION INVOLVED,CURVE/GRADE,ASPHALT,RAN OFF ROAD RIGHT,RAN OFF ROAD,NORTHLANEDR,NONE
2821,ISP BLOOMINGTON 33,BLOOMINGTON,2021-02-04T00:00:00,12:03 PM,2,,0,0,0,"","","",I-69 N,"","",686,W,39.16756491,-86.57252259,INTERSTATE,"",URBAN,N,N,N,"",DAYLIGHT,SLEET/HAIL/FREEZING RAIN,WET,"",NO JUNCTION INVOLVED,"",ASPHALT,"",SAME DIRECTION SIDESWIPE,WHolidayDrI-69,""
2822,MONROE SD,BLOOMINGTON,2021-02-04T00:00:00,2:02 PM,2,0,0,0,0,"","","",SR 446,"","",2700,S,38.82710542,-86.4313553,STATE ROAD,N,RURAL,N,N,N,"",DAYLIGHT,SLEET/HAIL/FREEZING RAIN,WET,"",NO JUNCTION INVOLVED,CURVE/GRADE,ASPHALT,SPEED TOO FAST FOR WEATHER CONDITIONS,HEAD ON BETWEEN TWO MOTOR VEHICLES,SOLDRICHARDSONRDSR446S,NONE