_id,Agency,City,Collision Date,Collision Time,Vehicles Involved,Trailers Involved,Number Injured,Number Dead,Number Deer,House Number,Roadway Interchange,Roadway Ramp,Roadway Id,Intersecting Road,Interchange,Feet From,Direction,Latitude,Longitude,Roadway Class,Hit and Run?,Locality,School Zone?,Rumble Strips?,Construction?,Construction Type,Light Condition,Weather Conditions,Surface Condition,Type of Median,Roadway Junction Type,Road Character,Roadway Surface,Primary Factor,Manner of Collision,Unique Location Id,Traffic Control
2823,MONROE SD,BLOOMINGTON,2021-02-04T00:00:00,2:31 PM,2,0,0,0,0,"","","",N SMITH PIKE,"","",1500,N,0,0,COUNTY ROAD,N,RURAL,N,N,N,"",DAYLIGHT,RAIN,WET,"",NO JUNCTION INVOLVED,STRAIGHT/GRADE,ASPHALT,SPEED TOO FAST FOR WEATHER CONDITIONS,OPPOSITE DIRECTION SIDESWIPE,SMITHPIKEWOODYARDRD,NONE
2824,BLOOMINGTON PD,BLOOMINGTON,2021-02-04T00:00:00,2:35 PM,2,0,2,0,0,"","","",S ROGERS ST,W COUNTRY CLUB DR,"",,"",39.13608,-86.538096,LOCAL/CITY ROAD,N,URBAN,N,N,N,"",DAYLIGHT,RAIN,WET,"",FOUR-WAY INTERSECTION,STRAIGHT/GRADE,ASPHALT,FOLLOWING TOO CLOSELY,REAR END,SROGERSSTWCOUNTRYCLUBDR,TRAFFIC CONTROL SIGNAL
2825,BLOOMINGTON PD,BLOOMINGTON,2021-02-04T00:00:00,2:55 PM,2,0,2,0,0,"","","",S HENDERSON ST,E ALLEN ST,"",,"",39.155744,-86.527056,LOCAL/CITY ROAD,N,URBAN,N,N,N,"",DAYLIGHT,RAIN,WET,"",FOUR-WAY INTERSECTION,STRAIGHT/GRADE,ASPHALT,LEFT OF CENTER,OPPOSITE DIRECTION SIDESWIPE,ALLENSTHENDERSONST,STOP SIGN
2826,MONROE SD,BLOOMINGTON,2021-02-03T00:00:00,3:01 AM,2,0,0,0,0,"","","",SR 45,"","",2430,W,39.0867614,-86.68054752,STATE ROAD,N,RURAL,N,N,N,"",DARK (NOT LIGHTED),CLEAR,DRY,"",NO JUNCTION INVOLVED,STRAIGHT/HILLCREST,ASPHALT,ANIMAL/OBJECT IN ROADWAY,COLLISION WITH ANIMAL OTHER,BREEDENRDSR45W,NONE
2827,BLOOMINGTON PD,BLOOMINGTON,2021-02-03T00:00:00,6:08 AM,1,0,0,0,1,"","","",SR 45/46,N FEE LN,"",,"",39.186032,-86.51984,STATE ROAD,N,URBAN,N,N,N,"",DARK (NOT LIGHTED),CLEAR,DRY,"",FOUR-WAY INTERSECTION,STRAIGHT/GRADE,ASPHALT,ANIMAL/OBJECT IN ROADWAY,COLLISION WITH DEER,FEELNSR46E,TRAFFIC CONTROL SIGNAL
2828,BLOOMINGTON PD,BLOOMINGTON,2021-02-03T00:00:00,3:43 PM,2,0,0,0,0,3939,"","",SR 48,S CURRY PIKE,"",100,E,39.16465,-86.58294765,LOCAL/CITY ROAD,N,URBAN,N,N,N,"",DAYLIGHT,CLEAR,DRY,"",NO JUNCTION INVOLVED,STRAIGHT/LEVEL,ASPHALT,FAILURE TO YIELD RIGHT OF WAY,SAME DIRECTION SIDESWIPE,SCURRYPIKEW3RDST,NONE
2829,MONROE SD,BLOOMINGTON,2021-02-02T00:00:00,6:40 AM,2,0,1,0,0,"","","",SR 46,N SMITH PIKE,"",500,"",39.210144,-86.5832,STATE ROAD,N,URBAN,N,N,N,"",DARK (LIGHTED),CLEAR,WET,"",FOUR-WAY INTERSECTION,STRAIGHT/GRADE,ASPHALT,FOLLOWING TOO CLOSELY,REAR END,NSMITHPIKESR46W,LANE CONTROL
2830,INDIANA UNIV BLOOMINGTON PD,BLOOMINGTON,2021-02-02T00:00:00,4:15 PM,2,0,0,0,0,"","","",E 10TH ST,N WOODLAWN AVE,"",,"",39.171625,-86.523506,LOCAL/CITY ROAD,N,URBAN,N,N,N,"",DAYLIGHT,CLEAR,DRY,"",FOUR-WAY INTERSECTION,STRAIGHT/LEVEL,ASPHALT,FOLLOWING TOO CLOSELY,REAR END,TENTHSTWOODLAWNAVE,TRAFFIC CONTROL SIGNAL
2831,BLOOMINGTON PD,BLOOMINGTON,2021-02-02T00:00:00,4:22 PM,2,0,0,0,0,"","","",W COUNTRY CLUB DR,"","",700,E,,,LOCAL/CITY ROAD,N,URBAN,N,N,N,"",DAYLIGHT,CLOUDY,DRY,"",NO JUNCTION INVOLVED,CURVE/GRADE,ASPHALT,FOLLOWING TOO CLOSELY,REAR END,ROGERSSTWCOUNTRYCLUBRD,NONE
2832,MONROE SD,BLOOMINGTON,2021-02-02T00:00:00,5:41 PM,2,0,0,0,0,"","","",N SMITH PIKE,CARMOLA DR,"",,"",39.2045595,-86.58901099,COUNTY ROAD,N,RURAL,N,N,N,"",DAYLIGHT,CLOUDY,DRY,"",T-INTERSECTION,STRAIGHT/LEVEL,ASPHALT,FOLLOWING TOO CLOSELY,REAR END,CARMOLADRSMITHPIKE,NONE
2833,INDIANA UNIV BLOOMINGTON PD,BLOOMINGTON,2021-02-02T00:00:00,8:55 PM,2,0,1,0,0,"","","",S WOODLAWN AVE,E ATWATER AVE,"",,"",39.16311,-86.522621,LOCAL/CITY ROAD,N,URBAN,N,N,N,"",DARK (LIGHTED),CLEAR,DRY,"",FOUR-WAY INTERSECTION,STRAIGHT/LEVEL,ASPHALT,FAILURE TO YIELD RIGHT OF WAY,LEFT TURN,ATWATERAVEWOODLAWNAVE,TRAFFIC CONTROL SIGNAL
2834,MONROE SD,BLOOMINGTON,2021-02-01T00:00:00,12:15 AM,1,0,0,0,0,4850,"","",CUTRIGHT STATE RECREATION AREA RD,CUTRIGHT STATE RECREATION BOAT LAUNCH,"",,"",39.091727,-86.423531,UNKNOWN,N,RURAL,N,N,N,"",DARK (NOT LIGHTED),SNOW,SNOW/SLUSH,"",NO JUNCTION INVOLVED,CURVE/GRADE,ASPHALT,SPEED TOO FAST FOR WEATHER CONDITIONS,RAN OFF ROAD,SSTATEROAD446HWY,STOP SIGN
2835,MONROE SD,BLOOMINGTON,2021-02-01T00:00:00,4:30 AM,1,0,0,0,0,9091,"","",W EVANS RD,S BURCH RD,"",,"",39.079552,-86.666592,LOCAL/CITY ROAD,N,RURAL,N,N,N,"",DARK (NOT LIGHTED),SNOW,SNOW/SLUSH,"",NO JUNCTION INVOLVED,STRAIGHT/GRADE,ASPHALT,RAN OFF ROAD RIGHT,RAN OFF ROAD,WEVANSRD,NONE
2836,MONROE SD,BLOOMINGTON,2021-02-01T00:00:00,4:42 AM,1,0,0,0,0,"","","",W LEONARD SPRINGS RD,W FULLERTON PIKE,"",,"",39.123376,-86.582592,LOCAL/CITY ROAD,N,URBAN,N,N,N,"",DARK (NOT LIGHTED),SNOW,SNOW/SLUSH,"",T-INTERSECTION,CURVE/GRADE,ASPHALT,SPEED TOO FAST FOR WEATHER CONDITIONS,RAN OFF ROAD,SOUTHFULLERTONPIKEWESTLEONARDSPRINGSRD,STOP SIGN
2837,ISP BLOOMINGTON 33,BLOOMINGTON,2021-02-01T00:00:00,8:35 AM,1,,2,0,0,"","","",SR 45,"","",300,E,39.0868957,-86.68162976,STATE ROAD,"",RURAL,N,N,N,"",DAYLIGHT,CLOUDY,ICE,"",NO JUNCTION INVOLVED,"",ASPHALT,"","",WStateRd45CountyLineRoad,""
2838,BLOOMINGTON PD,BLOOMINGTON,2021-02-01T00:00:00,2:15 PM,2,0,0,0,0,"","","",E MILLER DR,S HENDERSON ST,"",100,W,39.147152,-86.526896,LOCAL/CITY ROAD,N,URBAN,Y,N,N,"",DAYLIGHT,CLOUDY,WET,"",NO JUNCTION INVOLVED,STRAIGHT/GRADE,ASPHALT,FAILURE TO YIELD RIGHT OF WAY,LEFT TURN,EMILLERDRSHENDERSONST,STOP SIGN
2839,MONROE SD,BLOOMINGTON,2021-02-01T00:00:00,6:06 PM,1,0,0,0,0,3656,"","",E ROGERS RD,S SMITH RD,"",,"",39.12376686,-86.53886857,LOCAL/CITY ROAD,N,RURAL,N,N,N,"",DAWN/DUSK,CLOUDY,LOOSE MATERIAL ON ROAD,"",NO JUNCTION INVOLVED,STRAIGHT/GRADE,CONCRETE,DRIVER DISTRACTED - EXPLAIN IN NARRATIVE,RAN OFF ROAD,EROGERSRD,NONE
2840,ISP BLOOMINGTON 33,ELLETTSVILLE,2021-02-01T00:00:00,7:08 PM,1,,0,0,0,"","","",SR 46,W FLATWOODS RD,"",0,S,39.25059461,-86.65242563,STATE ROAD,"",RURAL,N,N,N,"",DARK (NOT LIGHTED),CLEAR,DRY,"",NO JUNCTION INVOLVED,"",ASPHALT,ROADWAY SURFACE CONDITION,COLLISION WITH OBJECT IN ROAD,StateRd46,""
2841,MONROE SD,BLOOMINGTON,2021-02-01T00:00:00,7:45 PM,1,0,0,0,1,"","","",S SNODDY RD,"","",200,N,39.14246652,-86.489508,LOCAL/CITY ROAD,N,RURAL,N,N,N,"",DARK (LIGHTED),CLEAR,DRY,"",NO JUNCTION INVOLVED,STRAIGHT/LEVEL,ASPHALT,ANIMAL/OBJECT IN ROADWAY,COLLISION WITH DEER,ERHORERRDSSNOODYRD,NONE
2842,MONROE SD,BLOOMINGTON,2021-02-01T00:00:00,8:12 PM,1,0,0,0,0,3955,"","",W ARLINGTON RD,"","",,"",39.209952,-86.582896,UNKNOWN,N,RURAL,N,N,N,"",DARK (NOT LIGHTED),CLEAR,DRY,"",NO JUNCTION INVOLVED,STRAIGHT/GRADE,ASPHALT,OTHER (VEHICLE) - EXPLAIN IN NARRATIVE,OTHER - EXPLAIN IN NARRATIVE,WARLINGTONRD,NONE
2843,ISP BLOOMINGTON 33,BLOOMINGTON,2021-01-31T00:00:00,1:55 AM,1,,0,0,0,"","","",SR 446,"","",264,S,39.09157637,-86.42296795,STATE ROAD,"",RURAL,N,N,N,"",DARK (NOT LIGHTED),SNOW,WET,"",T-INTERSECTION,"",ASPHALT,"",RAN OFF ROAD,StateRd446PaynetownRd,""
2844,ISP BLOOMINGTON 33,BLOOMINGTON,2021-01-31T00:00:00,6:00 AM,1,,1,0,0,"","","",N PROW RD,"","",739,S,39.20319581,-86.55205745,LOCAL/CITY ROAD,"",RURAL,N,N,N,"",DARK (NOT LIGHTED),RAIN,SNOW/SLUSH,"",NO JUNCTION INVOLVED,"",ASPHALT,SPEED TOO FAST FOR WEATHER CONDITIONS,"",WHedgeAppleLnNProwRd,""
2845,BLOOMINGTON PD,BLOOMINGTON,2021-01-31T00:00:00,8:30 AM,2,0,0,0,0,826,"","",W KIRKWOOD AVE,N WALDRON ST,"",100,W,39.16672,-86.542096,LOCAL/CITY ROAD,Y,URBAN,N,N,N,"",DAWN/DUSK,SLEET/HAIL/FREEZING RAIN,SNOW/SLUSH,"",FOUR-WAY INTERSECTION,STRAIGHT/LEVEL,ASPHALT,IMPROPER LANE USAGE,SAME DIRECTION SIDESWIPE,NMAPLESTWKIRKWOODAVE,NONE
2846,BLOOMINGTON PD,BLOOMINGTON,2021-01-31T00:00:00,8:35 AM,1,0,0,0,0,"","","",E WINSLOW RD,S PICADILLY ST,"",,"",39.136144,-86.524496,LOCAL/CITY ROAD,N,URBAN,N,N,N,"",DAYLIGHT,RAIN,WET,"",T-INTERSECTION,STRAIGHT/LEVEL,ASPHALT,LEFT OF CENTER,COLLISION WITH OBJECT IN ROAD,EWINSLOWRDSPICADILLYST,LANE CONTROL
2847,MONROE SD,BLOOMINGTON,2021-01-31T00:00:00,10:40 AM,2,0,0,0,0,"","","",N MATTHEWS DR,W MAPLE GROVE RD,"",1800,S,39.245408,-86.6204,LOCAL/CITY ROAD,N,RURAL,N,N,N,"",DAYLIGHT,RAIN,WET,"",NO JUNCTION INVOLVED,STRAIGHT/GRADE,ASPHALT,OTHER (VEHICLE) - EXPLAIN IN NARRATIVE,REAR END,MAPLEGROVERDMATHEWESDR,NONE
2848,BLOOMINGTON PD,BLOOMINGTON,2021-01-31T00:00:00,5:40 PM,2,0,0,0,0,"","","",S CURRY PIKE,SR 48,"",,"",39.16465,-86.582939,LOCAL/CITY ROAD,N,URBAN,N,N,N,"",DAWN/DUSK,SNOW,SNOW/SLUSH,"",FOUR-WAY INTERSECTION,STRAIGHT/LEVEL,ASPHALT,FAILURE TO YIELD RIGHT OF WAY,RIGHT ANGLE,SOUTHCURRYPIKEWEST3RDST,TRAFFIC CONTROL SIGNAL
2849,ISP BLOOMINGTON 33,BLOOMINGTON,2021-01-31T00:00:00,6:30 PM,1,,0,0,0,"","","",I-69 N,"","",1003,N,39.18060534,-86.55750259,INTERSTATE,"",URBAN,N,N,N,"",DARK (NOT LIGHTED),SNOW,SNOW/SLUSH,"",NO JUNCTION INVOLVED,"",ASPHALT,"","",NCrescentRdI-69,""
2850,MONROE SD,BLOOMINGTON,2021-01-31T00:00:00,7:28 PM,1,0,0,0,0,"","","",W ELWREN RD,"","",600,W,39.10818591,-86.64562543,COUNTY ROAD,N,RURAL,N,N,N,"",DARK (NOT LIGHTED),SNOW,SNOW/SLUSH,"",T-INTERSECTION,CURVE/GRADE,ASPHALT,RAN OFF ROAD RIGHT,RAN OFF ROAD,ELWRENRDWESTSTATE45RD,NONE
2851,MONROE SD,BLOOMINGTON,2021-01-31T00:00:00,7:30 PM,1,0,0,0,0,"","","",S SNOW RD,"","",1000,N,39.01808,-86.651328,LOCAL/CITY ROAD,N,RURAL,N,N,N,"",DARK (NOT LIGHTED),SNOW,SNOW/SLUSH,"",NO JUNCTION INVOLVED,STRAIGHT/LEVEL,ASPHALT,OTHER (DRIVER) - EXPLAIN IN NARRATIVE,RAN OFF ROAD,SLEEPHILLIPSRDSSNOWRD,NONE
2852,MONROE SD,BLOOMINGTON,2021-01-31T00:00:00,8:08 PM,1,0,0,0,0,"","","",E ROGERS RD,S SMITH RD,"",250,W,39.1359625,-86.48716687,COUNTY ROAD,N,RURAL,N,N,B,"",DARK (NOT LIGHTED),SLEET/HAIL/FREEZING RAIN,SNOW/SLUSH,"",NO JUNCTION INVOLVED,CURVE/GRADE,ASPHALT,SPEED TOO FAST FOR WEATHER CONDITIONS,RAN OFF ROAD,ROGERSRDSADDLEBROOKST,NONE
2853,BLOOMINGTON PD,BLOOMINGTON,2021-01-31T00:00:00,8:48 PM,1,0,0,0,0,"","","",W ARLINGTON RD,"","",200,S,0,0,LOCAL/CITY ROAD,N,URBAN,N,N,N,"",DARK (NOT LIGHTED),SLEET/HAIL/FREEZING RAIN,SNOW/SLUSH,"",NO JUNCTION INVOLVED,CURVE/LEVEL,CONCRETE,SPEED TOO FAST FOR WEATHER CONDITIONS,RAN OFF ROAD,NARLINGTONPARKRDWGOURLEYPIKE,NONE
2854,MONROE SD,BLOOMINGTON,2021-01-31T00:00:00,8:55 PM,1,0,0,0,0,"","","",N HARTSTRAIT RD,"","",2640,S,39.164944,-86.611296,LOCAL/CITY ROAD,N,RURAL,N,N,N,"",DARK (NOT LIGHTED),SNOW,SNOW/SLUSH,"",NO JUNCTION INVOLVED,STRAIGHT/GRADE,ASPHALT,ROADWAY SURFACE CONDITION,RAN OFF ROAD,HARTSTRAIGHTRDSR48W,NONE
2855,BLOOMINGTON PD,BLOOMINGTON,2021-01-31T00:00:00,9:36 PM,2,0,2,0,0,"","","",N WALNUT ST,E 14TH ST,"",,"",39.175952,-86.53344,LOCAL/CITY ROAD,N,URBAN,N,N,N,"",DARK (LIGHTED),SNOW,SNOW/SLUSH,"",FOUR-WAY INTERSECTION,STRAIGHT/GRADE,ASPHALT,FAILURE TO YIELD RIGHT OF WAY,RIGHT ANGLE,E14THSTNWALNUTST,STOP SIGN
2856,ISP BLOOMINGTON 33,BLOOMINGTON,2021-01-31T00:00:00,10:15 PM,1,,0,0,0,"","","",I-69 S,"","",0,S,39.05001701,-86.67994959,INTERSTATE,"",RURAL,N,N,N,"",DARK (NOT LIGHTED),SNOW,SNOW/SLUSH,"",NO JUNCTION INVOLVED,"",ASPHALT,SPEED TOO FAST FOR WEATHER CONDITIONS,RAN OFF ROAD,I-69105,""
2857,MONROE SD,BLOOMINGTON,2021-01-31T00:00:00,11:17 PM,1,0,0,0,0,2880,"","",N HARTSTRAIT RD,"","",1700,N,39.186752,-86.611504,COUNTY ROAD,Y,RURAL,N,N,N,"",DARK (LIGHTED),SNOW,SNOW/SLUSH,"",NO JUNCTION INVOLVED,STRAIGHT/LEVEL,ASPHALT,RAN OFF ROAD RIGHT,RAN OFF ROAD,2880NHARTSTRAITRDWESTVERNALPIKE,NONE
2858,BLOOMINGTON PD,BLOOMINGTON,2021-01-30T00:00:00,3:25 PM,2,0,0,0,0,209,"","",E RIDGEVIEW DR,E SUNNY SLOPES DR,"",200,S,39.11093448,-86.5283483,LOCAL/CITY ROAD,N,URBAN,N,N,N,"",DAYLIGHT,CLOUDY,WET,"",NO JUNCTION INVOLVED,CURVE/GRADE,ASPHALT,DRIVER DISTRACTED - EXPLAIN IN NARRATIVE,OPPOSITE DIRECTION SIDESWIPE,209ERIDGEVIEWDRSUNNYSLOPEDR,NONE
2859,ISP BLOOMINGTON 33,BLOOMINGTON,2021-01-30T00:00:00,4:30 PM,1,,0,0,0,"","","",I-69 N,"","",370,N,39.33444714,-86.51205301,INTERSTATE,"",RURAL,N,N,N,"",DAYLIGHT,SNOW,SNOW/SLUSH,"",NO JUNCTION INVOLVED,"",ASPHALT,SPEED TOO FAST FOR WEATHER CONDITIONS,RIGHT ANGLE,I-69EBryantsCreekRd,""
2860,MONROE SD,BLOOMINGTON,2021-01-30T00:00:00,4:57 PM,2,0,0,0,0,"","","",E RHORER RD,"","",1000,W,39.121462,-86.51147248,COUNTY ROAD,N,RURAL,N,N,N,"",DAYLIGHT,SNOW,SNOW/SLUSH,"",NO JUNCTION INVOLVED,STRAIGHT/HILLCREST,ASPHALT,FAILURE TO YIELD RIGHT OF WAY,OPPOSITE DIRECTION SIDESWIPE,RHORERRDSARERD,NONE
2861,ISP BLOOMINGTON 33,BLOOMINGTON,2021-01-30T00:00:00,5:20 PM,2,,0,0,0,"","","",SR 46,E 7TH ST,"",53,N,39.16768618,-86.50008447,STATE ROAD,"",URBAN,N,N,N,"",DAYLIGHT,SNOW,SNOW/SLUSH,"",T-INTERSECTION,"",ASPHALT,FOLLOWING TOO CLOSELY,REAR END,StateRd46StateRd46,""
2862,BLOOMINGTON PD,BLOOMINGTON,2021-01-30T00:00:00,5:22 PM,1,0,0,0,0,"","","",SR 45,N GRANDVIEW DR,"",,"",39.17184,-86.487488,LOCAL/CITY ROAD,N,URBAN,N,N,N,"",DAYLIGHT,SNOW,SNOW/SLUSH,"",T-INTERSECTION,STRAIGHT/GRADE,ASPHALT,SPEED TOO FAST FOR WEATHER CONDITIONS,RAN OFF ROAD,E10THSTNGRANDVIEWDR,NONE
2863,INDIANA UNIV BLOOMINGTON PD,BLOOMINGTON,2021-01-30T00:00:00,5:25 PM,2,0,1,0,0,"","","",E LINGELBACH LN,"","",,"",0,0,LOCAL/CITY ROAD,N,URBAN,N,N,N,"",DAYLIGHT,SNOW,SNOW/SLUSH,"",NO JUNCTION INVOLVED,CURVE/GRADE,ASPHALT,SPEED TOO FAST FOR WEATHER CONDITIONS,HEAD ON BETWEEN TWO MOTOR VEHICLES,ELINGELBACHLNSR46,NONE
2864,ISP BLOOMINGTON 33,BLOOMINGTON,2021-01-30T00:00:00,5:30 PM,1,,0,0,0,"","","",I-69 N,"","",0,S,39.07667577,-86.58674426,INTERSTATE,"",RURAL,N,N,N,"",DAWN/DUSK,SLEET/HAIL/FREEZING RAIN,SNOW/SLUSH,"",NO JUNCTION INVOLVED,"",CONCRETE,"",RAN OFF ROAD,I-69111.3,""
2865,MONROE SD,BLOOMINGTON,2021-01-30T00:00:00,5:48 PM,1,0,0,0,0,"","","",SR 446,E WALDRIP CREEK RD,"",400,N,39.10354226,-86.414251,STATE ROAD,N,RURAL,N,Y,N,"",DAWN/DUSK,SNOW,SNOW/SLUSH,"",NO JUNCTION INVOLVED,STRAIGHT/GRADE,ASPHALT,RAN OFF ROAD RIGHT,RAN OFF ROAD,SR446SWALDRIPCREEKRD,NONE
2866,BLOOMINGTON PD,BLOOMINGTON,2021-01-30T00:00:00,6:40 PM,1,0,0,0,0,"","","",E BLUE RIDGE DR,E CLOVER LN,"",,"",39.19584,-86.531792,LOCAL/CITY ROAD,N,URBAN,N,N,N,"",DARK (LIGHTED),SNOW,SNOW/SLUSH,"",T-INTERSECTION,CURVE/GRADE,CONCRETE,SPEED TOO FAST FOR WEATHER CONDITIONS,RAN OFF ROAD,BLUERIDGEDRECLOVERLN,NONE
2867,ISP BLOOMINGTON 33,BLOOMINGTON,2021-01-30T00:00:00,6:40 PM,2,,1,0,0,"","","",I-69 N,"","",0,S,39.22492632,-86.54730252,INTERSTATE,"",RURAL,N,N,N,"",DARK (NOT LIGHTED),SLEET/HAIL/FREEZING RAIN,SNOW/SLUSH,"",NO JUNCTION INVOLVED,"",ASPHALT,SPEED TOO FAST FOR WEATHER CONDITIONS,REAR END,I-69123,""
2868,ISP BLOOMINGTON 33,BLOOMINGTON,2021-01-30T00:00:00,7:00 PM,2,,0,0,0,"","","",I-69 S,W TAPP RD,"",1056,S,39.14430717,-86.57321819,INTERSTATE,"",URBAN,N,N,N,"",DARK (LIGHTED),BLOWING SAND/SOIL/SNOW,SNOW/SLUSH,"",NO JUNCTION INVOLVED,"",ASPHALT,SPEED TOO FAST FOR WEATHER CONDITIONS,RIGHT ANGLE,SOakdaleDrI-69,""
2869,ISP BLOOMINGTON 33,BLOOMINGTON,2021-01-30T00:00:00,7:30 PM,1,,0,0,0,"","","",I-69 N,"","",0,S,39.07093671,-86.6191421,INTERSTATE,"",RURAL,N,N,N,"",DARK (NOT LIGHTED),SNOW,SNOW/SLUSH,"",NO JUNCTION INVOLVED,"",ASPHALT,SPEED TOO FAST FOR WEATHER CONDITIONS,RAN OFF ROAD,I-69109.5,""
2870,BLOOMINGTON PD,BLOOMINGTON,2021-01-30T00:00:00,9:53 PM,1,0,0,0,0,"","","",I-69 N,W 3RD ST,"",300,S,39.00331304,-87.05465397,INTERSTATE,N,URBAN,N,N,N,"",DARK (NOT LIGHTED),SLEET/HAIL/FREEZING RAIN,SNOW/SLUSH,"",NO JUNCTION INVOLVED,STRAIGHT/GRADE,ASPHALT,SPEED TOO FAST FOR WEATHER CONDITIONS,OTHER - EXPLAIN IN NARRATIVE,I69NW3RDST,NONE
2871,MONROE SD,BLOOMINGTON,2021-01-30T00:00:00,11:34 PM,1,0,0,0,0,"","","",S BURCH RD,"","",500,S,39.07818381,-86.66643997,COUNTY ROAD,N,RURAL,N,N,N,"",DARK (NOT LIGHTED),BLOWING SAND/SOIL/SNOW,SNOW/SLUSH,"",NO JUNCTION INVOLVED,CURVE/GRADE,ASPHALT,RAN OFF ROAD RIGHT,RAN OFF ROAD,BURCHRDEVANSRD,NONE
2872,ISP BLOOMINGTON 33,BLOOMINGTON,2021-01-30T00:00:00,11:41 PM,1,,0,0,0,"","","",I-69 S,"","",0,S,39.18093603,-86.55754801,INTERSTATE,"",URBAN,N,N,N,"",DARK (LIGHTED),SLEET/HAIL/FREEZING RAIN,SNOW/SLUSH,"",NO JUNCTION INVOLVED,"",ASPHALT,"","",I-69119.8,""
2873,BLOOMINGTON PD,BLOOMINGTON,2021-01-29T00:00:00,8:35 AM,1,0,0,0,0,"","","",E MOORES PIKE,S WINFIELD RD,"",,"",39.150496,-86.501088,LOCAL/CITY ROAD,N,URBAN,N,N,N,"",DAYLIGHT,CLEAR,LOOSE MATERIAL ON ROAD,"",TRAFFIC CIRCLE/ROUNDABOUT,CURVE/LEVEL,ASPHALT,ROADWAY SURFACE CONDITION,RAN OFF ROAD,MOORESPIKEWINFIELDRD,ROUNDABOUT INTERSECTION
2874,MONROE SD,BLOOMINGTON,2021-01-29T00:00:00,11:24 AM,2,0,0,0,0,"","","",E NORTHSHORE DR,"","",500,W,0,0,COUNTY ROAD,N,URBAN,N,N,N,"",DAYLIGHT,CLEAR,ICE,"",NO JUNCTION INVOLVED,STRAIGHT/GRADE,ASPHALT,ROADWAY SURFACE CONDITION,HEAD ON BETWEEN TWO MOTOR VEHICLES,DERRETTRDENORTHSHOREDR,NONE
2875,INDIANA UNIV BLOOMINGTON PD,BLOOMINGTON,2021-01-29T00:00:00,4:35 PM,3,0,1,0,0,"","","",SR 45/46,E 10TH ST,"",604,N,0,0,STATE ROAD,N,URBAN,N,N,N,"",DAYLIGHT,CLEAR,DRY,"",NO JUNCTION INVOLVED,STRAIGHT/LEVEL,ASPHALT,FOLLOWING TOO CLOSELY,REAR END,SR46UNIONVILLERD,NONE
2876,MONROE SD,BLOOMINGTON,2021-01-29T00:00:00,7:18 PM,1,0,1,0,0,"","","",W EVANS RD,"","",600,W,39.075648,-86.6276,COUNTY ROAD,N,RURAL,N,N,N,"",DARK (NOT LIGHTED),CLOUDY,DRY,"",T-INTERSECTION,STRAIGHT/HILLCREST,ASPHALT,RAN OFF ROAD RIGHT,RAN OFF ROAD,SHARMONYRDWEVANSRD,NONE
2877,MONROE SD,BLOOMINGTON,2021-01-29T00:00:00,7:59 PM,2,1,0,0,0,"","","",W KOONTZ RD,"","",500,E,39.07921869,-86.61803045,COUNTY ROAD,N,RURAL,N,N,N,"",DARK (NOT LIGHTED),CLEAR,WET,"",NO JUNCTION INVOLVED,STRAIGHT/GRADE,ASPHALT,UNSAFE BACKING,BACKING CRASH,DUVALLRDKOONTZRD,NONE
2878,BLOOMINGTON PD,BLOOMINGTON,2021-01-29T00:00:00,9:30 PM,2,0,1,0,0,"","","",S WALNUT ST,W GRIMES LN,"",,"",39.15344,-86.5336,LOCAL/CITY ROAD,N,URBAN,N,N,N,"",DARK (NOT LIGHTED),CLEAR,DRY,"",FOUR-WAY INTERSECTION,STRAIGHT/GRADE,ASPHALT,UNSAFE SPEED,REAR END,EGRIMESLNSWALNUTST,TRAFFIC CONTROL SIGNAL
2879,ISP BLOOMINGTON 33,BLOOMINGTON,2021-01-28T00:00:00,12:10 AM,1,,0,0,0,"","","",I-69 S,"","",158,N,39.25421339,-86.52772733,INTERSTATE,"",RURAL,N,N,N,"",DARK (NOT LIGHTED),SNOW,SNOW/SLUSH,"",NO JUNCTION INVOLVED,"",ASPHALT,"","",StoneBeltDrI-69,""
2880,MONROE SD,ELLETTSVILLE,2021-01-28T00:00:00,12:11 PM,1,0,0,0,0,"","","",N MOUNT TABOR RD,"","",200,S,39.25772238,-86.623632,COUNTY ROAD,N,RURAL,N,N,N,"",DAYLIGHT,CLEAR,LOOSE MATERIAL ON ROAD,"",NO JUNCTION INVOLVED,CURVE/GRADE,ASPHALT,RAN OFF ROAD RIGHT,RAN OFF ROAD,NMOUNTTABORRDNOLDDUTCHCHURCHRD,LANE CONTROL