_id,Agency,City,Collision Date,Collision Time,Vehicles Involved,Trailers Involved,Number Injured,Number Dead,Number Deer,House Number,Roadway Interchange,Roadway Ramp,Roadway Id,Intersecting Road,Interchange,Feet From,Direction,Latitude,Longitude,Roadway Class,Hit and Run?,Locality,School Zone?,Rumble Strips?,Construction?,Construction Type,Light Condition,Weather Conditions,Surface Condition,Type of Median,Roadway Junction Type,Road Character,Roadway Surface,Primary Factor,Manner of Collision,Unique Location Id,Traffic Control
2881,BLOOMINGTON PD,BLOOMINGTON,2021-01-28T00:00:00,12:51 PM,2,0,0,0,0,"","","",S SARE RD,E RHORER RD,"",,"",39.12150318,-86.50199147,LOCAL/CITY ROAD,N,URBAN,N,N,N,"",DAYLIGHT,CLEAR,WET,"",T-INTERSECTION,STRAIGHT/LEVEL,ASPHALT,OTHER (DRIVER) - EXPLAIN IN NARRATIVE,REAR END,ERHORERRDSSARERD,STOP SIGN
2882,BLOOMINGTON PD,BLOOMINGTON,2021-01-28T00:00:00,4:16 PM,2,0,0,0,0,"","","",E ATWATER AVE,S EASTSIDE DR,"",,"",39.163058,-86.513213,LOCAL/CITY ROAD,N,URBAN,N,N,N,"",DAYLIGHT,CLEAR,DRY,"",FOUR-WAY INTERSECTION,STRAIGHT/LEVEL,ASPHALT,DISREGARD SIGNAL/REG SIGN,RIGHT ANGLE,EASTATWATERAVESOUTHEASTSIDEDR,STOP SIGN
2883,ELLETTSVILLE PD,ELLETTSVILLE,2021-01-27T00:00:00,6:37 AM,3,0,1,0,0,"","","",S 1ST ST,E RITTER ST,"",,"",39.229424,-86.623584,LOCAL/CITY ROAD,Y,URBAN,N,N,N,"",DARK (LIGHTED),CLEAR,LOOSE MATERIAL ON ROAD,"",FOUR-WAY INTERSECTION,STRAIGHT/HILLCREST,ASPHALT,DISREGARD SIGNAL/REG SIGN,RIGHT ANGLE,ERITTERSTSFIRSTST,STOP SIGN
2884,BLOOMINGTON PD,BLOOMINGTON,2021-01-27T00:00:00,8:28 AM,2,0,0,0,0,"","","",S ROGERS ST,S ROCKPORT RD,"",,"",39.146065,-86.538883,LOCAL/CITY ROAD,N,URBAN,N,N,N,"",DAYLIGHT,CLOUDY,DRY,"",FOUR-WAY INTERSECTION,STRAIGHT/LEVEL,ASPHALT,FOLLOWING TOO CLOSELY,REAR END,SROCKPORTRDSROGERSST,TRAFFIC CONTROL SIGNAL
2885,BLOOMINGTON PD,BLOOMINGTON,2021-01-27T00:00:00,11:40 AM,1,0,1,0,0,"","","",SR 45/46,N KINSER PIKE,"",,"",39.186544,-86.537888,INTERSTATE,N,URBAN,N,N,N,"",DAYLIGHT,CLOUDY,DRY,"",FOUR-WAY INTERSECTION,STRAIGHT/LEVEL,ASPHALT,OVERCORRECTING/OVERSTEERING,RAN OFF ROAD,I46WNKINSERPIKE,TRAFFIC CONTROL SIGNAL
2886,MONROE SD,ELLETTSVILLE,2021-01-27T00:00:00,3:44 PM,1,0,0,0,0,"","","",N MT TABOR RD,N JENNER DR,"",,"",0,0,LOCAL/CITY ROAD,N,RURAL,N,N,N,"",DAYLIGHT,BLOWING SAND/SOIL/SNOW,SNOW/SLUSH,"",NO JUNCTION INVOLVED,CURVE/GRADE,ASPHALT,ROADWAY SURFACE CONDITION,RAN OFF ROAD,NJENNERDRNMTTABORRD,NONE
2887,MONROE SD,BLOOMINGTON,2021-01-27T00:00:00,3:57 PM,1,0,0,0,0,"","","",S GARRISON CHAPEL RD,"","",500,S,39.12104273,-86.64297135,COUNTY ROAD,N,RURAL,N,N,N,"",DAYLIGHT,SNOW,SNOW/SLUSH,"",NO JUNCTION INVOLVED,CURVE/GRADE,ASPHALT,SPEED TOO FAST FOR WEATHER CONDITIONS,RAN OFF ROAD,ELLERRDGARRISONCHAPELRD,NONE
2888,ISP BLOOMINGTON 33,BLOOMINGTON,2021-01-27T00:00:00,4:00 PM,1,,0,0,0,"","","",I-69 S,"","",0,S,39.07318419,-86.63758045,INTERSTATE,"",RURAL,N,N,N,"",DAYLIGHT,SNOW,SNOW/SLUSH,"",NO JUNCTION INVOLVED,"",CONCRETE,SPEED TOO FAST FOR WEATHER CONDITIONS,RAN OFF ROAD,I-69108.5,""
2889,MONROE SD,BLOOMINGTON,2021-01-27T00:00:00,4:08 PM,3,0,0,0,0,"","","",N SMITH PIKE,W MERRY WAY,"",,"",39.205248,-86.5832,COUNTY ROAD,N,RURAL,N,N,N,"",DAYLIGHT,SNOW,SNOW/SLUSH,"",T-INTERSECTION,STRAIGHT/LEVEL,ASPHALT,FOLLOWING TOO CLOSELY,REAR END,NSMITHPIKEWMERRYWAYLN,NONE
2890,INDIANA UNIV BLOOMINGTON PD,BLOOMINGTON,2021-01-27T00:00:00,4:10 PM,3,0,1,0,0,"","","",SR 45/46,E 17TH ST,"",,"",39.1797431,-86.5073177,STATE ROAD,N,URBAN,N,N,N,"",DAYLIGHT,CLEAR,SNOW/SLUSH,"",T-INTERSECTION,STRAIGHT/LEVEL,ASPHALT,SPEED TOO FAST FOR WEATHER CONDITIONS,SAME DIRECTION SIDESWIPE,EAST17THSTSR46,TRAFFIC CONTROL SIGNAL
2891,INDIANA UNIV BLOOMINGTON PD,BLOOMINGTON,2021-01-27T00:00:00,4:11 PM,2,0,0,0,0,"","","",SR 45/46,E 17TH ST,"",,"",39.1797431,-86.5073177,STATE ROAD,N,URBAN,N,N,N,"",DAYLIGHT,SNOW,SNOW/SLUSH,"",T-INTERSECTION,STRAIGHT/LEVEL,ASPHALT,SPEED TOO FAST FOR WEATHER CONDITIONS,REAR END,EAST17THSTSR46,TRAFFIC CONTROL SIGNAL
2892,MONROE SD,BLOOMINGTON,2021-01-27T00:00:00,4:13 PM,1,0,0,0,0,5920,"","",N UNION VALLEY RD,W MCNEELY ST,"",250,S,39.21100869,-86.592763,LOCAL/CITY ROAD,N,RURAL,N,N,N,"",DAYLIGHT,SNOW,SNOW/SLUSH,"",NO JUNCTION INVOLVED,STRAIGHT/GRADE,CONCRETE,RAN OFF ROAD RIGHT,RAN OFF ROAD,NUNIONVALLEYRDWMCNEELYST,NONE
2893,ISP BLOOMINGTON 33,BLOOMINGTON,2021-01-27T00:00:00,4:15 PM,1,,0,0,0,"","","",I-69 N,"","",0,S,39.07350351,-86.65593912,INTERSTATE,"",RURAL,N,N,N,"",DAYLIGHT,SNOW,SNOW/SLUSH,"",NO JUNCTION INVOLVED,"",CONCRETE,SPEED TOO FAST FOR WEATHER CONDITIONS,RAN OFF ROAD,I-69107.5,""
2894,ISP BLOOMINGTON 33,BLOOMINGTON,2021-01-27T00:00:00,4:25 PM,1,,0,0,0,8515,"","",I-69 S,"","",950,N,39.2864251,-86.52035158,INTERSTATE,"",RURAL,N,N,N,"",DAYLIGHT,SNOW,SNOW/SLUSH,"",NO JUNCTION INVOLVED,"",ASPHALT,SPEED TOO FAST FOR WEATHER CONDITIONS,RAN OFF ROAD,I-69127.5,""
2895,ISP BLOOMINGTON 33,BLOOMINGTON,2021-01-27T00:00:00,4:48 PM,1,,0,0,0,"","","",S LORI LN,SR 46,"",15,S,39.16626727,-86.46611399,STATE ROAD,"",RURAL,N,N,N,"",DAYLIGHT,SNOW,SNOW/SLUSH,"",T-INTERSECTION,"",CONCRETE,SPEED TOO FAST FOR WEATHER CONDITIONS,RAN OFF ROAD,StateRd46LoriLn,""
2896,ISP BLOOMINGTON 33,BLOOMINGTON,2021-01-27T00:00:00,5:00 PM,2,,0,0,0,"","","",I-69 S,"","",3010,N,39.31953399,-86.51185086,INTERSTATE,"",RURAL,N,N,N,"",DAYLIGHT,BLOWING SAND/SOIL/SNOW,SNOW/SLUSH,"",NO JUNCTION INVOLVED,"",CONCRETE,SPEED TOO FAST FOR WEATHER CONDITIONS,RIGHT ANGLE,WBurmaRdI-69,""
2897,MONROE SD,BLOOMINGTON,2021-01-27T00:00:00,5:02 PM,1,0,0,0,0,"","","",S VALLEY MISSION RD,"","",1000,N,39.005008,-86.5,COUNTY ROAD,N,RURAL,N,N,N,"",DAYLIGHT,SNOW,SNOW/SLUSH,"",NO JUNCTION INVOLVED,CURVE/GRADE,ASPHALT,ROADWAY SURFACE CONDITION,RAN OFF ROAD,SVALLEYMISSIONROADRDSVALLEYMISSIONLANELN,NONE
2898,DNR LAW ENFORCEMENT,BLOOMINGTON,2021-01-27T00:00:00,5:03 PM,1,0,0,0,0,"","","",SR 446,"","",500,N,39.09345783,-86.42318259,STATE ROAD,N,RURAL,N,N,N,"",DAYLIGHT,SLEET/HAIL/FREEZING RAIN,ICE,"",NO JUNCTION INVOLVED,CURVE/GRADE,ASPHALT,RAN OFF ROAD RIGHT,RAN OFF ROAD,PAYNETOWNRDSR446S,NONE
2899,BLOOMINGTON PD,BLOOMINGTON,2021-01-27T00:00:00,5:17 PM,2,0,0,0,0,"","","",I-69 N,W BLOOMFIELD RD,"",4500,S,0,0,INTERSTATE,N,URBAN,N,Y,N,"",DARK (LIGHTED),SNOW,SNOW/SLUSH,"",NO JUNCTION INVOLVED,STRAIGHT/LEVEL,ASPHALT,OTHER (ENVIRONMENTAL) - EXPLAIN IN NARR,HEAD ON BETWEEN TWO MOTOR VEHICLES,I69NWBLOOMFIELDRD,NONE
2900,MONROE SD,BLOOMINGTON,2021-01-27T00:00:00,5:21 PM,1,0,0,0,0,"","","",S FAIRFAX RD,S STRAIN RIDGE RD,"",,"",39.07434,-86.505806,COUNTY ROAD,Y,URBAN,N,N,N,"",DAYLIGHT,SNOW,SNOW/SLUSH,"",NO JUNCTION INVOLVED,STRAIGHT/LEVEL,ASPHALT,ROADWAY SURFACE CONDITION,OTHER - EXPLAIN IN NARRATIVE,FAIRFAXRDSTRAINRIDGERD,STOP SIGN
2901,MONROE SD,BLOOMINGTON,2021-01-27T00:00:00,5:22 PM,2,0,0,0,0,"","","",W WOODYARD RD,"","",1000,W,39.193872,-86.590784,COUNTY ROAD,N,RURAL,N,N,N,"",DAYLIGHT,SNOW,SNOW/SLUSH,"",T-INTERSECTION,CURVE/HILLCREST,ASPHALT,SPEED TOO FAST FOR WEATHER CONDITIONS,OPPOSITE DIRECTION SIDESWIPE,NLOESCHRDWWOODYARDRD,NONE
2902,MONROE SD,BLOOMINGTON,2021-01-27T00:00:00,5:32 PM,1,0,0,0,0,"","","",S ROCKPORT RD,"","",855,S,39.03784232,-86.5566669,LOCAL/CITY ROAD,Y,RURAL,N,N,N,"",DAYLIGHT,SNOW,SNOW/SLUSH,"",NO JUNCTION INVOLVED,STRAIGHT/GRADE,CONCRETE,RAN OFF ROAD RIGHT,RAN OFF ROAD,SROCKPORTRDWHENNESSEYST,NONE
2903,INDIANA UNIV BLOOMINGTON PD,BLOOMINGTON,2021-01-27T00:00:00,5:41 PM,2,0,1,0,0,"","","",N PETE ELLIS DR,SR 45,"",,"",0,0,LOCAL/CITY ROAD,N,URBAN,N,N,N,"",DAWN/DUSK,SNOW,WET,"",FOUR-WAY INTERSECTION,STRAIGHT/GRADE,ASPHALT,SPEED TOO FAST FOR WEATHER CONDITIONS,REAR END,PETEELLISDRSR45,TRAFFIC CONTROL SIGNAL
2904,MONROE SD,BLOOMINGTON,2021-01-27T00:00:00,5:42 PM,2,0,0,0,0,"","","",S HARMONY RD,W MAY RD,"",100,S,39.093744,-86.638304,LOCAL/CITY ROAD,N,RURAL,N,N,N,"",DAWN/DUSK,BLOWING SAND/SOIL/SNOW,SNOW/SLUSH,"",T-INTERSECTION,STRAIGHT/GRADE,ASPHALT,ROADWAY SURFACE CONDITION,OPPOSITE DIRECTION SIDESWIPE,SHARMONYRDWMAYRD,NONE
2905,BLOOMINGTON PD,BLOOMINGTON,2021-01-27T00:00:00,6:40 PM,1,0,0,0,0,"","","",SR 45,N CURRY PIKE,"",,"",0,0,LOCAL/CITY ROAD,N,URBAN,N,N,N,"",DARK (LIGHTED),SNOW,SNOW/SLUSH,"",FOUR-WAY INTERSECTION,STRAIGHT/GRADE,ASPHALT,SPEED TOO FAST FOR WEATHER CONDITIONS,COLLISION WITH OBJECT IN ROAD,BLOOMFIELDRDNCURRYPIKE,TRAFFIC CONTROL SIGNAL
2906,MONROE SD,BLOOMINGTON,2021-01-27T00:00:00,7:00 PM,1,0,0,0,0,"","","",W WOODYARD RD,"","",500,N,39.19451413,-86.592344,COUNTY ROAD,N,RURAL,N,N,N,"",DARK (NOT LIGHTED),SNOW,SNOW/SLUSH,"",NO JUNCTION INVOLVED,STRAIGHT/LEVEL,ASPHALT,RAN OFF ROAD RIGHT,RAN OFF ROAD,LOESCHRDWOODYARDRD,NONE
2907,ISP BLOOMINGTON 33,BLOOMINGTON,2021-01-27T00:00:00,7:52 PM,1,,1,0,0,"","","",SR 45/46,I-69 (W ARLINGTON RD OVERPASS),"",53,W,39.18708675,-86.55149292,STATE ROAD,"",URBAN,N,N,N,"",DARK (LIGHTED),SNOW,SNOW/SLUSH,"",INTERCHANGE,"",ASPHALT,IMPROPER LANE USAGE,OTHER - EXPLAIN IN NARRATIVE,WArlingtonRdWArlingtonRd,""
2908,ISP INDIANAPOLIS 52,BLOOMINGTON,2021-01-27T00:00:00,8:30 PM,1,,0,0,0,"","","",I-69 N,"","",739,W,39.14593455,-86.57320923,INTERSTATE,"",RURAL,N,N,N,"",DARK (LIGHTED),SNOW,SNOW/SLUSH,"",NO JUNCTION INVOLVED,"",ASPHALT,SPEED TOO FAST FOR WEATHER CONDITIONS,OTHER - EXPLAIN IN NARRATIVE,SpruceDrI-69,""
2909,ISP BLOOMINGTON 33,BLOOMINGTON,2021-01-27T00:00:00,9:20 PM,2,,0,0,0,"","","",SR 37,S VICTOR PIKE,"",0,N,39.105504,-86.551442,STATE ROAD,"",RURAL,N,N,N,"",DARK (LIGHTED),SNOW,SNOW/SLUSH,"",FOUR-WAY INTERSECTION,"",ASPHALT,DISREGARD SIGNAL/REG SIGN,RIGHT ANGLE,VICTORPIKESR37,""
2910,MONROE SD,BLOOMINGTON,2021-01-26T00:00:00,3:00 AM,1,0,0,0,0,"","","",S LIBERTY DR,"","",2918,S,38.85604374,-86.579131,LOCAL/CITY ROAD,N,URBAN,N,N,N,"",DARK (LIGHTED),CLEAR,WET,"",NO JUNCTION INVOLVED,CURVE/LEVEL,ASPHALT,DRIVER ASLEEP OR FATIGUED,RAN OFF ROAD,LIBERTYDRTHIRDST,NONE
2911,MONROE SD,ELLETTSVILLE,2021-01-26T00:00:00,10:51 AM,2,0,0,0,0,"","","",SR 46,"","",500,E,39.20926189,-86.58184724,STATE ROAD,N,URBAN,N,N,N,"",DAYLIGHT,CLOUDY,WET,"",FOUR-WAY INTERSECTION,STRAIGHT/GRADE,ASPHALT,UNSAFE LANE MOVEMENT,SAME DIRECTION SIDESWIPE,NSMITHPIKESR46W,NONE
2912,BLOOMINGTON PD,BLOOMINGTON,2021-01-26T00:00:00,10:53 AM,2,0,1,0,0,"","","",S COLLEGE AVE,W 1ST ST,"",200,N,39.18052206,-86.534971,LOCAL/CITY ROAD,N,URBAN,N,N,N,"",DAYLIGHT,CLOUDY,WET,"",NO JUNCTION INVOLVED,STRAIGHT/GRADE,ASPHALT,FOLLOWING TOO CLOSELY,REAR END,COLLEGEAVEFIRSTST,LANE CONTROL
2913,BLOOMINGTON PD,BLOOMINGTON,2021-01-26T00:00:00,4:30 PM,2,0,0,0,0,"","","",W KIRKWOOD AVE,S MADISON ST,"",,"",39.166656,-86.537296,LOCAL/CITY ROAD,N,URBAN,N,N,N,"",DAYLIGHT,CLOUDY,DRY,"",NO JUNCTION INVOLVED,STRAIGHT/LEVEL,ASPHALT,FAILURE TO YIELD RIGHT OF WAY,RIGHT ANGLE,SMADISONSTWKIRKWOODAVE,NONE
2914,MONROE SD,ELLETTSVILLE,2021-01-26T00:00:00,5:20 PM,1,0,0,0,0,"","","",SR 46,"","",1700,W,39.193635,-86.57122682,STATE ROAD,N,RURAL,N,N,N,"",DAYLIGHT,BLOWING SAND/SOIL/SNOW,SNOW/SLUSH,"",NO JUNCTION INVOLVED,STRAIGHT/LEVEL,ASPHALT,ROADWAY SURFACE CONDITION,RAN OFF ROAD,NCURRYPIKESR46W,NONE
2915,BLOOMINGTON PD,BLOOMINGTON,2021-01-26T00:00:00,5:35 PM,1,0,0,0,0,215,"","",E BURKS DR,S KENNEDY DR,"",,"",39.12610516,-86.52824415,LOCAL/CITY ROAD,Y,URBAN,N,N,N,"",DAYLIGHT,CLEAR,DRY,"",NO JUNCTION INVOLVED,STRAIGHT/LEVEL,ASPHALT,OTHER (DRIVER) - EXPLAIN IN NARRATIVE,RAN OFF ROAD,EBURKSDRIVE,STOP SIGN
2916,BLOOMINGTON PD,BLOOMINGTON,2021-01-26T00:00:00,8:44 PM,1,0,1,0,0,"","","",N MONROE ST,W 10TH ST,"",,"",39.171552,-86.547104,LOCAL/CITY ROAD,N,URBAN,N,N,N,"",DARK (LIGHTED),CLEAR,WET,"",T-INTERSECTION,STRAIGHT/LEVEL,CONCRETE,UNSAFE SPEED,RAN OFF ROAD,NMONROESTW10THST,STOP SIGN
2917,BLOOMINGTON PD,BLOOMINGTON,2021-01-26T00:00:00,9:15 PM,2,0,3,0,0,"","","",N WALNUT ST,E 14TH ST,"",,"",39.175952,-86.53344,LOCAL/CITY ROAD,N,URBAN,N,N,N,"",DARK (LIGHTED),CLEAR,DRY,"",FOUR-WAY INTERSECTION,STRAIGHT/GRADE,ASPHALT,FAILURE TO YIELD RIGHT OF WAY,RIGHT ANGLE,14THSTWALNUTST,STOP SIGN
2918,BLOOMINGTON PD,BLOOMINGTON,2021-01-26T00:00:00,9:38 PM,2,0,3,0,0,"","","",W 17TH ST,N MADISON ST,"",,"",39.178992,-86.537792,LOCAL/CITY ROAD,N,URBAN,N,N,N,"",DARK (LIGHTED),CLOUDY,DRY,"",FOUR-WAY INTERSECTION,STRAIGHT/GRADE,ASPHALT,FAILURE TO YIELD RIGHT OF WAY,RIGHT ANGLE,NMADISONSTW17THST,TRAFFIC CONTROL SIGNAL
2919,BLOOMINGTON PD,BLOOMINGTON,2021-01-25T00:00:00,8:00 AM,2,0,0,0,0,"","","",S HIGH ST,E ATWATER AVE,"",50,N,39.16304,-86.508288,LOCAL/CITY ROAD,N,URBAN,Y,N,N,"",DAYLIGHT,RAIN,WET,"",NO JUNCTION INVOLVED,STRAIGHT/LEVEL,ASPHALT,FAILURE TO YIELD RIGHT OF WAY,LEFT TURN,EATWATERDRSHIGHST,NONE
2920,INDIANA UNIV BLOOMINGTON PD,BLOOMINGTON,2021-01-25T00:00:00,10:55 AM,2,0,0,0,0,"","","",N FORREST AVE,"","",,"",39.1589245,-86.522627,LOCAL/CITY ROAD,N,URBAN,N,N,N,"",DAYLIGHT,SLEET/HAIL/FREEZING RAIN,SNOW/SLUSH,"",NO JUNCTION INVOLVED,STRAIGHT/LEVEL,ASPHALT,UNSAFE BACKING,BACKING CRASH,FORRESTAVEWOODLAWNAVE,NONE
2921,BLOOMINGTON PD,BLOOMINGTON,2021-01-25T00:00:00,11:01 AM,2,0,0,0,0,"","","",W 2ND ST,B-LINE TRAIL / S MORTON ST,"",,"",39.161378,-86.536299,LOCAL/CITY ROAD,N,URBAN,N,N,N,"",DAYLIGHT,RAIN,WET,"",FOUR-WAY INTERSECTION,STRAIGHT/LEVEL,ASPHALT,FOLLOWING TOO CLOSELY,REAR END,2NDSTMORTONST,LANE CONTROL
2922,BLOOMINGTON PD,BLOOMINGTON,2021-01-25T00:00:00,11:12 AM,2,0,0,0,0,"","","",N COLLEGE AVE,W 11TH ST,"",,"",39.173274,-86.534807,LOCAL/CITY ROAD,N,URBAN,N,N,N,"",DAYLIGHT,RAIN,ICE,"",FOUR-WAY INTERSECTION,STRAIGHT/HILLCREST,ASPHALT,SPEED TOO FAST FOR WEATHER CONDITIONS,REAR END,NCOLLEGEAVEW11ST,TRAFFIC CONTROL SIGNAL
2923,MONROE SD,BLOOMINGTON,2021-01-25T00:00:00,11:41 AM,1,0,0,0,0,"","","",S CURRY PIKE,W WOODLYN DR,"",600,S,39.14579205,-86.582592,LOCAL/CITY ROAD,N,URBAN,N,N,N,"",DARK (LIGHTED),CLEAR,WET,"",NO JUNCTION INVOLVED,STRAIGHT/LEVEL,ASPHALT,OTHER (DRIVER) - EXPLAIN IN NARRATIVE,RAN OFF ROAD,CURRYPIKEROLLAVE,NONE
2924,BLOOMINGTON PD,BLOOMINGTON,2021-01-25T00:00:00,2:24 PM,2,0,0,0,0,"","","",S MULLER PKWY,W 3RD ST,"",,"",39.164469,-86.562709,LOCAL/CITY ROAD,N,URBAN,N,N,N,"",DAYLIGHT,RAIN,WET,"",T-INTERSECTION,STRAIGHT/LEVEL,ASPHALT,UNSAFE LANE MOVEMENT,REAR END,SMULLERPARKW3RDST,STOP SIGN
2925,INDIANA UNIV BLOOMINGTON PD,BLOOMINGTON,2021-01-25T00:00:00,2:41 PM,2,0,0,0,0,"","","",SR 46,SR 45,"",,"",0,0,STATE ROAD,N,URBAN,N,N,N,"",DAYLIGHT,SLEET/HAIL/FREEZING RAIN,WET,"",FOUR-WAY INTERSECTION,STRAIGHT/LEVEL,ASPHALT,FOLLOWING TOO CLOSELY,REAR END,SR45SR46,TRAFFIC CONTROL SIGNAL
2926,BLOOMINGTON PD,BLOOMINGTON,2021-01-25T00:00:00,3:58 PM,2,0,0,0,0,"","","",W BLOOMFIELD RD,S CORY LN,"",,"",39.157044,-86.559787,LOCAL/CITY ROAD,Y,URBAN,N,N,N,"",DAYLIGHT,CLOUDY,WET,"",NO JUNCTION INVOLVED,STRAIGHT/LEVEL,ASPHALT,UNSAFE BACKING,BACKING CRASH,BLOOMFIELDSTCORYLN,NONE
2927,BLOOMINGTON PD,BLOOMINGTON,2021-01-25T00:00:00,4:04 PM,1,0,1,0,0,"","","",W ALLEN ST,S PATTERSON DR,"",,"",39.155641,-86.543337,LOCAL/CITY ROAD,N,URBAN,N,N,N,"",DAYLIGHT,RAIN,WET,"",NO JUNCTION INVOLVED,STRAIGHT/LEVEL,ASPHALT,SPEED TOO FAST FOR WEATHER CONDITIONS,RAN OFF ROAD,SPATTERSONDRWALLENST,TRAFFIC CONTROL SIGNAL
2928,MONROE SD,BLOOMINGTON,2021-01-24T00:00:00,7:43 AM,1,0,1,0,0,"","","",W OLD SR 37,"","",1700,N,39.43152404,-86.501088,LOCAL/CITY ROAD,N,RURAL,N,N,N,"",DARK (NOT LIGHTED),CLEAR,DRY,"",NO JUNCTION INVOLVED,CURVE/GRADE,ASPHALT,OTHER (DRIVER) - EXPLAIN IN NARRATIVE,RAN OFF ROAD,OLDSTATERD37RDWYLIERD,NONE
2929,ISP BLOOMINGTON 33,BLOOMINGTON,2021-01-24T00:00:00,8:19 AM,1,,0,0,0,"","","",I-69 S,"","",581,E,39.29572549,-86.51866129,INTERSTATE,"",RURAL,N,N,N,"",DAYLIGHT,RAIN,WET,"",NO JUNCTION INVOLVED,"",ASPHALT,"",RAN OFF ROAD,NCrossoverRdI-69,""
2930,ISP BLOOMINGTON 33,BLOOMINGTON,2021-01-24T00:00:00,8:25 AM,1,,0,0,0,"","","",I-69 S,"","",422,S,39.22216652,-86.54949991,INTERSTATE,"",RURAL,N,N,N,"",DAYLIGHT,RAIN,WET,"",NO JUNCTION INVOLVED,"",ASPHALT,"",RAN OFF ROAD,OldKinserPikeI-69,""
2931,ISP BLOOMINGTON 33,BLOOMINGTON,2021-01-24T00:00:00,9:50 AM,1,,0,0,0,"","","",I-69 N,"","",0,S,39.07161608,-86.62468729,INTERSTATE,"",RURAL,N,N,N,"",DAYLIGHT,SLEET/HAIL/FREEZING RAIN,SNOW/SLUSH,"",NO JUNCTION INVOLVED,"",CONCRETE,SPEED TOO FAST FOR WEATHER CONDITIONS,RAN OFF ROAD,I-69109.2,""
2932,MONROE SD,BLOOMINGTON,2021-01-24T00:00:00,10:30 AM,1,0,0,0,0,9486,"","",E SOUTHSHORE DR,N RICHARDSON RD,"",,"",0,0,COUNTY ROAD,Y,RURAL,N,N,N,"",DAYLIGHT,CLOUDY,SNOW/SLUSH,"",NO JUNCTION INVOLVED,CURVE/LEVEL,CONCRETE,SPEED TOO FAST FOR WEATHER CONDITIONS,RAN OFF ROAD,ESOUTHSHOREDR,NONE
2933,MONROE SD,BLOOMINGTON,2021-01-24T00:00:00,10:37 AM,1,0,0,0,0,"","","",SR 46,"","",1584,W,39.193635,-86.57123687,STATE ROAD,N,RURAL,N,Y,N,"",DAYLIGHT,SLEET/HAIL/FREEZING RAIN,ICE,"",NO JUNCTION INVOLVED,STRAIGHT/GRADE,ASPHALT,ROADWAY SURFACE CONDITION,RAN OFF ROAD,NCURRYPIKESR46W,NONE
2934,MONROE SD,BLOOMINGTON,2021-01-24T00:00:00,10:40 AM,1,0,0,0,0,"","","",SR 45,N RUSSELL RD (N),"",,"",39.200352,-86.468,STATE ROAD,N,URBAN,Y,N,N,"",DAYLIGHT,SNOW,SNOW/SLUSH,"",NO JUNCTION INVOLVED,CURVE/LEVEL,ASPHALT,RAN OFF ROAD RIGHT,RAN OFF ROAD,NRUSSELLRDSR45E,LANE CONTROL
2935,BLOOMINGTON PD,BLOOMINGTON,2021-01-24T00:00:00,10:40 AM,1,0,0,0,0,528,"","",S WALNUT ST,ENTRANCE TO POST OFFICE (N),"",,"",39.17088686,-86.53353143,LOCAL/CITY ROAD,N,URBAN,N,N,N,"",DAYLIGHT,SLEET/HAIL/FREEZING RAIN,SNOW/SLUSH,"",NO JUNCTION INVOLVED,STRAIGHT/LEVEL,ASPHALT,IMPROPER LANE USAGE,COLLISION WITH OBJECT IN ROAD,SWALNUTST,STOP SIGN
2936,MONROE SD,BLOOMINGTON,2021-01-24T00:00:00,11:54 AM,2,0,0,0,0,"","","",S SNODDY RD,E ROGERS RD,"",,"",39.13576,-86.489488,COUNTY ROAD,Y,RURAL,N,N,N,"",DAYLIGHT,SLEET/HAIL/FREEZING RAIN,WET,"",T-INTERSECTION,STRAIGHT/GRADE,ASPHALT,FAILURE TO YIELD RIGHT OF WAY,HEAD ON BETWEEN TWO MOTOR VEHICLES,EASTROGERSRDSOUTHSNODDYRD,STOP SIGN
2937,MONROE SD,BLOOMINGTON,2021-01-24T00:00:00,1:07 PM,1,0,1,0,0,"","","",N MT TABOR RD,"","",3000,N,39.252336,-86.620512,LOCAL/CITY ROAD,N,RURAL,N,N,N,"",DAYLIGHT,CLOUDY,DRY,"",NO JUNCTION INVOLVED,STRAIGHT/HILLCREST,ASPHALT,RAN OFF ROAD RIGHT,RAN OFF ROAD,DELAPRDMTTABORRD,LANE CONTROL
2938,BLOOMINGTON PD,BLOOMINGTON,2021-01-24T00:00:00,2:50 PM,2,0,0,0,0,"","","",W 3RD ST,S LANDMARK AVE,"",,"",39.164416,-86.556302,LOCAL/CITY ROAD,N,URBAN,N,N,N,"",DAYLIGHT,SLEET/HAIL/FREEZING RAIN,WET,"",FOUR-WAY INTERSECTION,STRAIGHT/GRADE,CONCRETE,FOLLOWING TOO CLOSELY,REAR END,SOUTHLANDMARKAVEWEST3RDST,TRAFFIC CONTROL SIGNAL
2939,BLOOMINGTON PD,BLOOMINGTON,2021-01-24T00:00:00,4:15 PM,2,0,1,0,0,"","","",W COUNTRY CLUB DR,ENTRANCE TO SOUTHERN HILLS CHURCH OF CHRIST,"",300,E,39.136448,-86.548704,LOCAL/CITY ROAD,N,URBAN,N,N,N,"",DAYLIGHT,CLOUDY,WET,"",NO JUNCTION INVOLVED,STRAIGHT/HILLCREST,ASPHALT,FOLLOWING TOO CLOSELY,REAR END,SROCKPORTRDWCOUNTRYCLUBDR,NONE