_id,Agency,City,Collision Date,Collision Time,Vehicles Involved,Trailers Involved,Number Injured,Number Dead,Number Deer,House Number,Roadway Interchange,Roadway Ramp,Roadway Id,Intersecting Road,Interchange,Feet From,Direction,Latitude,Longitude,Roadway Class,Hit and Run?,Locality,School Zone?,Rumble Strips?,Construction?,Construction Type,Light Condition,Weather Conditions,Surface Condition,Type of Median,Roadway Junction Type,Road Character,Roadway Surface,Primary Factor,Manner of Collision,Unique Location Id,Traffic Control
2940,BLOOMINGTON PD,BLOOMINGTON,2021-01-24T00:00:00,4:30 PM,2,0,0,0,0,505,"","",W HOOSIER CT AVE,"","",,"",39.183867,-86.5394767,LOCAL/CITY ROAD,Y,URBAN,N,N,N,"",UNKNOWN,"","","",NO JUNCTION INVOLVED,STRAIGHT/GRADE,ASPHALT,UNSAFE BACKING,BACKING CRASH,WHOOSIERCOURTAVE,NONE
2941,MONROE SD,BLOOMINGTON,2021-01-24T00:00:00,6:44 PM,1,0,1,0,0,"","","",S OLD SR 37,"","",200,N,39.00056,-86.544848,COUNTY ROAD,N,RURAL,N,N,N,"",DARK (NOT LIGHTED),CLOUDY,WET,"",T-INTERSECTION,CURVE/GRADE,ASPHALT,RAN OFF ROAD RIGHT,RAN OFF ROAD,HARRODSBURGRDOLDSTATEROAD37RD,NONE
2942,BLOOMINGTON PD,BLOOMINGTON,2021-01-24T00:00:00,9:08 PM,2,0,0,0,0,"","","",SR 45/46,N WALNUT ST,"",,"",39.186368,-86.5344,STATE ROAD,Y,URBAN,N,N,N,"",DARK (LIGHTED),CLEAR,WET,"",FOUR-WAY INTERSECTION,STRAIGHT/LEVEL,ASPHALT,FAILURE TO YIELD RIGHT OF WAY,LEFT/RIGHT TURN,NWALNUTSTSR46E,TRAFFIC CONTROL SIGNAL
2943,BLOOMINGTON PD,BLOOMINGTON,2021-01-23T00:00:00,12:18 AM,2,0,0,0,0,"","","",E 12TH ST,N WALNUT ST,"",,"",39.174358,-86.533551,LOCAL/CITY ROAD,N,URBAN,N,N,N,"",DARK (LIGHTED),CLEAR,DRY,"",NO JUNCTION INVOLVED,STRAIGHT/GRADE,ASPHALT,OTHER (DRIVER) - EXPLAIN IN NARRATIVE,SAME DIRECTION SIDESWIPE,TWELVETHSTWALNUTST,NONE
2944,BLOOMINGTON PD,BLOOMINGTON,2021-01-23T00:00:00,1:58 PM,2,0,1,0,0,"","","",W 2ND ST,B-LINE TRAIL,"",50,E,39.161472,-86.53624,LOCAL/CITY ROAD,Y,URBAN,N,N,N,"",DAYLIGHT,CLEAR,DRY,"",T-INTERSECTION,STRAIGHT/GRADE,ASPHALT,FOLLOWING TOO CLOSELY,REAR END,SMORTONSTW2NDST,NONE
2945,BLOOMINGTON PD,BLOOMINGTON,2021-01-23T00:00:00,11:47 PM,2,0,0,0,0,"","","",N COLLEGE AVE,W 10TH ST,"",,"",39.171744,-86.534768,LOCAL/CITY ROAD,N,URBAN,N,N,N,"",DARK (LIGHTED),CLEAR,DRY,"",FOUR-WAY INTERSECTION,STRAIGHT/GRADE,ASPHALT,IMPROPER TURNING,RIGHT ANGLE,10THSTCOLLEGEAVE,TRAFFIC CONTROL SIGNAL
2946,BLOOMINGTON PD,BLOOMINGTON,2021-01-22T00:00:00,7:54 AM,2,0,0,0,0,"","","",SR 45/46,N KINSER PIKE,"",,"",39.186544,-86.537888,STATE ROAD,N,URBAN,N,N,N,"",DAWN/DUSK,CLEAR,DRY,"",FOUR-WAY INTERSECTION,STRAIGHT/LEVEL,ASPHALT,DISREGARD SIGNAL/REG SIGN,LEFT TURN,NKINSERPIKESR4546E,TRAFFIC CONTROL SIGNAL
2947,BLOOMINGTON PD,BLOOMINGTON,2021-01-22T00:00:00,12:05 PM,2,0,0,0,0,"","","",N MORTON ST,W 9TH ST,"",,"",39.170446,-86.536107,LOCAL/CITY ROAD,N,URBAN,N,N,N,"",DAYLIGHT,CLEAR,DRY,"",T-INTERSECTION,STRAIGHT/GRADE,ASPHALT,FAILURE TO YIELD RIGHT OF WAY,RIGHT ANGLE,9THSTMORTONST,STOP SIGN
2948,MONROE SD,BLOOMINGTON,2021-01-22T00:00:00,12:53 PM,2,0,0,0,0,"","","",SR 45,S GARRISON CHAPEL RD,"",180,W,39.11071464,-86.638799,STATE ROAD,N,RURAL,N,N,Y,WORK ON SHOULDER,DAYLIGHT,CLEAR,DRY,"",T-INTERSECTION,CURVE/GRADE,ASPHALT,FAILURE TO YIELD RIGHT OF WAY,RIGHT ANGLE,SGARRISONCHAPELRDSR45W,LANE CONTROL
2949,BLOOMINGTON PD,BLOOMINGTON,2021-01-22T00:00:00,2:20 PM,2,0,3,0,0,"","","",SR 45,N JOHN HINKLE PL,"",,"",39.171504,-86.49296,LOCAL/CITY ROAD,N,URBAN,N,N,N,"",DAYLIGHT,CLEAR,DRY,"",FOUR-WAY INTERSECTION,STRAIGHT/LEVEL,ASPHALT,FAILURE TO YIELD RIGHT OF WAY,RIGHT ANGLE,E10THSTNJOHNHINKLEPL,STOP SIGN
2950,BLOOMINGTON PD,BLOOMINGTON,2021-01-22T00:00:00,5:29 PM,2,0,0,0,0,"","","",SR 45/46,I-69 N,"",500,E,0,0,STATE ROAD,N,URBAN,N,N,N,"",DARK (LIGHTED),CLEAR,DRY,"",INTERCHANGE,STRAIGHT/GRADE,ASPHALT,FOLLOWING TOO CLOSELY,REAR END,I69NSR4546W,NONE
2951,MONROE SD,BLOOMINGTON,2021-01-22T00:00:00,5:36 PM,2,0,0,0,0,"","","",S ENDWRIGHT RD,W GIFFORD RD,"",,"",0,0,COUNTY ROAD,N,RURAL,N,N,N,"",DAYLIGHT,CLEAR,DRY,"",T-INTERSECTION,STRAIGHT/LEVEL,ASPHALT,IMPROPER TURNING,HEAD ON BETWEEN TWO MOTOR VEHICLES,ENDWRIGHTRDGIFFORDRD,STOP SIGN
2952,MONROE SD,BLOOMINGTON,2021-01-21T00:00:00,3:37 AM,1,0,2,0,0,"","","",S CHAPEL HILL RD,"","",1000,S,38.92609341,-86.40769133,COUNTY ROAD,N,RURAL,N,N,N,"",DARK (NOT LIGHTED),CLEAR,DRY,"",T-INTERSECTION,CURVE/LEVEL,ASPHALT,RAN OFF ROAD RIGHT,RAN OFF ROAD,CHAPLEHILLRDSTATERD446RD,NONE
2953,MONROE SD,BLOOMINGTON,2021-01-21T00:00:00,7:48 AM,2,0,1,0,0,"","","",SR 46,"","",1020,E,39.20602909,-86.5708597,STATE ROAD,Y,RURAL,N,Y,N,"",DAWN/DUSK,CLEAR,DRY,"",NO JUNCTION INVOLVED,STRAIGHT/GRADE,ASPHALT,FOLLOWING TOO CLOSELY,REAR END,SR46WWARLINGTONRD,LANE CONTROL
2954,BLOOMINGTON PD,BLOOMINGTON,2021-01-21T00:00:00,9:11 AM,3,0,0,0,0,"","","",SR 45/46,E MATLOCK RD,"",,"",39.186032,-86.51984,STATE ROAD,N,URBAN,N,N,N,"",DAYLIGHT,CLEAR,DRY,"",T-INTERSECTION,CURVE/LEVEL,ASPHALT,DRIVER DISTRACTED - EXPLAIN IN NARRATIVE,REAR END,MATLOCKRDSR4546W,TRAFFIC CONTROL SIGNAL
2955,BLOOMINGTON PD,BLOOMINGTON,2021-01-21T00:00:00,12:03 PM,2,0,0,0,0,"","","",S PARK RIDGE RD,E HAGAN ST,"",,"",39.162951,-86.476262,LOCAL/CITY ROAD,N,URBAN,N,N,N,"",DAYLIGHT,CLEAR,DRY,"",FOUR-WAY INTERSECTION,STRAIGHT/LEVEL,ASPHALT,FAILURE TO YIELD RIGHT OF WAY,RIGHT ANGLE,HAGANSTSPARKRIDGEDR,STOP SIGN
2956,MONROE SD,BLOOMINGTON,2021-01-21T00:00:00,12:34 PM,2,0,0,0,0,"","","",S CURRY PIKE,W SIERRA DR,"",50,N,39.1524,-86.582704,LOCAL/CITY ROAD,Y,RURAL,N,N,N,"",DAYLIGHT,CLEAR,DRY,"",NO JUNCTION INVOLVED,STRAIGHT/LEVEL,ASPHALT,UNSAFE LANE MOVEMENT,SAME DIRECTION SIDESWIPE,SOUTHCURRYPIKEWESTSIERRADR,NONE
2957,INDIANA UNIV BLOOMINGTON PD,BLOOMINGTON,2021-01-21T00:00:00,4:40 PM,2,0,0,0,0,"","","",S JORDAN AVE,E 3RD ST,"",,"",39.164263,-86.516394,LOCAL/CITY ROAD,N,URBAN,N,N,N,"",DAYLIGHT,CLEAR,DRY,"",FOUR-WAY INTERSECTION,STRAIGHT/LEVEL,ASPHALT,UNSAFE BACKING,BACKING CRASH,JORDANAVETHIRDST,TRAFFIC CONTROL SIGNAL
2958,ISP BLOOMINGTON 33,BLOOMINGTON,2021-01-21T00:00:00,6:50 PM,2,,0,0,0,"","","",W VERNAL PIKE,N CURRY PIKE,"",0,N,39.179155,-86.583078,LOCAL/CITY ROAD,"",URBAN,N,N,N,"",DARK (LIGHTED),CLEAR,DRY,"",FOUR-WAY INTERSECTION,"",CONCRETE,IMPROPER TURNING,LEFT TURN,WVernalPikeNCurryPike,""
2959,BLOOMINGTON PD,BLOOMINGTON,2021-01-21T00:00:00,10:52 PM,2,0,0,0,0,"","","",E LONGVIEW AVE,N PETE ELLIS DR,"",,"",39.166944,-86.495056,LOCAL/CITY ROAD,N,URBAN,N,N,N,"",DARK (NOT LIGHTED),CLEAR,DRY,"",FOUR-WAY INTERSECTION,STRAIGHT/GRADE,ASPHALT,DISREGARD SIGNAL/REG SIGN,RIGHT ANGLE,ELONGVIEWAVENPETEELLISDR,STOP SIGN
2960,BLOOMINGTON PD,BLOOMINGTON,2021-01-20T00:00:00,1:32 AM,2,0,2,0,0,"","","",S WALNUT ST,"","",800,S,39.04697097,-86.531432,LOCAL/CITY ROAD,N,URBAN,N,N,N,"",DARK (NOT LIGHTED),CLEAR,DRY,"",NO JUNCTION INVOLVED,STRAIGHT/LEVEL,ASPHALT,IMPROPER LANE USAGE,HEAD ON BETWEEN TWO MOTOR VEHICLES,PINEWOODDRSWALNUTST,LANE CONTROL
2961,MONROE SD,BLOOMINGTON,2021-01-20T00:00:00,9:25 AM,1,0,0,0,0,"","","",POINTE CLUB DR,S POINTE VIEW DR,"",,"",39.034385,-86.508552,LOCAL/CITY ROAD,N,RURAL,N,N,N,"",DAYLIGHT,CLEAR,DRY,"",T-INTERSECTION,STRAIGHT/LEVEL,ASPHALT,IMPROPER TURNING,OTHER - EXPLAIN IN NARRATIVE,POINTECLUBDRPOINTEVIEWDR,OTHER
2962,BLOOMINGTON PD,BLOOMINGTON,2021-01-20T00:00:00,10:40 AM,2,0,0,0,0,"","","",W KIRKWOOD AVE,S ROGERS ST,"",,"",39.166672,-86.538608,LOCAL/CITY ROAD,N,URBAN,N,N,N,"",DAYLIGHT,CLEAR,DRY,"",FOUR-WAY INTERSECTION,STRAIGHT/LEVEL,ASPHALT,FAILURE TO YIELD RIGHT OF WAY,RIGHT ANGLE,SOUTHROGERSSTWESTKIRKWOODAVE,TRAFFIC CONTROL SIGNAL
2963,INDIANA UNIV BLOOMINGTON PD,BLOOMINGTON,2021-01-20T00:00:00,11:20 AM,2,0,0,0,0,"","","",E MATLOCK RD,N HEADLEY RD,"",,"",39.1863058,-86.5144626,LOCAL/CITY ROAD,N,URBAN,N,N,N,"",DAYLIGHT,CLEAR,DRY,"",T-INTERSECTION,CURVE/LEVEL,ASPHALT,UNSAFE LANE MOVEMENT,OPPOSITE DIRECTION SIDESWIPE,HEADLYRDMATLOCKRD,NONE
2964,BLOOMINGTON PD,BLOOMINGTON,2021-01-20T00:00:00,12:26 PM,1,0,0,0,0,"","","",SR 45/46,W ARLINGTON RD,"",,"",39.187184,-86.551408,STATE ROAD,N,URBAN,N,N,N,"",DAYLIGHT,CLEAR,DRY,"",RAMP,STRAIGHT/LEVEL,ASPHALT,OTHER (DRIVER) - EXPLAIN IN NARRATIVE,OTHER - EXPLAIN IN NARRATIVE,ARLINGTONRDSR4546W,NONE
2965,ISP BLOOMINGTON 33,BLOOMINGTON,2021-01-20T00:00:00,2:10 PM,2,,1,0,0,"","","",S WALNUT ST,"","",500,S,39.09209935,-86.5443584,STATE ROAD,"",URBAN,N,N,N,"",DAYLIGHT,CLEAR,DRY,"",NO JUNCTION INVOLVED,"",ASPHALT,UNSAFE SPEED,REAR END,WDillmanRdSOldStateRoad37,""
2966,ELLETTSVILLE PD,ELLETTSVILLE,2021-01-20T00:00:00,2:41 PM,2,0,0,0,0,"","","",N HARTSTRAIT RD,SR 46,"",,"",39.227624,-86.615919,LOCAL/CITY ROAD,N,URBAN,N,N,N,"",DAYLIGHT,CLEAR,DRY,"",T-INTERSECTION,STRAIGHT/LEVEL,ASPHALT,OTHER (DRIVER) - EXPLAIN IN NARRATIVE,REAR END,HARTSTRAITRDTEMPERANCEST,TRAFFIC CONTROL SIGNAL
2967,MONROE SD,BLOOMINGTON,2021-01-20T00:00:00,2:56 PM,1,0,0,0,1,"","","",SR 45/46,ENTRANCE TO IU PARKING LOT 10,"",500,E,39.186352,-86.528496,STATE ROAD,N,URBAN,N,N,N,"",DAYLIGHT,CLEAR,DRY,"",NO JUNCTION INVOLVED,STRAIGHT/GRADE,CONCRETE,ANIMAL/OBJECT IN ROADWAY,COLLISION WITH DEER,DUNNSTSR4546E,NONE
2968,BLOOMINGTON PD,BLOOMINGTON,2021-01-20T00:00:00,6:30 PM,2,0,0,0,0,"","","",E ATWATER AVE,S WOODLAWN AVE,"",,"",39.16311,-86.522621,LOCAL/CITY ROAD,N,URBAN,N,N,N,"",DARK (LIGHTED),CLEAR,DRY,"",FOUR-WAY INTERSECTION,STRAIGHT/LEVEL,ASPHALT,IMPROPER TURNING,LEFT/RIGHT TURN,EASTATWATERAVESOUTHWOODLAWNAVE,TRAFFIC CONTROL SIGNAL
2969,INDIANA UNIV BLOOMINGTON PD,BLOOMINGTON,2021-01-20T00:00:00,9:55 PM,1,0,0,0,0,"","","",E 10TH ST,N JEFFERSON ST,"",,"",0,0,LOCAL/CITY ROAD,N,URBAN,N,N,N,"",DARK (NOT LIGHTED),CLEAR,DRY,"",NO JUNCTION INVOLVED,CURVE/LEVEL,ASPHALT,OTHER (DRIVER) - EXPLAIN IN NARRATIVE,OTHER - EXPLAIN IN NARRATIVE,JEFFERSONSTUNIONVILLERD,NONE
2970,MONROE SD,BLOOMINGTON,2021-01-19T00:00:00,6:35 AM,3,0,1,0,0,"","","",SR 46,N SMITH PIKE,"",,"",39.20992,-86.582754,STATE ROAD,N,URBAN,N,N,N,"",DARK (LIGHTED),CLEAR,WET,"",FOUR-WAY INTERSECTION,STRAIGHT/GRADE,ASPHALT,FAILURE TO YIELD RIGHT OF WAY,RIGHT ANGLE,SMITHPIKESR46,TRAFFIC CONTROL SIGNAL
2971,MONROE SD,BLOOMINGTON,2021-01-19T00:00:00,8:06 AM,1,0,0,0,1,"","","",S WALNUT ST,"","",660,S,39.04597087,-86.531219,COUNTY ROAD,N,RURAL,N,N,N,"",DAYLIGHT,CLEAR,WET,"",NO JUNCTION INVOLVED,STRAIGHT/GRADE,ASPHALT,ANIMAL/OBJECT IN ROADWAY,COLLISION WITH DEER,SOUTHOLDSTRD37RDSOUTHORCHARDLN,NONE
2972,INDIANA UNIV BLOOMINGTON PD,BLOOMINGTON,2021-01-19T00:00:00,8:41 AM,3,1,0,0,0,"","","",SR 45/46,E 10TH ST,"",,"",0,0,STATE ROAD,N,URBAN,N,N,N,"",DAYLIGHT,CLEAR,DRY,"",FOUR-WAY INTERSECTION,STRAIGHT/LEVEL,ASPHALT,FOLLOWING TOO CLOSELY,REAR END,SR46UNIONVILLERD,TRAFFIC CONTROL SIGNAL
2973,BLOOMINGTON PD,BLOOMINGTON,2021-01-19T00:00:00,2:56 PM,2,0,2,0,0,"","","",S WALNUT ST PIKE,E ALLENDALE DR,"",,"",39.130944,-86.526688,LOCAL/CITY ROAD,N,URBAN,N,N,N,"",DAYLIGHT,CLEAR,DRY,"",FOUR-WAY INTERSECTION,STRAIGHT/GRADE,ASPHALT,IMPROPER LANE USAGE,OPPOSITE DIRECTION SIDESWIPE,EASTALLENDALEDRSOUTHWALNUTSTREETPIKE,NONE
2974,MONROE SD,BLOOMINGTON,2021-01-18T00:00:00,9:55 AM,1,0,0,0,0,8215,"","",S ROCKPORT RD,"","",500,N,39.09612361,-86.61541,COUNTY ROAD,N,RURAL,N,N,N,"",DAYLIGHT,CLOUDY,ICE,"",NO JUNCTION INVOLVED,CURVE/GRADE,ASPHALT,ROADWAY SURFACE CONDITION,RAN OFF ROAD,8215SROCKPORTRDHARMONYRD,NONE
2975,MONROE SD,BLOOMINGTON,2021-01-18T00:00:00,10:53 AM,1,0,0,0,0,"","","",S HARMONY RD,I-69,"",,"",39.0719726,-86.6278561,COUNTY ROAD,N,RURAL,N,N,N,"",DAYLIGHT,CLOUDY,ICE,"",NO JUNCTION INVOLVED,CURVE/LEVEL,CONCRETE,ROADWAY SURFACE CONDITION,OTHER - EXPLAIN IN NARRATIVE,HARMONYRDI69HWY,LANE CONTROL
2976,BLOOMINGTON PD,BLOOMINGTON,2021-01-18T00:00:00,11:01 AM,2,0,0,0,0,"","","",E WINSLOW RD,S WALNUT ST,"",,"",39.135932,-86.531091,LOCAL/CITY ROAD,N,URBAN,N,N,N,"",DAYLIGHT,CLOUDY,WET,"",FOUR-WAY INTERSECTION,STRAIGHT/LEVEL,ASPHALT,FOLLOWING TOO CLOSELY,REAR END,EWINSLOWRDSWALNUTST,TRAFFIC CONTROL SIGNAL
2977,MONROE SD,BLOOMINGTON,2021-01-17T00:00:00,2:48 PM,1,0,0,0,0,4920,"","",SR 446,"","",1175,S,39.08176247,-86.41925519,STATE ROAD,N,RURAL,N,N,N,"",DAYLIGHT,SNOW,SNOW/SLUSH,"",NO JUNCTION INVOLVED,CURVE/GRADE,CONCRETE,SPEED TOO FAST FOR WEATHER CONDITIONS,RAN OFF ROAD,ERUSHRIDGERDSR446S,NONE
2978,BLOOMINGTON PD,BLOOMINGTON,2021-01-17T00:00:00,3:35 PM,1,0,1,0,0,"","","",I-69 S,"","",50,N,0,0,INTERSTATE,N,URBAN,N,N,N,"",DAYLIGHT,SNOW,WET,"",NO JUNCTION INVOLVED,STRAIGHT/LEVEL,ASPHALT,UNSAFE LANE MOVEMENT,RAN OFF ROAD,I69S119.5,NONE
2979,MONROE SD,BLOOMINGTON,2021-01-17T00:00:00,7:21 PM,1,0,0,0,0,"","","",S SHIELDS RIDGE RD,E RAMP CREEK RD,"",100,S,39.0724216,-86.472918,LOCAL/CITY ROAD,N,RURAL,N,N,N,"",DARK (NOT LIGHTED),BLOWING SAND/SOIL/SNOW,ICE,"",NO JUNCTION INVOLVED,CURVE/LEVEL,ASPHALT,SPEED TOO FAST FOR WEATHER CONDITIONS,RAN OFF ROAD,ERAMPCREEKRDSSHEILDSRIDGERD,NONE
2980,BLOOMINGTON PD,BLOOMINGTON,2021-01-17T00:00:00,11:30 PM,2,0,0,0,0,"","","",N COLLEGE AVE,"","",150,S,39.173232,-86.534752,LOCAL/CITY ROAD,Y,URBAN,N,N,N,"",DARK (LIGHTED),SNOW,WET,"",NO JUNCTION INVOLVED,STRAIGHT/GRADE,ASPHALT,IMPROPER LANE USAGE,SAME DIRECTION SIDESWIPE,11THSTNCOLLEGEAVE,NONE
2981,BLOOMINGTON PD,BLOOMINGTON,2021-01-16T00:00:00,5:38 AM,1,0,1,0,0,"","","",I-69 N,W FULLERTON PIKE,"",500,S,39.06939582,-86.571052,INTERSTATE,N,URBAN,N,N,N,"",DARK (NOT LIGHTED),BLOWING SAND/SOIL/SNOW,SNOW/SLUSH,"",NO JUNCTION INVOLVED,STRAIGHT/LEVEL,ASPHALT,SPEED TOO FAST FOR WEATHER CONDITIONS,RAN OFF ROAD,FULLERTONPIKEI69S,LANE CONTROL
2982,MONROE SD,BLOOMINGTON,2021-01-16T00:00:00,5:44 AM,1,0,0,0,0,"","","",SR 446,"","",,"",39.1122336,-86.4313553,STATE ROAD,N,URBAN,N,N,N,"",DARK (NOT LIGHTED),CLEAR,SNOW/SLUSH,"",NO JUNCTION INVOLVED,CURVE/GRADE,ASPHALT,OVERCORRECTING/OVERSTEERING,RAN OFF ROAD,SOLDRICHARDSONRDSR446,LANE CONTROL
2983,ISP BLOOMINGTON 33,BLOOMINGTON,2021-01-16T00:00:00,7:00 AM,1,,0,0,0,"","","",I-69 S,W TAPP RD,"",686,E,39.13406412,-86.5732198,INTERSTATE,"",URBAN,N,N,N,"",DARK (LIGHTED),SNOW,ICE,"",NO JUNCTION INVOLVED,"",ASPHALT,SPEED TOO FAST FOR WEATHER CONDITIONS,RAN OFF ROAD,WIndianCreekDrI-69,""
2984,ISP BLOOMINGTON 33,BLOOMINGTON,2021-01-16T00:00:00,8:55 AM,2,,0,0,0,"","","",S WALNUT ST,"","",950,S,39.11728905,-86.53128094,COUNTY ROAD,"",RURAL,N,N,N,"",DAYLIGHT,SNOW,SNOW/SLUSH,"",NO JUNCTION INVOLVED,"",ASPHALT,FOLLOWING TOO CLOSELY,REAR END,SOrchardLnSOldStateRoad37,""
2985,ISP BLOOMINGTON 33,BLOOMINGTON,2021-01-16T00:00:00,9:20 AM,1,,0,0,0,"","","",SR 446,S SWARTZ RIDGE RD,"",0,W,39.12953964,-86.44698226,STATE ROAD,"",RURAL,N,N,N,"",DAYLIGHT,CLOUDY,SNOW/SLUSH,"",T-INTERSECTION,"",ASPHALT,"","",StateRd446SSwartzRidgeRd,""
2986,BLOOMINGTON PD,BLOOMINGTON,2021-01-16T00:00:00,11:40 AM,2,0,0,0,0,"","","",SR 45,N PETE ELLIS DR,"",,"",39.171504,-86.495312,LOCAL/CITY ROAD,N,URBAN,N,N,N,"",DAYLIGHT,CLOUDY,WET,"",FOUR-WAY INTERSECTION,STRAIGHT/LEVEL,ASPHALT,IMPROPER LANE USAGE,REAR END,10THSTPETEELLISDR,TRAFFIC CONTROL SIGNAL
2987,MONROE SD,BLOOMINGTON,2021-01-16T00:00:00,1:43 PM,2,0,0,0,0,6465,"","",W RATLIFF RD,"","",,"",39.210991,-86.621071,LOCAL/CITY ROAD,Y,RURAL,N,N,N,"",UNKNOWN,CLEAR,DRY,"",NO JUNCTION INVOLVED,STRAIGHT/LEVEL,GRAVEL,UNSAFE BACKING,SAME DIRECTION SIDESWIPE,WRATLIFFRD,NONE
2988,BLOOMINGTON PD,BLOOMINGTON,2021-01-16T00:00:00,2:14 PM,2,1,0,0,0,"","","",E 10TH ST,N LINCOLN ST,"",,"",39.171712,-86.530992,LOCAL/CITY ROAD,N,URBAN,N,N,N,"",DAYLIGHT,BLOWING SAND/SOIL/SNOW,WET,"",FOUR-WAY INTERSECTION,STRAIGHT/GRADE,ASPHALT,FAILURE TO YIELD RIGHT OF WAY,LEFT TURN,E10THSTNLINCOLNST,STOP SIGN
2989,MONROE SD,BLOOMINGTON,2021-01-16T00:00:00,3:28 PM,1,0,1,0,0,"","","",S VICTOR PIKE,"","",750,S,39.00663828,-86.566236,LOCAL/CITY ROAD,N,RURAL,N,N,N,"",DAYLIGHT,CLEAR,DRY,"",T-INTERSECTION,CURVE/LEVEL,ASPHALT,RAN OFF ROAD RIGHT,RAN OFF ROAD,SVICTORPIKEWTRAMWAYRD,NONE
2990,BLOOMINGTON PD,BLOOMINGTON,2021-01-16T00:00:00,5:07 PM,2,0,0,0,0,"","","",E 3RD ST,S HIGH ST,"",,"",39.164352,-86.508288,LOCAL/CITY ROAD,N,URBAN,N,N,N,"",DAYLIGHT,SNOW,WET,"",NO JUNCTION INVOLVED,STRAIGHT/LEVEL,ASPHALT,FAILURE TO YIELD RIGHT OF WAY,LEFT TURN,E3RDSTSHIGHST,TRAFFIC CONTROL SIGNAL
2991,BLOOMINGTON PD,BLOOMINGTON,2021-01-16T00:00:00,5:56 PM,1,0,0,0,0,"","","",E ROGERS RD,S THE STANDS DR,"",100,W,39.1364,-86.504896,LOCAL/CITY ROAD,N,URBAN,N,N,N,"",DARK (NOT LIGHTED),SNOW,WET,"",NO JUNCTION INVOLVED,STRAIGHT/GRADE,ASPHALT,SPEED TOO FAST FOR WEATHER CONDITIONS,RAN OFF ROAD,EROGERSRDTHESTANDSDR,NONE
2992,BLOOMINGTON PD,BLOOMINGTON,2021-01-16T00:00:00,11:32 PM,2,0,1,1,0,"","","",N MADISON ST,W 17TH ST,"",,"",39.178992,-86.537792,LOCAL/CITY ROAD,Y,URBAN,N,N,N,"",DARK (LIGHTED),SNOW,WET,"",FOUR-WAY INTERSECTION,STRAIGHT/LEVEL,ASPHALT,OTHER (DRIVER) - EXPLAIN IN NARRATIVE,RIGHT ANGLE,17THSTMADISONST,TRAFFIC CONTROL SIGNAL
2993,BLOOMINGTON PD,BLOOMINGTON,2021-01-15T00:00:00,12:00 AM,2,0,0,0,0,"","","",W 16TH ST,N MADISON ST,"",,"",39.177744,-86.53776,LOCAL/CITY ROAD,Y,URBAN,N,N,N,"",DARK (NOT LIGHTED),CLEAR,DRY,"",NO JUNCTION INVOLVED,STRAIGHT/LEVEL,CONCRETE,"","",NMADISONSTW16THST,NONE
2994,ELLETTSVILLE PD,ELLETTSVILLE,2021-01-15T00:00:00,11:32 AM,2,0,0,0,0,"","","",SR 46,N BRIAR GATE DR,"",100,W,39.216569,-86.59632534,STATE ROAD,N,URBAN,N,N,N,"",DAYLIGHT,CLEAR,DRY,"",NO JUNCTION INVOLVED,STRAIGHT/LEVEL,ASPHALT,FAILURE TO YIELD RIGHT OF WAY,SAME DIRECTION SIDESWIPE,BRIARGATEDRSR46W,LANE CONTROL
2995,ELLETTSVILLE PD,ELLETTSVILLE,2021-01-15T00:00:00,1:36 PM,2,0,0,0,0,"","","",SR 46,"","",400,E,39.266807,-86.66576866,STATE ROAD,Y,"",N,N,N,"",DAYLIGHT,CLEAR,DRY,"",NO JUNCTION INVOLVED,STRAIGHT/LEVEL,ASPHALT,INSECURE/LEAKY LOAD,OTHER - EXPLAIN IN NARRATIVE,SR46WSTINESVILLERD,LANE CONTROL
2996,BLOOMINGTON PD,BLOOMINGTON,2021-01-15T00:00:00,2:10 PM,2,0,0,0,0,"","","",W 3RD ST,S FRANKLIN RD,"",,"",39.164688,-86.5712,LOCAL/CITY ROAD,N,URBAN,N,N,N,"",DAYLIGHT,CLEAR,DRY,"",FOUR-WAY INTERSECTION,STRAIGHT/LEVEL,ASPHALT,FAILURE TO YIELD RIGHT OF WAY,RIGHT ANGLE,SFRANKLINDRW3RDST,TRAFFIC CONTROL SIGNAL
2997,MONROE SD,BLOOMINGTON,2021-01-15T00:00:00,6:27 PM,2,0,2,0,0,"","","",S GARRISON CHAPEL RD,W ELLER RD,"",,"",39.122416,-86.64296,LOCAL/CITY ROAD,N,RURAL,N,N,N,"",DARK (NOT LIGHTED),SNOW,WET,"",T-INTERSECTION,STRAIGHT/GRADE,CONCRETE,SPEED TOO FAST FOR WEATHER CONDITIONS,RIGHT ANGLE,SGARRISONCHAPELRDWELLERRD,STOP SIGN
2998,ELLETTSVILLE PD,ELLETTSVILLE,2021-01-15T00:00:00,7:07 PM,2,0,0,0,0,4179,"","",N THOMAS RD,ENTRANCE TO 4179,"",500,S,39.16354574,-86.630402,COUNTY ROAD,Y,RURAL,N,N,N,"",DARK (LIGHTED),CLEAR,WET,"",NO JUNCTION INVOLVED,STRAIGHT/GRADE,ASPHALT,FAILURE TO YIELD RIGHT OF WAY,OTHER - EXPLAIN IN NARRATIVE,RATLIFFRDTHOMASRD,NONE